,dataset_name,phenotype,cleaned_phenotype,condition_clause,cell_type,cell_line,screen_type,library_methodology,screen_category,num_genes,author,source_id,split,n_hits,n_pos,n_neg,cluster,name
0,1,increases drug resistance as measured by increased cell proliferation,Drug / Chemical / Environmental Response, under Etoposide treatment (130.0 nM),Chronic Myeloid Leukemia Cell Line,KBM-7,Positive Selection,Knockout,unidirectional,7100,Wang T (2014),24336569,train,5,5,0,18,"Fitness/Viability · Hepatoma · CDK11B, PRP4K, STK11"
1,2,increases drug resistance as measured by increased cell proliferation,Drug / Chemical / Environmental Response, under Etoposide treatment (200.0 nM),Acute Myeloid Leukemia Cell Line,HL-60,Positive Selection,Knockout,unidirectional,7100,Wang T (2014),24336569,train,3,3,0,18,"Fitness/Viability · Hepatoma · CDK11B, PRP4K, STK11"
2,5,decreases cell proliferation,Fitness / Proliferation / Viability,,Chronic Myeloid Leukemia Cell Line,K-562,Negative Selection,Inhibition,unidirectional,15929,Gilbert LA (2014),25307932,train,1343,1343,0,12,"Fitness/Viability · Cancer · MRPS33, PDSS1, ISCA1"
3,6,decreases cell proliferation,Fitness / Proliferation / Viability,,Chronic Myeloid Leukemia Cell Line,K-562,Negative Selection,Activation,unidirectional,15930,Gilbert LA (2014),25307932,train,142,142,0,17,"Reporter/Pathway activity · T cell · UBASH3A, FOXL2NB, FOXA3"
4,16,decreases cell proliferation,Fitness / Proliferation / Viability,,Colorectal Cancer Cell Line,HCT 116,Negative Selection,Knockout,unidirectional,17587,Hart T (2015),26627737,train,2071,2071,0,1,"Fitness/Viability · Melanoma · C1QBP, NDUFA10, PET117"
5,17,decreases cell proliferation,Fitness / Proliferation / Viability,,Cervical Adenocarcinoma Cell Line,HeLa,Negative Selection,Knockout,unidirectional,17605,Hart T (2015),26627737,train,1695,1695,0,1,"Fitness/Viability · Melanoma · C1QBP, NDUFA10, PET117"
6,18,impacts cell proliferation,Fitness / Proliferation / Viability,,Chronic Myeloid Leukemia Cell Line,K-562,Negative Selection,Knockout,recovered_bidirectional,18454,Morgens DW (2016),27159373,train,1876,1876,0,1,"Fitness/Viability · Melanoma · C1QBP, NDUFA10, PET117"
7,27,decreases cell proliferation,Fitness / Proliferation / Viability,,Glioblastoma Cell Line,143B,Negative Selection,Knockout,unidirectional,17173,Hart T (2015),26627737,train,2195,2195,0,1,"Fitness/Viability · Melanoma · C1QBP, NDUFA10, PET117"
8,28,decreases cell proliferation,Fitness / Proliferation / Viability,,Retinal Pigment Epithelium Cell Line,hTERT-RPE1,Negative Selection,Knockout,unidirectional,17170,Hart T (2015),26627737,train,2036,2036,0,1,"Fitness/Viability · Melanoma · C1QBP, NDUFA10, PET117"
9,29,decreases cell proliferation,Fitness / Proliferation / Viability,,Colonic Adenocarcinoma Cell Line,DLD-1,Negative Selection,Knockout,unidirectional,17177,Hart T (2015),26627737,train,1892,1892,0,1,"Fitness/Viability · Melanoma · C1QBP, NDUFA10, PET117"
10,66,decreases cell proliferation,Fitness / Proliferation / Viability,,Eosinophilic Leukemia Cell Line,EoL-1,Negative Selection,Knockout,unidirectional,18580,Wang T (2017),28162770,train,2426,2426,0,9,"Fitness/Viability · Acute Myeloid Leukemia · SPDYE5, WASHC1, GOLGA8O"
11,67,decreases cell proliferation,Fitness / Proliferation / Viability,,Erythroleukemia Cell Line,HEL,Negative Selection,Knockout,unidirectional,18580,Wang T (2017),28162770,train,2711,2711,0,9,"Fitness/Viability · Acute Myeloid Leukemia · SPDYE5, WASHC1, GOLGA8O"
12,68,decreases cell proliferation,Fitness / Proliferation / Viability,,Acute Myeloid Leukemia Cell Line,MOLM-13,Negative Selection,Knockout,unidirectional,18580,Wang T (2017),28162770,train,3473,3473,0,9,"Fitness/Viability · Acute Myeloid Leukemia · SPDYE5, WASHC1, GOLGA8O"
13,69,decreases cell proliferation,Fitness / Proliferation / Viability,,Monocytic Leukemia Cell Line,Mono-Mac-1,Negative Selection,Knockout,unidirectional,18580,Wang T (2017),28162770,train,1921,1921,0,9,"Fitness/Viability · Acute Myeloid Leukemia · SPDYE5, WASHC1, GOLGA8O"
14,70,decreases cell proliferation,Fitness / Proliferation / Viability,,Acute Myeloid Leukemia Cell Line,MV4-11,Negative Selection,Knockout,unidirectional,18580,Wang T (2017),28162770,train,2502,2502,0,9,"Fitness/Viability · Acute Myeloid Leukemia · SPDYE5, WASHC1, GOLGA8O"
15,73,decreases cell proliferation,Fitness / Proliferation / Viability,,Acute Myeloid Leukemia Cell Line,OCI-AML-2,Negative Selection,Knockout,unidirectional,18580,Wang T (2017),28162770,train,2379,2379,0,9,"Fitness/Viability · Acute Myeloid Leukemia · SPDYE5, WASHC1, GOLGA8O"
16,74,decreases cell proliferation,Fitness / Proliferation / Viability,,Acute Myeloid Leukemia Cell Line,OCI-AML-3,Negative Selection,Knockout,unidirectional,18580,Wang T (2017),28162770,train,2142,2142,0,9,"Fitness/Viability · Acute Myeloid Leukemia · SPDYE5, WASHC1, GOLGA8O"
17,75,decreases cell proliferation,Fitness / Proliferation / Viability,,Acute Myeloid Leukemia Cell Line,OCI-AML-5,Negative Selection,Knockout,unidirectional,18580,Wang T (2017),28162770,train,2940,2940,0,9,"Fitness/Viability · Acute Myeloid Leukemia · SPDYE5, WASHC1, GOLGA8O"
18,76,decreases cell proliferation,Fitness / Proliferation / Viability,,Lymphoma or Leukaemia Cell Line,P31/FUJ,Negative Selection,Knockout,unidirectional,18580,Wang T (2017),28162770,train,2303,2303,0,9,"Fitness/Viability · Acute Myeloid Leukemia · SPDYE5, WASHC1, GOLGA8O"
19,77,decreases cell proliferation,Fitness / Proliferation / Viability,,Lymphoma or Leukaemia Cell Line,PL-21,Negative Selection,Knockout,unidirectional,18580,Wang T (2017),28162770,train,2034,2034,0,9,"Fitness/Viability · Acute Myeloid Leukemia · SPDYE5, WASHC1, GOLGA8O"
20,78,decreases cell proliferation,Fitness / Proliferation / Viability,,Lymphoma or Leukaemia Cell Line,SKM-1,Negative Selection,Knockout,unidirectional,18580,Wang T (2017),28162770,train,2102,2102,0,9,"Fitness/Viability · Acute Myeloid Leukemia · SPDYE5, WASHC1, GOLGA8O"
21,79,decreases cell proliferation,Fitness / Proliferation / Viability,,Erythroleukemia Cell Line,TF-1,Negative Selection,Knockout,unidirectional,18580,Wang T (2017),28162770,train,3478,3478,0,9,"Fitness/Viability · Acute Myeloid Leukemia · SPDYE5, WASHC1, GOLGA8O"
22,80,decreases cell proliferation,Fitness / Proliferation / Viability,,Monocytic Leukemia Cell Line,THP-1,Negative Selection,Knockout,unidirectional,18580,Wang T (2017),28162770,train,2811,2811,0,9,"Fitness/Viability · Acute Myeloid Leukemia · SPDYE5, WASHC1, GOLGA8O"
23,85,increases drug resistance as measured by increased cell proliferation in response to the chemical,Drug / Chemical / Environmental Response, under Trametinib treatment (24 nM),Lung Cancer Cell Line,HCC364,Positive Selection,Knockout,unidirectional,19684,Krall EB (2017),28145866,train,40,40,0,3,"Drug/Chemical response · Retinal Pigment Epithelium · PDCD10, NF2, TAOK1"
24,100,increases drug resistance as measured by increased cell proliferation,Drug / Chemical / Environmental Response, under Trametinib treatment (50 nM),Lung Cancer Cell Line,Calu-1,Positive Selection,Knockout,unidirectional,19498,Krall EB (2017),28145866,train,84,84,0,3,"Drug/Chemical response · Retinal Pigment Epithelium · PDCD10, NF2, TAOK1"
25,101,increases drug resistance as measured by increased cell proliferation,Drug / Chemical / Environmental Response, under Trametinib treatment (1.5 µM),Lung Cancer Cell Line,NCI-H1299,Positive Selection,Knockout,unidirectional,19944,Krall EB (2017),28145866,train,10,10,0,4,"Drug/Chemical response · Chronic Myelogenous Leukemia · FBXW7, STUB1, RNF7"
26,102,increases drug resistance as measured by increased cell proliferation,Drug / Chemical / Environmental Response, under Vemurafenib treatment (6.25 µM),Lung Cancer Cell Line,HCC364,Positive Selection,Knockout,unidirectional,19753,Krall EB (2017),28145866,train,14,14,0,3,"Drug/Chemical response · Retinal Pigment Epithelium · PDCD10, NF2, TAOK1"
27,103,decreases cell proliferation,Fitness / Proliferation / Viability,,Chronic Myeloid Leukemia Cell Line,KBM-7,Negative Selection,Knockout,unidirectional,7100,Wang T (2014),24336569,train,321,321,0,14,"Fitness/Viability · Oral Squamous Cell Carcinoma · TUBB4B, LAS1L, PGK1"
28,104,decreases cell proliferation,Fitness / Proliferation / Viability,,Acute Myeloid Leukemia Cell Line,HL-60,Negative Selection,Knockout,unidirectional,7100,Wang T (2014),24336569,train,59,59,0,14,"Fitness/Viability · Oral Squamous Cell Carcinoma · TUBB4B, LAS1L, PGK1"
29,141,decreases cell proliferation,Fitness / Proliferation / Viability,,Pancreatic Adenocarcinoma Cell Line,HPAF-II,Negative Selection,Knockout,unidirectional,17179,Steinhart Z (2017),27869803,train,2172,2172,0,1,"Fitness/Viability · Melanoma · C1QBP, NDUFA10, PET117"
30,142,decreases cell proliferation (cell fitness),Fitness / Proliferation / Viability,,Pancreatic Adenocarcinoma Cell Line,PaTu 8988s,Negative Selection,Knockout,unidirectional,17179,Steinhart Z (2017),27869803,train,2070,2070,0,1,"Fitness/Viability · Melanoma · C1QBP, NDUFA10, PET117"
31,143,decreases cell proliferation,Fitness / Proliferation / Viability,,Pancreatic Adenocarcinoma Cell Line,AsPC-1,Negative Selection,Knockout,unidirectional,17179,Steinhart Z (2017),27869803,train,935,935,0,14,"Fitness/Viability · Oral Squamous Cell Carcinoma · TUBB4B, LAS1L, PGK1"
32,149,decreases cell proliferation,Fitness / Proliferation / Viability,,Chronic Myeloid Leukemia Cell Line,KBM-7,Negative Selection,Knockout,unidirectional,18110,Wang T (2015),26472758,train,1873,1873,0,9,"Fitness/Viability · Acute Myeloid Leukemia · SPDYE5, WASHC1, GOLGA8O"
33,150,decreases cell proliferation,Fitness / Proliferation / Viability,,Chronic Myeloid Leukemia Cell Line,K-562,Negative Selection,Knockout,unidirectional,18110,Wang T (2015),26472758,train,1654,1654,0,9,"Fitness/Viability · Acute Myeloid Leukemia · SPDYE5, WASHC1, GOLGA8O"
34,151,decreases cell proliferation,Fitness / Proliferation / Viability,,Burkitt Lymphoma Cell Line,Jiyoye,Negative Selection,Knockout,unidirectional,18110,Wang T (2015),26472758,train,1628,1628,0,9,"Fitness/Viability · Acute Myeloid Leukemia · SPDYE5, WASHC1, GOLGA8O"
35,152,decreases cell proliferation,Fitness / Proliferation / Viability,,Burkitt Lymphoma Cell Line,Raji,Negative Selection,Knockout,unidirectional,18110,Wang T (2015),26472758,train,1462,1462,0,9,"Fitness/Viability · Acute Myeloid Leukemia · SPDYE5, WASHC1, GOLGA8O"
36,153,decreases cell proliferation,Fitness / Proliferation / Viability,,Pre-B Acute Lymphoblastic Leukemia Cell Line,NALM-6,Negative Selection,Knockout,unidirectional,18825,Bertomeu T (2017),29038160,train,2233,2233,0,9,"Fitness/Viability · Acute Myeloid Leukemia · SPDYE5, WASHC1, GOLGA8O"
37,154,decreases cell proliferation,Fitness / Proliferation / Viability,,Colonic Adenocarcinoma Cell Line,HT-29,Negative Selection,Knockout,unidirectional,17966,Tzelepis K (2016),27760321,train,2149,2149,0,12,"Fitness/Viability · Cancer · MRPS33, PDSS1, ISCA1"
38,155,decreases cell proliferation,Fitness / Proliferation / Viability,,Acute Myeloid Leukemia Cell Line,HL-60,Negative Selection,Knockout,unidirectional,17966,Tzelepis K (2016),27760321,train,1277,1277,0,14,"Fitness/Viability · Oral Squamous Cell Carcinoma · TUBB4B, LAS1L, PGK1"
39,156,decreases cell proliferation,Fitness / Proliferation / Viability,,Fibrosarcoma Cell Line,HT-1080,Negative Selection,Knockout,unidirectional,17966,Tzelepis K (2016),27760321,train,1729,1729,0,12,"Fitness/Viability · Cancer · MRPS33, PDSS1, ISCA1"
40,172,decreases BMP-2 signaling pathway activity as measured by decreased reporter expression,Molecular Output / Reporter / Pathway Activity, under Bone morphogenetic protein 2 (BMP-2) treatment,Embryonic Kidney Cell Line,HEK-293,Phenotype Screen,Knockout,unidirectional,18568,Riba A (2017),28215525,train,170,170,0,1,"Fitness/Viability · Melanoma · C1QBP, NDUFA10, PET117"
41,173,increases BMP-2 signaling activity as measured by increased reporter expression,Molecular Output / Reporter / Pathway Activity, under Bone morphogenetic protein 2 (BMP-2) treatment,Embryonic Kidney Cell Line,HEK-293,Phenotype Screen,Knockout,unidirectional,18568,Riba A (2017),28215525,train,176,176,0,3,"Drug/Chemical response · Retinal Pigment Epithelium · PDCD10, NF2, TAOK1"
42,174,decreases NFkB signaling as measured by reduced reporter expression,Molecular Output / Reporter / Pathway Activity, under Interleukin-1 β treatment (0.003 ng/mL),Embryonic Kidney Cell Line,HEK-293,Phenotype Screen,Knockout,unidirectional,18569,Riba A (2017),28215525,train,319,319,0,1,"Fitness/Viability · Melanoma · C1QBP, NDUFA10, PET117"
43,175,increases NFkB signaling activity as measured by increased NFkB reporter expression,Molecular Output / Reporter / Pathway Activity, under Interleukin-1 β treatment (0.003 ng/mL),Embryonic Kidney Cell Line,HEK-293,Phenotype Screen,Knockout,unidirectional,18569,Riba A (2017),28215525,train,171,171,0,25,"Reporter/Pathway activity · Chronic Myeloid Leukemia · ATG14, WIPI2, WDR45"
44,176,decreases NFkB signaling activity as measured by reporter expression,Molecular Output / Reporter / Pathway Activity, under Interleukin-1 β treatment (0.3 ng/mL),Embryonic Kidney Cell Line,HEK-293,Phenotype Screen,Knockout,unidirectional,18569,Riba A (2017),28215525,train,371,371,0,1,"Fitness/Viability · Melanoma · C1QBP, NDUFA10, PET117"
45,177,increases NFkB signaling activity as measured by increased NFkB reporter expression,Molecular Output / Reporter / Pathway Activity, under Interleukin-1 β treatment (0.3 ng/mL),Embryonic Kidney Cell Line,HEK-293,Phenotype Screen,Knockout,unidirectional,18569,Riba A (2017),28215525,train,111,111,0,25,"Reporter/Pathway activity · Chronic Myeloid Leukemia · ATG14, WIPI2, WDR45"
46,179,decreases cell proliferation,Fitness / Proliferation / Viability,,Osteosarcoma Cell Line,143B,Negative Selection,Knockout,unidirectional,17635,Meyers RM (2017),29083409,train,1964,1964,0,1,"Fitness/Viability · Melanoma · C1QBP, NDUFA10, PET117"
47,180,decreases cell proliferation,Fitness / Proliferation / Viability,,Urinary Bladder Cancer Cell Line,5637,Negative Selection,Knockout,unidirectional,17635,Meyers RM (2017),29083409,train,2057,2057,0,13,"Fitness/Viability · Cancer · ZFP90, CHGA, ARRB1"
48,181,decreases cell proliferation,Fitness / Proliferation / Viability,,Anaplastic Thyroid Cancer Cell Line,8305C,Negative Selection,Knockout,unidirectional,17635,Meyers RM (2017),29083409,train,1916,1916,0,5,"Fitness/Viability · Cancer · OR5K2, SDC1, NBEAL1"
49,184,decreases cell proliferation,Fitness / Proliferation / Viability,,Melanoma Cell Line,A2058,Negative Selection,Knockout,unidirectional,17635,Meyers RM (2017),29083409,train,1975,1975,0,5,"Fitness/Viability · Cancer · OR5K2, SDC1, NBEAL1"
50,185,decreases cell proliferation,Fitness / Proliferation / Viability,,Ovarian Cancer Cell Line,A2780,Negative Selection,Knockout,unidirectional,17635,Meyers RM (2017),29083409,train,2075,2075,0,1,"Fitness/Viability · Melanoma · C1QBP, NDUFA10, PET117"
51,186,decreases cell proliferation,Fitness / Proliferation / Viability,,Lung Cancer Cell Line,A-549,Negative Selection,Knockout,unidirectional,17635,Meyers RM (2017),29083409,train,1940,1940,0,7,"Fitness/Viability · Neuroblastoma · GSTT2B, MTRNR2L8, ARGFX"
52,187,decreases cell proliferation,Fitness / Proliferation / Viability,,Gastric Adenocarcinoma Cell Line,AGS,Negative Selection,Knockout,unidirectional,17635,Meyers RM (2017),29083409,train,1996,1996,0,13,"Fitness/Viability · Cancer · ZFP90, CHGA, ARRB1"
53,188,decreases cell proliferation,Fitness / Proliferation / Viability,,Breast Cancer Cell Line,AU565,Negative Selection,Knockout,unidirectional,17635,Meyers RM (2017),29083409,train,1902,1902,0,7,"Fitness/Viability · Neuroblastoma · GSTT2B, MTRNR2L8, ARGFX"
54,189,decreases cell proliferation,Fitness / Proliferation / Viability,,Oral Squamous Cell Carcinoma Cell Line,BHY,Negative Selection,Knockout,unidirectional,17635,Meyers RM (2017),29083409,train,1838,1838,0,5,"Fitness/Viability · Cancer · OR5K2, SDC1, NBEAL1"
55,190,decreases cell proliferation,Fitness / Proliferation / Viability,,Tongue Cancer Cell Line,CAL-27,Negative Selection,Knockout,unidirectional,17635,Meyers RM (2017),29083409,train,1986,1986,0,13,"Fitness/Viability · Cancer · ZFP90, CHGA, ARRB1"
56,191,decreases cell proliferation,Fitness / Proliferation / Viability,,Ovarian Cancer Cell Line,Caov-3,Negative Selection,Knockout,unidirectional,17635,Meyers RM (2017),29083409,train,1674,1674,0,5,"Fitness/Viability · Cancer · OR5K2, SDC1, NBEAL1"
57,192,decreases cell proliferation,Fitness / Proliferation / Viability,,Glioblastoma Cell Line,YKG-1,Negative Selection,Knockout,unidirectional,17635,Meyers RM (2017),29083409,train,2185,2185,0,1,"Fitness/Viability · Melanoma · C1QBP, NDUFA10, PET117"
58,193,decreases cell proliferation,Fitness / Proliferation / Viability,,Cancer Cell Line,YAPC,Negative Selection,Knockout,unidirectional,17635,Meyers RM (2017),29083409,train,1878,1878,0,5,"Fitness/Viability · Cancer · OR5K2, SDC1, NBEAL1"
59,194,decreases cell proliferation,Fitness / Proliferation / Viability,,Melanoma Cell Line,WM793,Negative Selection,Knockout,unidirectional,17635,Meyers RM (2017),29083409,train,1981,1981,0,5,"Fitness/Viability · Cancer · OR5K2, SDC1, NBEAL1"
60,195,decreases cell proliferation,Fitness / Proliferation / Viability,,Melanoma Cell Line,WM266-4,Negative Selection,Knockout,unidirectional,17635,Meyers RM (2017),29083409,train,2083,2083,0,1,"Fitness/Viability · Melanoma · C1QBP, NDUFA10, PET117"
61,196,decreases cell proliferation,Fitness / Proliferation / Viability,,Melanoma Cell Line,WM115,Negative Selection,Knockout,unidirectional,17635,Meyers RM (2017),29083409,train,1581,1581,0,7,"Fitness/Viability · Neuroblastoma · GSTT2B, MTRNR2L8, ARGFX"
62,197,decreases cell proliferation,Fitness / Proliferation / Viability,,Melanoma Cell Line,UACC-62,Negative Selection,Knockout,unidirectional,17635,Meyers RM (2017),29083409,train,1909,1909,0,1,"Fitness/Viability · Melanoma · C1QBP, NDUFA10, PET117"
63,198,decreases cell proliferation,Fitness / Proliferation / Viability,,Melanoma Cell Line,UACC-257,Negative Selection,Knockout,unidirectional,17635,Meyers RM (2017),29083409,train,1755,1755,0,1,"Fitness/Viability · Melanoma · C1QBP, NDUFA10, PET117"
64,199,decreases cell proliferation,Fitness / Proliferation / Viability,,Lymphoma Cell Line,U-937,Negative Selection,Knockout,unidirectional,17635,Meyers RM (2017),29083409,train,2373,2373,0,1,"Fitness/Viability · Melanoma · C1QBP, NDUFA10, PET117"
65,200,decreases cell proliferation,Fitness / Proliferation / Viability,,Glioblastoma Cell Line,U-87MG ATCC,Negative Selection,Knockout,unidirectional,17635,Meyers RM (2017),29083409,train,1554,1554,0,7,"Fitness/Viability · Neuroblastoma · GSTT2B, MTRNR2L8, ARGFX"
66,201,decreases cell proliferation,Fitness / Proliferation / Viability,,Glioma Cell Line,U-343MGa,Negative Selection,Knockout,unidirectional,17635,Meyers RM (2017),29083409,train,1945,1945,0,5,"Fitness/Viability · Cancer · OR5K2, SDC1, NBEAL1"
67,202,decreases cell proliferation,Fitness / Proliferation / Viability,,Osteosarcoma Cell Line,U2OS,Negative Selection,Knockout,unidirectional,17635,Meyers RM (2017),29083409,train,2109,2109,0,1,"Fitness/Viability · Melanoma · C1QBP, NDUFA10, PET117"
68,203,decreases cell proliferation,Fitness / Proliferation / Viability,,Glioma Cell Line,U-251MG,Negative Selection,Knockout,unidirectional,17635,Meyers RM (2017),29083409,train,1984,1984,0,13,"Fitness/Viability · Cancer · ZFP90, CHGA, ARRB1"
69,204,decreases cell proliferation,Fitness / Proliferation / Viability,,Renal Cell Carcinoma Cell Line,TUHR4TKB,Negative Selection,Knockout,unidirectional,17635,Meyers RM (2017),29083409,train,1656,1656,0,5,"Fitness/Viability · Cancer · OR5K2, SDC1, NBEAL1"
70,205,decreases cell proliferation,Fitness / Proliferation / Viability,,Renal Cell Carcinoma Cell Line,TUHR10TKB,Negative Selection,Knockout,unidirectional,17635,Meyers RM (2017),29083409,train,1243,1243,0,5,"Fitness/Viability · Cancer · OR5K2, SDC1, NBEAL1"
71,206,decreases cell proliferation,Fitness / Proliferation / Viability,,Monocytic Leukemia Cell Line,THP-1,Negative Selection,Knockout,unidirectional,17635,Meyers RM (2017),29083409,train,1921,1921,0,1,"Fitness/Viability · Melanoma · C1QBP, NDUFA10, PET117"
72,207,decreases cell proliferation,Fitness / Proliferation / Viability,,Glioblastoma Cell Line,8-MG-BA,Negative Selection,Knockout,unidirectional,17635,Meyers RM (2017),29083409,train,1744,1744,0,7,"Fitness/Viability · Neuroblastoma · GSTT2B, MTRNR2L8, ARGFX"
73,208,decreases cell proliferation,Fitness / Proliferation / Viability,,Glioblastoma Cell Line,42-MG-BA,Negative Selection,Knockout,unidirectional,17635,Meyers RM (2017),29083409,train,1947,1947,0,13,"Fitness/Viability · Cancer · ZFP90, CHGA, ARRB1"
74,209,decreases cell proliferation,Fitness / Proliferation / Viability,,Ovarian Cancer Cell Line,59M,Negative Selection,Knockout,unidirectional,17635,Meyers RM (2017),29083409,train,1891,1891,0,5,"Fitness/Viability · Cancer · OR5K2, SDC1, NBEAL1"
75,210,decreases cell proliferation,Fitness / Proliferation / Viability,,Cancer Cell Line,639V,Negative Selection,Knockout,unidirectional,17635,Meyers RM (2017),29083409,train,1962,1962,0,13,"Fitness/Viability · Cancer · ZFP90, CHGA, ARRB1"
76,211,decreases cell proliferation,Fitness / Proliferation / Viability,,Cancer Cell Line,647V,Negative Selection,Knockout,unidirectional,17635,Meyers RM (2017),29083409,train,1962,1962,0,13,"Fitness/Viability · Cancer · ZFP90, CHGA, ARRB1"
77,212,decreases cell proliferation,Fitness / Proliferation / Viability,,Cancer Cell Line,769-P,Negative Selection,Knockout,unidirectional,17635,Meyers RM (2017),29083409,train,1944,1944,0,5,"Fitness/Viability · Cancer · OR5K2, SDC1, NBEAL1"
78,213,decreases cell proliferation,Fitness / Proliferation / Viability,,Renal Cell Carcinoma Cell Line,786-O,Negative Selection,Knockout,unidirectional,17635,Meyers RM (2017),29083409,train,2095,2095,0,13,"Fitness/Viability · Cancer · ZFP90, CHGA, ARRB1"
79,214,decreases cell proliferation,Fitness / Proliferation / Viability,,Lung Cancer Cell Line,ABC-1,Negative Selection,Knockout,unidirectional,17635,Meyers RM (2017),29083409,train,2267,2267,0,1,"Fitness/Viability · Melanoma · C1QBP, NDUFA10, PET117"
80,215,decreases cell proliferation,Fitness / Proliferation / Viability,,Pancreatic Adenocarcinoma Cell Line,AsPC-1,Negative Selection,Knockout,unidirectional,17635,Meyers RM (2017),29083409,train,1875,1875,0,7,"Fitness/Viability · Neuroblastoma · GSTT2B, MTRNR2L8, ARGFX"
81,216,decreases cell proliferation,Fitness / Proliferation / Viability,,Urinary Bladder Cancer Cell Line,BC-3C,Negative Selection,Knockout,unidirectional,17635,Meyers RM (2017),29083409,train,2063,2063,0,13,"Fitness/Viability · Cancer · ZFP90, CHGA, ARRB1"
82,217,decreases cell proliferation,Fitness / Proliferation / Viability,,Cancer Cell Line,BFTC-905,Negative Selection,Knockout,unidirectional,17635,Meyers RM (2017),29083409,train,2199,2199,0,1,"Fitness/Viability · Melanoma · C1QBP, NDUFA10, PET117"
83,218,decreases cell proliferation,Fitness / Proliferation / Viability,,Cancer Cell Line,BFTC-909,Negative Selection,Knockout,unidirectional,17635,Meyers RM (2017),29083409,train,1959,1959,0,5,"Fitness/Viability · Cancer · OR5K2, SDC1, NBEAL1"
84,219,decreases cell proliferation,Fitness / Proliferation / Viability,,Cancer Cell Line,BICR 22,Negative Selection,Knockout,unidirectional,17635,Meyers RM (2017),29083409,train,1914,1914,0,13,"Fitness/Viability · Cancer · ZFP90, CHGA, ARRB1"
85,220,decreases cell proliferation,Fitness / Proliferation / Viability,,Mammary Gland Tumor Cell Line,BT-549,Negative Selection,Knockout,unidirectional,17635,Meyers RM (2017),29083409,train,1982,1982,0,13,"Fitness/Viability · Cancer · ZFP90, CHGA, ARRB1"
86,221,decreases cell proliferation,Fitness / Proliferation / Viability,,Pancreatic Ductal Adenocarcinoma Cell Line,CFPAC-1,Negative Selection,Knockout,unidirectional,17635,Meyers RM (2017),29083409,train,2058,2058,0,13,"Fitness/Viability · Cancer · ZFP90, CHGA, ARRB1"
87,222,decreases cell proliferation,Fitness / Proliferation / Viability,,Breast Cancer Cell Line,ZR-75-1,Negative Selection,Knockout,unidirectional,17637,Meyers RM (2017),29083409,train,1976,1976,0,13,"Fitness/Viability · Cancer · ZFP90, CHGA, ARRB1"
88,223,decreases cell proliferation,Fitness / Proliferation / Viability,,Melanoma Cell Line,WM983B,Negative Selection,Knockout,unidirectional,17637,Meyers RM (2017),29083409,train,1874,1874,0,1,"Fitness/Viability · Melanoma · C1QBP, NDUFA10, PET117"
89,224,decreases cell proliferation,Fitness / Proliferation / Viability,,Bladder Carcinoma,VM-CUB-1,Negative Selection,Knockout,unidirectional,17637,Meyers RM (2017),29083409,train,2085,2085,0,7,"Fitness/Viability · Neuroblastoma · GSTT2B, MTRNR2L8, ARGFX"
90,225,decreases cell proliferation,Fitness / Proliferation / Viability,,Bladder Transitional Cell Carcinoma Cell Line,UM-UC-3,Negative Selection,Knockout,unidirectional,17637,Meyers RM (2017),29083409,train,2041,2041,0,13,"Fitness/Viability · Cancer · ZFP90, CHGA, ARRB1"
91,226,decreases cell proliferation,Fitness / Proliferation / Viability,,Medulloblastoma Cell Line,D283 Med,Negative Selection,Knockout,unidirectional,17637,Meyers RM (2017),29083409,train,1974,1974,0,1,"Fitness/Viability · Melanoma · C1QBP, NDUFA10, PET117"
92,227,decreases cell proliferation,Fitness / Proliferation / Viability,,Ovary Adenocarcinoma Cell Line,EFO-27,Negative Selection,Knockout,unidirectional,17637,Meyers RM (2017),29083409,train,2066,2066,0,1,"Fitness/Viability · Melanoma · C1QBP, NDUFA10, PET117"
93,228,decreases cell proliferation,Fitness / Proliferation / Viability,,Ovarian Cancer Cell Line,ES-2,Negative Selection,Knockout,unidirectional,17637,Meyers RM (2017),29083409,train,2172,2172,0,1,"Fitness/Viability · Melanoma · C1QBP, NDUFA10, PET117"
94,229,decreases cell proliferation,Fitness / Proliferation / Viability,,Meningioma Cell Line,F5,Negative Selection,Knockout,unidirectional,17637,Meyers RM (2017),29083409,train,2111,2111,0,1,"Fitness/Viability · Melanoma · C1QBP, NDUFA10, PET117"
95,230,decreases cell proliferation,Fitness / Proliferation / Viability,,Gastric Cancer Cell Line,Fu97,Negative Selection,Knockout,unidirectional,17637,Meyers RM (2017),29083409,train,1811,1811,0,1,"Fitness/Viability · Melanoma · C1QBP, NDUFA10, PET117"
96,232,decreases cell proliferation,Fitness / Proliferation / Viability,,Glioma Cell Line,H4,Negative Selection,Knockout,unidirectional,17637,Meyers RM (2017),29083409,train,1749,1749,0,5,"Fitness/Viability · Cancer · OR5K2, SDC1, NBEAL1"
97,233,decreases cell proliferation,Fitness / Proliferation / Viability,,Mammary Gland Tumor Cell Line,HCC1395,Negative Selection,Knockout,unidirectional,17637,Meyers RM (2017),29083409,train,1837,1837,0,5,"Fitness/Viability · Cancer · OR5K2, SDC1, NBEAL1"
98,234,decreases cell proliferation,Fitness / Proliferation / Viability,,Mammary Gland Tumor Cell Line,HCC1937,Negative Selection,Knockout,unidirectional,17637,Meyers RM (2017),29083409,train,1919,1919,0,5,"Fitness/Viability · Cancer · OR5K2, SDC1, NBEAL1"
99,235,decreases cell proliferation,Fitness / Proliferation / Viability,,Breast Cancer Cell Line,HCC1954,Negative Selection,Knockout,unidirectional,17637,Meyers RM (2017),29083409,train,1799,1799,0,7,"Fitness/Viability · Neuroblastoma · GSTT2B, MTRNR2L8, ARGFX"
100,236,decreases cell proliferation,Fitness / Proliferation / Viability,,Non-Small Cell Lung Adenocarcinoma Cell Line,HCC827,Negative Selection,Knockout,unidirectional,17637,Meyers RM (2017),29083409,train,2152,2152,0,1,"Fitness/Viability · Melanoma · C1QBP, NDUFA10, PET117"
101,237,decreases cell proliferation,Fitness / Proliferation / Viability,,Lung Squamous Cell Carcinoma Cell Line,HCC95,Negative Selection,Knockout,unidirectional,17637,Meyers RM (2017),29083409,train,1751,1751,0,7,"Fitness/Viability · Neuroblastoma · GSTT2B, MTRNR2L8, ARGFX"
102,238,decreases cell proliferation,Fitness / Proliferation / Viability,,Uterine Adenocarcinoma Cell Line,HEC-1-A,Negative Selection,Knockout,unidirectional,17637,Meyers RM (2017),29083409,train,1588,1588,0,7,"Fitness/Viability · Neuroblastoma · GSTT2B, MTRNR2L8, ARGFX"
103,239,decreases cell proliferation,Fitness / Proliferation / Viability,,Uterine Adenocarcinoma Cell Line,HEC-1-B,Negative Selection,Knockout,unidirectional,17637,Meyers RM (2017),29083409,train,1662,1662,0,5,"Fitness/Viability · Cancer · OR5K2, SDC1, NBEAL1"
104,240,decreases cell proliferation,Fitness / Proliferation / Viability,,Non-Small Cell Lung Adenocarcinoma Cell Line,HOP-62,Negative Selection,Knockout,unidirectional,17637,Meyers RM (2017),29083409,train,1943,1943,0,1,"Fitness/Viability · Melanoma · C1QBP, NDUFA10, PET117"
105,241,decreases cell proliferation,Fitness / Proliferation / Viability,,Pancreatic Cancer Cell Line,Hs 766T,Negative Selection,Knockout,unidirectional,17637,Meyers RM (2017),29083409,train,2128,2128,0,13,"Fitness/Viability · Cancer · ZFP90, CHGA, ARRB1"
106,242,decreases cell proliferation,Fitness / Proliferation / Viability,,Colonic Cancer Cell Line,HT115,Negative Selection,Knockout,unidirectional,17637,Meyers RM (2017),29083409,train,2099,2099,0,7,"Fitness/Viability · Neuroblastoma · GSTT2B, MTRNR2L8, ARGFX"
107,243,decreases cell proliferation,Fitness / Proliferation / Viability,,Urinary Bladder Cancer Cell Line,HT-1197,Negative Selection,Knockout,unidirectional,17637,Meyers RM (2017),29083409,train,1855,1855,0,7,"Fitness/Viability · Neuroblastoma · GSTT2B, MTRNR2L8, ARGFX"
108,244,decreases cell proliferation,Fitness / Proliferation / Viability,,Urinary Bladder Cancer Cell Line,HT-1376,Negative Selection,Knockout,unidirectional,17637,Meyers RM (2017),29083409,train,1525,1525,0,7,"Fitness/Viability · Neuroblastoma · GSTT2B, MTRNR2L8, ARGFX"
109,245,decreases cell proliferation,Fitness / Proliferation / Viability,,Melanoma Cell Line,IPC-298,Negative Selection,Knockout,unidirectional,17637,Meyers RM (2017),29083409,train,2148,2148,0,1,"Fitness/Viability · Melanoma · C1QBP, NDUFA10, PET117"
110,246,decreases cell proliferation,Fitness / Proliferation / Viability,,Colonic Cancer Cell Line,KM12,Negative Selection,Knockout,unidirectional,17637,Meyers RM (2017),29083409,train,2034,2034,0,1,"Fitness/Viability · Melanoma · C1QBP, NDUFA10, PET117"
111,247,decreases cell proliferation,Fitness / Proliferation / Viability,,Melanoma Cell Line,IGR-39,Negative Selection,Knockout,unidirectional,17637,Meyers RM (2017),29083409,train,1678,1678,0,5,"Fitness/Viability · Cancer · OR5K2, SDC1, NBEAL1"
112,248,decreases cell proliferation,Fitness / Proliferation / Viability,,Colonic Adenocarcinoma Cell Line,HCC-56,Negative Selection,Knockout,unidirectional,17637,Meyers RM (2017),29083409,train,2089,2089,0,1,"Fitness/Viability · Melanoma · C1QBP, NDUFA10, PET117"
113,249,decreases cell proliferation,Fitness / Proliferation / Viability,,Breast Cancer Cell Line,HCC202,Negative Selection,Knockout,unidirectional,17637,Meyers RM (2017),29083409,train,1546,1546,0,5,"Fitness/Viability · Cancer · OR5K2, SDC1, NBEAL1"
114,250,decreases cell proliferation,Fitness / Proliferation / Viability,,Breast Cancer Cell Line,HCC1143,Negative Selection,Knockout,unidirectional,17637,Meyers RM (2017),29083409,train,1739,1739,0,13,"Fitness/Viability · Cancer · ZFP90, CHGA, ARRB1"
115,251,decreases cell proliferation,Fitness / Proliferation / Viability,,Lung Cancer Cell Line,HCC1359,Negative Selection,Knockout,unidirectional,17637,Meyers RM (2017),29083409,train,1752,1752,0,5,"Fitness/Viability · Cancer · OR5K2, SDC1, NBEAL1"
116,252,decreases cell proliferation,Fitness / Proliferation / Viability,,Cancer Cell Line,HCC1419,Negative Selection,Knockout,unidirectional,17637,Meyers RM (2017),29083409,train,1563,1563,0,7,"Fitness/Viability · Neuroblastoma · GSTT2B, MTRNR2L8, ARGFX"
117,253,decreases cell proliferation,Fitness / Proliferation / Viability,,Breast Cancer Cell Line,HCC1428,Negative Selection,Knockout,unidirectional,17637,Meyers RM (2017),29083409,train,2019,2019,0,1,"Fitness/Viability · Melanoma · C1QBP, NDUFA10, PET117"
118,254,decreases cell proliferation,Fitness / Proliferation / Viability,,Lung Cancer Cell Line,HCC15,Negative Selection,Knockout,unidirectional,17637,Meyers RM (2017),29083409,train,1567,1567,0,5,"Fitness/Viability · Cancer · OR5K2, SDC1, NBEAL1"
119,255,decreases cell proliferation,Fitness / Proliferation / Viability,,Cancer Cell Line,HCC1806,Negative Selection,Knockout,unidirectional,17637,Meyers RM (2017),29083409,train,2038,2038,0,13,"Fitness/Viability · Cancer · ZFP90, CHGA, ARRB1"
120,256,decreases cell proliferation,Fitness / Proliferation / Viability,,Gastric Cancer Cell Line,HGC-27,Negative Selection,Knockout,unidirectional,17637,Meyers RM (2017),29083409,train,1742,1742,0,7,"Fitness/Viability · Neuroblastoma · GSTT2B, MTRNR2L8, ARGFX"
121,257,decreases cell proliferation,Fitness / Proliferation / Viability,,Hepatocellular Carcinoma,HLF,Negative Selection,Knockout,unidirectional,17637,Meyers RM (2017),29083409,train,1658,1658,0,5,"Fitness/Viability · Cancer · OR5K2, SDC1, NBEAL1"
122,258,decreases cell proliferation,Fitness / Proliferation / Viability,,Breast Cancer Cell Line,HMC-1-8,Negative Selection,Knockout,unidirectional,17637,Meyers RM (2017),29083409,train,2036,2036,0,13,"Fitness/Viability · Cancer · ZFP90, CHGA, ARRB1"
123,259,decreases cell proliferation,Fitness / Proliferation / Viability,,Melanoma Cell Line,Hs 294T,Negative Selection,Knockout,unidirectional,17637,Meyers RM (2017),29083409,train,1991,1991,0,1,"Fitness/Viability · Melanoma · C1QBP, NDUFA10, PET117"
124,260,decreases cell proliferation,Fitness / Proliferation / Viability,,Mammary Gland Tumor Cell Line,Hs 578T,Negative Selection,Knockout,unidirectional,17637,Meyers RM (2017),29083409,train,2068,2068,0,1,"Fitness/Viability · Melanoma · C1QBP, NDUFA10, PET117"
125,261,decreases cell proliferation,Fitness / Proliferation / Viability,,Glioma Cell Line,Hs 683,Negative Selection,Knockout,unidirectional,17637,Meyers RM (2017),29083409,train,1856,1856,0,5,"Fitness/Viability · Cancer · OR5K2, SDC1, NBEAL1"
126,262,decreases cell proliferation,Fitness / Proliferation / Viability,,Melanoma Cell Line,Hs 695T,Negative Selection,Knockout,unidirectional,17637,Meyers RM (2017),29083409,train,1458,1458,0,7,"Fitness/Viability · Neuroblastoma · GSTT2B, MTRNR2L8, ARGFX"
127,263,decreases cell proliferation,Fitness / Proliferation / Viability,,Rhabdomyosarcoma Cell Line,Hs 729.T,Negative Selection,Knockout,unidirectional,17637,Meyers RM (2017),29083409,train,1990,1990,0,5,"Fitness/Viability · Cancer · OR5K2, SDC1, NBEAL1"
128,264,decreases cell proliferation,Fitness / Proliferation / Viability,,Melanoma Cell Line,Hs 944.T,Negative Selection,Knockout,unidirectional,17637,Meyers RM (2017),29083409,train,2100,2100,0,1,"Fitness/Viability · Melanoma · C1QBP, NDUFA10, PET117"
129,265,decreases cell proliferation,Fitness / Proliferation / Viability,,Oral Squamous Cell Carcinoma Cell Line,HSC-3,Negative Selection,Knockout,unidirectional,17637,Meyers RM (2017),29083409,train,1476,1476,0,7,"Fitness/Viability · Neuroblastoma · GSTT2B, MTRNR2L8, ARGFX"
130,266,decreases cell proliferation,Fitness / Proliferation / Viability,,Fibrosarcoma Cell Line,HT-1080,Negative Selection,Knockout,unidirectional,17637,Meyers RM (2017),29083409,train,1957,1957,0,13,"Fitness/Viability · Cancer · ZFP90, CHGA, ARRB1"
131,267,decreases cell proliferation,Fitness / Proliferation / Viability,,Melanoma Cell Line,HT-144,Negative Selection,Knockout,unidirectional,17637,Meyers RM (2017),29083409,train,1825,1825,0,1,"Fitness/Viability · Melanoma · C1QBP, NDUFA10, PET117"
132,268,decreases cell proliferation,Fitness / Proliferation / Viability,,Colorectal Cancer Cell Line,HT-55,Negative Selection,Knockout,unidirectional,17637,Meyers RM (2017),29083409,train,1686,1686,0,7,"Fitness/Viability · Neuroblastoma · GSTT2B, MTRNR2L8, ARGFX"
133,269,decreases cell proliferation,Fitness / Proliferation / Viability,,Hepatoma Cell Line,HuH-1,Negative Selection,Knockout,unidirectional,17637,Meyers RM (2017),29083409,train,1954,1954,0,13,"Fitness/Viability · Cancer · ZFP90, CHGA, ARRB1"
134,270,decreases cell proliferation,Fitness / Proliferation / Viability,,Hepatoblastoma Cell Line,HuH-6,Negative Selection,Knockout,unidirectional,17637,Meyers RM (2017),29083409,train,1975,1975,0,1,"Fitness/Viability · Melanoma · C1QBP, NDUFA10, PET117"
135,271,decreases cell proliferation,Fitness / Proliferation / Viability,,Hepatoma Cell Line,HuH-7,Negative Selection,Knockout,unidirectional,17637,Meyers RM (2017),29083409,train,2045,2045,0,1,"Fitness/Viability · Melanoma · C1QBP, NDUFA10, PET117"
136,272,decreases cell proliferation,Fitness / Proliferation / Viability,,Cancer Cell Line,HuP-T3,Negative Selection,Knockout,unidirectional,17637,Meyers RM (2017),29083409,train,2350,2350,0,1,"Fitness/Viability · Melanoma · C1QBP, NDUFA10, PET117"
137,273,decreases cell proliferation,Fitness / Proliferation / Viability,,Melanoma Cell Line,IGR-1,Negative Selection,Knockout,unidirectional,17637,Meyers RM (2017),29083409,train,2185,2185,0,1,"Fitness/Viability · Melanoma · C1QBP, NDUFA10, PET117"
138,274,decreases cell proliferation,Fitness / Proliferation / Viability,,Neuroblastoma Cell Line,IMR-32,Negative Selection,Knockout,unidirectional,17637,Meyers RM (2017),29083409,train,1311,1311,0,7,"Fitness/Viability · Neuroblastoma · GSTT2B, MTRNR2L8, ARGFX"
139,275,decreases cell proliferation,Fitness / Proliferation / Viability,,Melanoma Cell Line,CJM,Negative Selection,Knockout,unidirectional,17637,Meyers RM (2017),29083409,train,2064,2064,0,7,"Fitness/Viability · Neuroblastoma · GSTT2B, MTRNR2L8, ARGFX"
140,276,decreases cell proliferation,Fitness / Proliferation / Viability,,Cancer Cell Line,D341 Med,Negative Selection,Knockout,unidirectional,17637,Meyers RM (2017),29083409,train,1903,1903,0,5,"Fitness/Viability · Cancer · OR5K2, SDC1, NBEAL1"
141,277,decreases cell proliferation,Fitness / Proliferation / Viability,,Cancer Cell Line,DAN-G,Negative Selection,Knockout,unidirectional,17637,Meyers RM (2017),29083409,train,2206,2206,0,7,"Fitness/Viability · Neuroblastoma · GSTT2B, MTRNR2L8, ARGFX"
142,278,decreases cell proliferation,Fitness / Proliferation / Viability,,Medulloblastoma Cell Line,Daoy,Negative Selection,Knockout,unidirectional,17637,Meyers RM (2017),29083409,train,1974,1974,0,5,"Fitness/Viability · Cancer · OR5K2, SDC1, NBEAL1"
143,279,decreases cell proliferation,Fitness / Proliferation / Viability,,Lymphoma or Leukaemia Cell Line,Detroit 562,Negative Selection,Knockout,unidirectional,17637,Meyers RM (2017),29083409,train,1327,1327,0,7,"Fitness/Viability · Neuroblastoma · GSTT2B, MTRNR2L8, ARGFX"
144,280,decreases cell proliferation,Fitness / Proliferation / Viability,,Glioblastoma Cell Line,DK-MG,Negative Selection,Knockout,unidirectional,17637,Meyers RM (2017),29083409,train,1665,1665,0,5,"Fitness/Viability · Cancer · OR5K2, SDC1, NBEAL1"
145,281,decreases cell proliferation,Fitness / Proliferation / Viability,,Colonic Adenocarcinoma Cell Line,DLD-1,Negative Selection,Knockout,unidirectional,17637,Meyers RM (2017),29083409,train,2289,2289,0,1,"Fitness/Viability · Melanoma · C1QBP, NDUFA10, PET117"
146,282,decreases cell proliferation,Fitness / Proliferation / Viability,,Breast Cancer Cell Line,DU4475,Negative Selection,Knockout,unidirectional,17637,Meyers RM (2017),29083409,train,1250,1250,0,7,"Fitness/Viability · Neuroblastoma · GSTT2B, MTRNR2L8, ARGFX"
147,283,decreases cell proliferation,Fitness / Proliferation / Viability,,Breast Cancer Cell Line,EFM-19,Negative Selection,Knockout,unidirectional,17637,Meyers RM (2017),29083409,train,1829,1829,0,7,"Fitness/Viability · Neuroblastoma · GSTT2B, MTRNR2L8, ARGFX"
148,284,decreases cell proliferation,Fitness / Proliferation / Viability,,Ovary Adenocarcinoma Cell Line,EFO-21,Negative Selection,Knockout,unidirectional,17637,Meyers RM (2017),29083409,train,1741,1741,0,5,"Fitness/Viability · Cancer · OR5K2, SDC1, NBEAL1"
149,285,decreases cell proliferation,Fitness / Proliferation / Viability,,Non-Small Cell Lung Adenocarcinoma Cell Line,EKVX,Negative Selection,Knockout,unidirectional,17637,Meyers RM (2017),29083409,train,2220,2220,0,1,"Fitness/Viability · Melanoma · C1QBP, NDUFA10, PET117"
150,286,decreases cell proliferation,Fitness / Proliferation / Viability,,Cancer Cell Line,EPLC-272H,Negative Selection,Knockout,unidirectional,17637,Meyers RM (2017),29083409,train,1745,1745,0,5,"Fitness/Viability · Cancer · OR5K2, SDC1, NBEAL1"
151,287,decreases cell proliferation,Fitness / Proliferation / Viability,,Endometrial Cancer Cell Line,ESS-1,Negative Selection,Knockout,unidirectional,17637,Meyers RM (2017),29083409,train,2067,2067,0,1,"Fitness/Viability · Melanoma · C1QBP, NDUFA10, PET117"
152,288,decreases cell proliferation,Fitness / Proliferation / Viability,,Hypopharyngeal Squamous Cell Carcinoma Cell Line,FaDu,Negative Selection,Knockout,unidirectional,17637,Meyers RM (2017),29083409,train,1728,1728,0,5,"Fitness/Viability · Cancer · OR5K2, SDC1, NBEAL1"
153,289,decreases cell proliferation,Fitness / Proliferation / Viability,,Osteosarcoma Cell Line,G-292 clone A141B1,Negative Selection,Knockout,unidirectional,17637,Meyers RM (2017),29083409,train,1853,1853,0,5,"Fitness/Viability · Cancer · OR5K2, SDC1, NBEAL1"
154,290,decreases cell proliferation,Fitness / Proliferation / Viability,,Glioblastoma Cell Line,GaMG,Negative Selection,Knockout,unidirectional,17637,Meyers RM (2017),29083409,train,1897,1897,0,5,"Fitness/Viability · Cancer · OR5K2, SDC1, NBEAL1"
155,291,decreases cell proliferation,Fitness / Proliferation / Viability,,Glioblastoma Cell Line,GB-1,Negative Selection,Knockout,unidirectional,17637,Meyers RM (2017),29083409,train,2121,2121,0,1,"Fitness/Viability · Melanoma · C1QBP, NDUFA10, PET117"
156,292,decreases cell proliferation,Fitness / Proliferation / Viability,,Gastric Adenocarcinoma Cell Line,GCIY,Negative Selection,Knockout,unidirectional,17637,Meyers RM (2017),29083409,train,2269,2269,0,1,"Fitness/Viability · Melanoma · C1QBP, NDUFA10, PET117"
157,293,decreases cell proliferation,Fitness / Proliferation / Viability,,Gliosarcoma,GI-1,Negative Selection,Knockout,unidirectional,17637,Meyers RM (2017),29083409,train,1698,1698,0,5,"Fitness/Viability · Cancer · OR5K2, SDC1, NBEAL1"
158,294,decreases cell proliferation,Fitness / Proliferation / Viability,,Gastric Cancer Cell Line,GSS,Negative Selection,Knockout,unidirectional,17637,Meyers RM (2017),29083409,train,1893,1893,0,1,"Fitness/Viability · Melanoma · C1QBP, NDUFA10, PET117"
159,295,decreases cell proliferation,Fitness / Proliferation / Viability,,Hepatoma Cell Line,JHH-1,Negative Selection,Knockout,unidirectional,17637,Meyers RM (2017),29083409,train,2001,2001,0,13,"Fitness/Viability · Cancer · ZFP90, CHGA, ARRB1"
160,296,decreases cell proliferation,Fitness / Proliferation / Viability,,Hepatoma Cell Line,JHH-4,Negative Selection,Knockout,unidirectional,17637,Meyers RM (2017),29083409,train,1935,1935,0,13,"Fitness/Viability · Cancer · ZFP90, CHGA, ARRB1"
161,297,decreases cell proliferation,Fitness / Proliferation / Viability,,Hepatoma Cell Line,JHH-5,Negative Selection,Knockout,unidirectional,17637,Meyers RM (2017),29083409,train,2143,2143,0,1,"Fitness/Viability · Melanoma · C1QBP, NDUFA10, PET117"
162,298,decreases cell proliferation,Fitness / Proliferation / Viability,,Hepatoma Cell Line,JHH-7,Negative Selection,Knockout,unidirectional,17637,Meyers RM (2017),29083409,train,2191,2191,0,1,"Fitness/Viability · Melanoma · C1QBP, NDUFA10, PET117"
163,299,decreases cell proliferation,Fitness / Proliferation / Viability,,Ovary Adenocarcinoma Cell Line,JHOC-5,Negative Selection,Knockout,unidirectional,17637,Meyers RM (2017),29083409,train,2022,2022,0,13,"Fitness/Viability · Cancer · ZFP90, CHGA, ARRB1"
164,300,decreases cell proliferation,Fitness / Proliferation / Viability,,Ovary Adenocarcinoma Cell Line,JHOM-1,Negative Selection,Knockout,unidirectional,17637,Meyers RM (2017),29083409,train,1892,1892,0,5,"Fitness/Viability · Cancer · OR5K2, SDC1, NBEAL1"
165,301,decreases cell proliferation,Fitness / Proliferation / Viability,,Ovary Adenocarcinoma Cell Line,JHOS-2,Negative Selection,Knockout,unidirectional,17637,Meyers RM (2017),29083409,train,1835,1835,0,5,"Fitness/Viability · Cancer · OR5K2, SDC1, NBEAL1"
166,302,decreases cell proliferation,Fitness / Proliferation / Viability,,Ovary Adenocarcinoma Cell Line,JHOS-4,Negative Selection,Knockout,unidirectional,17637,Meyers RM (2017),29083409,train,2021,2021,0,13,"Fitness/Viability · Cancer · ZFP90, CHGA, ARRB1"
167,303,decreases cell proliferation,Fitness / Proliferation / Viability,,Mammary Gland Tumor Cell Line,JIMT-1,Negative Selection,Knockout,unidirectional,17637,Meyers RM (2017),29083409,train,1958,1958,0,13,"Fitness/Viability · Cancer · ZFP90, CHGA, ARRB1"
168,304,decreases cell proliferation,Fitness / Proliferation / Viability,,Bladder Carcinoma,JMSU-1,Negative Selection,Knockout,unidirectional,17637,Meyers RM (2017),29083409,train,2116,2116,0,13,"Fitness/Viability · Cancer · ZFP90, CHGA, ARRB1"
169,305,decreases cell proliferation,Fitness / Proliferation / Viability,,Lung Squamous Cell Carcinoma Cell Line,HARA,Negative Selection,Knockout,unidirectional,17637,Meyers RM (2017),29083409,train,2236,2236,0,1,"Fitness/Viability · Melanoma · C1QBP, NDUFA10, PET117"
170,306,decreases cell proliferation,Fitness / Proliferation / Viability,,Hypopharyngeal Squamous Cell Carcinoma Cell Line,BICR 6,Negative Selection,Knockout,unidirectional,17637,Meyers RM (2017),29083409,train,1810,1810,0,5,"Fitness/Viability · Cancer · OR5K2, SDC1, NBEAL1"
171,307,decreases cell proliferation,Fitness / Proliferation / Viability,,Endometrial Cancer Cell Line,HEC-251,Negative Selection,Knockout,unidirectional,17637,Meyers RM (2017),29083409,train,1744,1744,0,7,"Fitness/Viability · Neuroblastoma · GSTT2B, MTRNR2L8, ARGFX"
172,308,decreases cell proliferation,Fitness / Proliferation / Viability,,Endometrial Cancer Cell Line,HEC-50B,Negative Selection,Knockout,unidirectional,17637,Meyers RM (2017),29083409,train,2053,2053,0,1,"Fitness/Viability · Melanoma · C1QBP, NDUFA10, PET117"
173,309,decreases cell proliferation,Fitness / Proliferation / Viability,,Endometrial Cancer Cell Line,HEC-59,Negative Selection,Knockout,unidirectional,17637,Meyers RM (2017),29083409,train,1956,1956,0,1,"Fitness/Viability · Melanoma · C1QBP, NDUFA10, PET117"
174,310,decreases cell proliferation,Fitness / Proliferation / Viability,,Ovarian Cancer Cell Line,HEY A8,Negative Selection,Knockout,unidirectional,17637,Meyers RM (2017),29083409,train,1996,1996,0,13,"Fitness/Viability · Cancer · ZFP90, CHGA, ARRB1"
175,311,decreases cell proliferation,Fitness / Proliferation / Viability,,Melanoma Cell Line,K029AX,Negative Selection,Knockout,unidirectional,17637,Meyers RM (2017),29083409,train,1831,1831,0,1,"Fitness/Viability · Melanoma · C1QBP, NDUFA10, PET117"
176,312,decreases cell proliferation,Fitness / Proliferation / Viability,,Glioblastoma Cell Line,KALS-1,Negative Selection,Knockout,unidirectional,17637,Meyers RM (2017),29083409,train,2009,2009,0,5,"Fitness/Viability · Cancer · OR5K2, SDC1, NBEAL1"
177,313,decreases cell proliferation,Fitness / Proliferation / Viability,,T-lymphoma cell line,Karpas-299,Negative Selection,Knockout,unidirectional,17637,Meyers RM (2017),29083409,train,2205,2205,0,7,"Fitness/Viability · Neuroblastoma · GSTT2B, MTRNR2L8, ARGFX"
178,314,decreases cell proliferation,Fitness / Proliferation / Viability,,Neuroblastoma Cell Line,Kelly,Negative Selection,Knockout,unidirectional,17637,Meyers RM (2017),29083409,train,2256,2256,0,1,"Fitness/Viability · Melanoma · C1QBP, NDUFA10, PET117"
179,315,decreases cell proliferation,Fitness / Proliferation / Viability,,T-lymphoma cell line,Ki-JK,Negative Selection,Knockout,unidirectional,17637,Meyers RM (2017),29083409,train,1916,1916,0,1,"Fitness/Viability · Melanoma · C1QBP, NDUFA10, PET117"
180,316,decreases cell proliferation,Fitness / Proliferation / Viability,,Endometrial Cancer Cell Line,KLE,Negative Selection,Knockout,unidirectional,17637,Meyers RM (2017),29083409,train,1524,1524,0,7,"Fitness/Viability · Neuroblastoma · GSTT2B, MTRNR2L8, ARGFX"
181,317,decreases cell proliferation,Fitness / Proliferation / Viability,,Urinary Bladder Cancer Cell Line,KMBC-2,Negative Selection,Knockout,unidirectional,17637,Meyers RM (2017),29083409,train,1942,1942,0,13,"Fitness/Viability · Cancer · ZFP90, CHGA, ARRB1"
182,318,decreases cell proliferation,Fitness / Proliferation / Viability,,Renal Cell Carcinoma Cell Line,KMRC-1,Negative Selection,Knockout,unidirectional,17637,Meyers RM (2017),29083409,train,1703,1703,0,7,"Fitness/Viability · Neuroblastoma · GSTT2B, MTRNR2L8, ARGFX"
183,319,decreases cell proliferation,Fitness / Proliferation / Viability,,Renal Cancer Cell Line,KMRC-20,Negative Selection,Knockout,unidirectional,17637,Meyers RM (2017),29083409,train,1898,1898,0,5,"Fitness/Viability · Cancer · OR5K2, SDC1, NBEAL1"
184,320,decreases cell proliferation,Fitness / Proliferation / Viability,,Glioblastoma Cell Line,KNS-42,Negative Selection,Knockout,unidirectional,17637,Meyers RM (2017),29083409,train,1544,1544,0,7,"Fitness/Viability · Neuroblastoma · GSTT2B, MTRNR2L8, ARGFX"
185,321,decreases cell proliferation,Fitness / Proliferation / Viability,,Glioma Cell Line,KNS-60,Negative Selection,Knockout,unidirectional,17637,Meyers RM (2017),29083409,train,1723,1723,0,5,"Fitness/Viability · Cancer · OR5K2, SDC1, NBEAL1"
186,322,decreases cell proliferation,Fitness / Proliferation / Viability,,Lung Cancer Cell Line,KNS-62,Negative Selection,Knockout,unidirectional,17637,Meyers RM (2017),29083409,train,2140,2140,0,1,"Fitness/Viability · Melanoma · C1QBP, NDUFA10, PET117"
187,323,decreases cell proliferation,Fitness / Proliferation / Viability,,Glioma Cell Line,KNS-81,Negative Selection,Knockout,unidirectional,17637,Meyers RM (2017),29083409,train,1491,1491,0,7,"Fitness/Viability · Neuroblastoma · GSTT2B, MTRNR2L8, ARGFX"
188,324,decreases cell proliferation,Fitness / Proliferation / Viability,,Pancreatic Cancer Cell Line,KP-2,Negative Selection,Knockout,unidirectional,17637,Meyers RM (2017),29083409,train,1631,1631,0,5,"Fitness/Viability · Cancer · OR5K2, SDC1, NBEAL1"
189,325,decreases cell proliferation,Fitness / Proliferation / Viability,,Pancreatic Cancer Cell Line,KP-3,Negative Selection,Knockout,unidirectional,17637,Meyers RM (2017),29083409,train,1905,1905,0,7,"Fitness/Viability · Neuroblastoma · GSTT2B, MTRNR2L8, ARGFX"
190,326,decreases cell proliferation,Fitness / Proliferation / Viability,,Cancer Cell Line,KP-4,Negative Selection,Knockout,unidirectional,17637,Meyers RM (2017),29083409,train,2175,2175,0,1,"Fitness/Viability · Melanoma · C1QBP, NDUFA10, PET117"
191,327,decreases cell proliferation,Fitness / Proliferation / Viability,,Breast Cancer Cell Line,KPL-1,Negative Selection,Knockout,unidirectional,17637,Meyers RM (2017),29083409,train,2046,2046,0,1,"Fitness/Viability · Melanoma · C1QBP, NDUFA10, PET117"
192,328,decreases cell proliferation,Fitness / Proliferation / Viability,,Neuroblastoma Cell Line,KP-N-YN,Negative Selection,Knockout,unidirectional,17637,Meyers RM (2017),29083409,train,1234,1234,0,7,"Fitness/Viability · Neuroblastoma · GSTT2B, MTRNR2L8, ARGFX"
193,329,decreases cell proliferation,Fitness / Proliferation / Viability,,Glioblastoma Cell Line,KS-1,Negative Selection,Knockout,unidirectional,17637,Meyers RM (2017),29083409,train,1296,1296,0,7,"Fitness/Viability · Neuroblastoma · GSTT2B, MTRNR2L8, ARGFX"
194,330,decreases cell proliferation,Fitness / Proliferation / Viability,,Bladder Carcinoma,KU-19-19,Negative Selection,Knockout,unidirectional,17637,Meyers RM (2017),29083409,train,2064,2064,0,1,"Fitness/Viability · Melanoma · C1QBP, NDUFA10, PET117"
195,331,decreases cell proliferation,Fitness / Proliferation / Viability,,Ovarian Cancer Cell Line,Kuramochi,Negative Selection,Knockout,unidirectional,17637,Meyers RM (2017),29083409,train,1877,1877,0,5,"Fitness/Viability · Cancer · OR5K2, SDC1, NBEAL1"
196,332,decreases cell proliferation,Fitness / Proliferation / Viability,,Cancer Cell Line,KYSE-180,Negative Selection,Knockout,unidirectional,17637,Meyers RM (2017),29083409,train,2194,2194,0,1,"Fitness/Viability · Melanoma · C1QBP, NDUFA10, PET117"
197,333,decreases cell proliferation,Fitness / Proliferation / Viability,,Cancer Cell Line,KYSE-270,Negative Selection,Knockout,unidirectional,17637,Meyers RM (2017),29083409,train,1872,1872,0,7,"Fitness/Viability · Neuroblastoma · GSTT2B, MTRNR2L8, ARGFX"
198,334,decreases cell proliferation,Fitness / Proliferation / Viability,,Esophageal Squamous Cell Carcinoma Cell Line,KYSE-410,Negative Selection,Knockout,unidirectional,17637,Meyers RM (2017),29083409,train,2024,2024,0,13,"Fitness/Viability · Cancer · ZFP90, CHGA, ARRB1"
199,335,decreases cell proliferation,Fitness / Proliferation / Viability,,Cancer Cell Line,KYSE-450,Negative Selection,Knockout,unidirectional,17637,Meyers RM (2017),29083409,train,2029,2029,0,13,"Fitness/Viability · Cancer · ZFP90, CHGA, ARRB1"
200,336,decreases cell proliferation,Fitness / Proliferation / Viability,,Cancer Cell Line,KYSE-70,Negative Selection,Knockout,unidirectional,17637,Meyers RM (2017),29083409,train,2134,2134,0,1,"Fitness/Viability · Melanoma · C1QBP, NDUFA10, PET117"
201,337,decreases cell proliferation,Fitness / Proliferation / Viability,,Lung Cancer Cell Line,LCLC-103H,Negative Selection,Knockout,unidirectional,17637,Meyers RM (2017),29083409,train,2000,2000,0,13,"Fitness/Viability · Cancer · ZFP90, CHGA, ARRB1"
202,338,decreases cell proliferation,Fitness / Proliferation / Viability,,Hepatocellular Carcinoma,Li-7,Negative Selection,Knockout,unidirectional,17637,Meyers RM (2017),29083409,train,1919,1919,0,5,"Fitness/Viability · Cancer · OR5K2, SDC1, NBEAL1"
203,339,decreases cell proliferation,Fitness / Proliferation / Viability,,Lung Squamous Cell Carcinoma Cell Line,LK-2,Negative Selection,Knockout,unidirectional,17637,Meyers RM (2017),29083409,train,2181,2181,0,7,"Fitness/Viability · Neuroblastoma · GSTT2B, MTRNR2L8, ARGFX"
204,340,decreases cell proliferation,Fitness / Proliferation / Viability,,Glioblastoma Cell Line,LN-18,Negative Selection,Knockout,unidirectional,17637,Meyers RM (2017),29083409,train,1944,1944,0,7,"Fitness/Viability · Neuroblastoma · GSTT2B, MTRNR2L8, ARGFX"
205,341,decreases cell proliferation,Fitness / Proliferation / Viability,,Glioblastoma Cell Line,LN-235,Negative Selection,Knockout,unidirectional,17637,Meyers RM (2017),29083409,train,1890,1890,0,13,"Fitness/Viability · Cancer · ZFP90, CHGA, ARRB1"
206,342,decreases cell proliferation,Fitness / Proliferation / Viability,,Glioblastoma Cell Line,LN-382,Negative Selection,Knockout,unidirectional,17637,Meyers RM (2017),29083409,train,2020,2020,0,13,"Fitness/Viability · Cancer · ZFP90, CHGA, ARRB1"
207,343,decreases cell proliferation,Fitness / Proliferation / Viability,,Glioblastoma Cell Line,LN-443,Negative Selection,Knockout,unidirectional,17637,Meyers RM (2017),29083409,train,1767,1767,0,5,"Fitness/Viability · Cancer · OR5K2, SDC1, NBEAL1"
208,346,decreases cell proliferation,Fitness / Proliferation / Viability,,Glioblastoma Cell Line,LN-308,Negative Selection,Knockout,unidirectional,17637,Meyers RM (2017),29083409,train,1933,1933,0,13,"Fitness/Viability · Cancer · ZFP90, CHGA, ARRB1"
209,347,decreases cell proliferation,Fitness / Proliferation / Viability,,Colonic Adenocarcinoma Cell Line,LoVo,Negative Selection,Knockout,unidirectional,17637,Meyers RM (2017),29083409,train,1634,1634,0,7,"Fitness/Viability · Neuroblastoma · GSTT2B, MTRNR2L8, ARGFX"
210,348,decreases cell proliferation,Fitness / Proliferation / Viability,,Colorectal Adenocarcinoma Cell Line,LS180,Negative Selection,Knockout,unidirectional,17637,Meyers RM (2017),29083409,train,1896,1896,0,1,"Fitness/Viability · Melanoma · C1QBP, NDUFA10, PET117"
211,349,decreases cell proliferation,Fitness / Proliferation / Viability,,Cecum Cancer Cell Line,LS513,Negative Selection,Knockout,unidirectional,17637,Meyers RM (2017),29083409,train,1927,1927,0,7,"Fitness/Viability · Neuroblastoma · GSTT2B, MTRNR2L8, ARGFX"
212,350,decreases cell proliferation,Fitness / Proliferation / Viability,,Cecum Cancer Cell Line,LS1034,Negative Selection,Knockout,unidirectional,17637,Meyers RM (2017),29083409,train,1801,1801,0,7,"Fitness/Viability · Neuroblastoma · GSTT2B, MTRNR2L8, ARGFX"
213,351,decreases cell proliferation,Fitness / Proliferation / Viability,,Lung Squamous Cell Carcinoma Cell Line,LUDLU-1,Negative Selection,Knockout,unidirectional,17637,Meyers RM (2017),29083409,train,1883,1883,0,13,"Fitness/Viability · Cancer · ZFP90, CHGA, ARRB1"
214,352,decreases cell proliferation,Fitness / Proliferation / Viability,,Lung Cancer Cell Line,LXF 289,Negative Selection,Knockout,unidirectional,17637,Meyers RM (2017),29083409,train,2290,2290,0,1,"Fitness/Viability · Melanoma · C1QBP, NDUFA10, PET117"
215,353,decreases cell proliferation,Fitness / Proliferation / Viability,,Cancer Cell Line,M059K,Negative Selection,Knockout,unidirectional,17637,Meyers RM (2017),29083409,train,1881,1881,0,5,"Fitness/Viability · Cancer · OR5K2, SDC1, NBEAL1"
216,354,decreases cell proliferation,Fitness / Proliferation / Viability,,Melanoma Cell Line,Malme-3M,Negative Selection,Knockout,unidirectional,17637,Meyers RM (2017),29083409,train,1788,1788,0,1,"Fitness/Viability · Melanoma · C1QBP, NDUFA10, PET117"
217,355,decreases cell proliferation,Fitness / Proliferation / Viability,,Ovarian Cancer Cell Line,MCAS,Negative Selection,Knockout,unidirectional,17637,Meyers RM (2017),29083409,train,1880,1880,0,5,"Fitness/Viability · Cancer · OR5K2, SDC1, NBEAL1"
218,356,decreases cell proliferation,Fitness / Proliferation / Viability,,Breast Cancer Cell Line,MDA-MB-157,Negative Selection,Knockout,unidirectional,17637,Meyers RM (2017),29083409,train,1653,1653,0,5,"Fitness/Viability · Cancer · OR5K2, SDC1, NBEAL1"
219,357,decreases cell proliferation,Fitness / Proliferation / Viability,,Breast Adenocarcinoma Cell Line,MDA-MB-231,Negative Selection,Knockout,unidirectional,17637,Meyers RM (2017),29083409,train,1979,1979,0,13,"Fitness/Viability · Cancer · ZFP90, CHGA, ARRB1"
220,358,decreases cell proliferation,Fitness / Proliferation / Viability,,Breast Cancer Cell Line,MDA-MB-415,Negative Selection,Knockout,unidirectional,17637,Meyers RM (2017),29083409,train,1765,1765,0,1,"Fitness/Viability · Melanoma · C1QBP, NDUFA10, PET117"
221,359,decreases cell proliferation,Fitness / Proliferation / Viability,,MDA-MB-435 cell,MDA-MB-435S,Negative Selection,Knockout,unidirectional,17637,Meyers RM (2017),29083409,train,2078,2078,0,1,"Fitness/Viability · Melanoma · C1QBP, NDUFA10, PET117"
222,360,decreases cell proliferation,Fitness / Proliferation / Viability,,Mammary Gland Tumor Cell Line,MDA-MB-436,Negative Selection,Knockout,unidirectional,17637,Meyers RM (2017),29083409,train,2149,2149,0,13,"Fitness/Viability · Cancer · ZFP90, CHGA, ARRB1"
223,361,decreases cell proliferation,Fitness / Proliferation / Viability,,Mammary Gland Tumor Cell Line,MDA-MB-453,Negative Selection,Knockout,unidirectional,17637,Meyers RM (2017),29083409,train,1849,1849,0,1,"Fitness/Viability · Melanoma · C1QBP, NDUFA10, PET117"
224,362,decreases cell proliferation,Fitness / Proliferation / Viability,,Mammary Gland Tumor Cell Line,MDA-MB-468,Negative Selection,Knockout,unidirectional,17637,Meyers RM (2017),29083409,train,1940,1940,0,13,"Fitness/Viability · Cancer · ZFP90, CHGA, ARRB1"
225,363,decreases cell proliferation,Fitness / Proliferation / Viability,,Colonic Cancer Cell Line,MDST8,Negative Selection,Knockout,unidirectional,17637,Meyers RM (2017),29083409,train,2078,2078,0,1,"Fitness/Viability · Melanoma · C1QBP, NDUFA10, PET117"
226,364,decreases cell proliferation,Fitness / Proliferation / Viability,,Melanoma Cell Line,Mel Ho,Negative Selection,Knockout,unidirectional,17637,Meyers RM (2017),29083409,train,1862,1862,0,1,"Fitness/Viability · Melanoma · C1QBP, NDUFA10, PET117"
227,365,decreases cell proliferation,Fitness / Proliferation / Viability,,Melanoma Cell Line,Mel JuSo,Negative Selection,Knockout,unidirectional,17637,Meyers RM (2017),29083409,train,2129,2129,0,1,"Fitness/Viability · Melanoma · C1QBP, NDUFA10, PET117"
228,366,decreases cell proliferation,Fitness / Proliferation / Viability,,Endometrial Cancer Cell Line,MFE-319,Negative Selection,Knockout,unidirectional,17637,Meyers RM (2017),29083409,train,1773,1773,0,7,"Fitness/Viability · Neuroblastoma · GSTT2B, MTRNR2L8, ARGFX"
229,367,decreases cell proliferation,Fitness / Proliferation / Viability,,Neuroblastoma Cell Line,MHH-NB-11,Negative Selection,Knockout,unidirectional,17637,Meyers RM (2017),29083409,train,1676,1676,0,7,"Fitness/Viability · Neuroblastoma · GSTT2B, MTRNR2L8, ARGFX"
230,368,decreases cell proliferation,Fitness / Proliferation / Viability,,Cancer Cell Line,MIA PaCa-2,Negative Selection,Knockout,unidirectional,17637,Meyers RM (2017),29083409,train,2254,2254,0,1,"Fitness/Viability · Melanoma · C1QBP, NDUFA10, PET117"
231,369,decreases cell proliferation,Fitness / Proliferation / Viability,,Gastric Adenocarcinoma Cell Line,MKN45,Negative Selection,Knockout,unidirectional,17637,Meyers RM (2017),29083409,train,1727,1727,0,7,"Fitness/Viability · Neuroblastoma · GSTT2B, MTRNR2L8, ARGFX"
232,370,decreases cell proliferation,Fitness / Proliferation / Viability,,Acute Myeloid Leukemia Cell Line,MOLM-13,Negative Selection,Knockout,unidirectional,17637,Meyers RM (2017),29083409,train,2059,2059,0,1,"Fitness/Viability · Melanoma · C1QBP, NDUFA10, PET117"
233,371,decreases proliferation of MKL-1 Merkel cell carcinoma cells,Fitness / Proliferation / Viability,,Cancer Cell Line,MKL-1,Negative Selection,Knockout,unidirectional,18421,Cheng J (2017),29028833,train,481,481,0,14,"Fitness/Viability · Oral Squamous Cell Carcinoma · TUBB4B, LAS1L, PGK1"
234,372,decreases cell proliferation,Fitness / Proliferation / Viability,,Lung Adenocarcinoma Cell Line,MOR/CPR,Negative Selection,Knockout,unidirectional,17637,Meyers RM (2017),29083409,train,2120,2120,0,7,"Fitness/Viability · Neuroblastoma · GSTT2B, MTRNR2L8, ARGFX"
235,373,decreases cell proliferation,Fitness / Proliferation / Viability,,Acute Myeloid Leukemia Cell Line,MV4-11,Negative Selection,Knockout,unidirectional,17637,Meyers RM (2017),29083409,train,2124,2124,0,1,"Fitness/Viability · Melanoma · C1QBP, NDUFA10, PET117"
236,374,decreases cell proliferation,Fitness / Proliferation / Viability,,Neuroblastoma Cell Line,NB1,Negative Selection,Knockout,unidirectional,17637,Meyers RM (2017),29083409,train,1726,1726,0,7,"Fitness/Viability · Neuroblastoma · GSTT2B, MTRNR2L8, ARGFX"
237,375,decreases cell proliferation,Fitness / Proliferation / Viability,,Acute Myeloid Leukemia Cell Line,NB4,Negative Selection,Knockout,unidirectional,17637,Meyers RM (2017),29083409,train,1620,1620,0,7,"Fitness/Viability · Neuroblastoma · GSTT2B, MTRNR2L8, ARGFX"
238,376,decreases cell proliferation,Fitness / Proliferation / Viability,,Lung Adenocarcinoma Cell Line,NCI-H23,Negative Selection,Knockout,unidirectional,17637,Meyers RM (2017),29083409,train,1902,1902,0,1,"Fitness/Viability · Melanoma · C1QBP, NDUFA10, PET117"
239,377,decreases cell proliferation,Fitness / Proliferation / Viability,,Non-Small Cell Lung Cancer Cell Line,NCI-H322,Negative Selection,Knockout,unidirectional,17637,Meyers RM (2017),29083409,train,2184,2184,0,7,"Fitness/Viability · Neuroblastoma · GSTT2B, MTRNR2L8, ARGFX"
240,378,decreases cell proliferation,Fitness / Proliferation / Viability,,Lung Adenocarcinoma Cell Line,NCI-H441,Negative Selection,Knockout,unidirectional,17637,Meyers RM (2017),29083409,train,2043,2043,0,7,"Fitness/Viability · Neuroblastoma · GSTT2B, MTRNR2L8, ARGFX"
241,379,decreases cell proliferation,Fitness / Proliferation / Viability,,Large Cell Lung Cancer Cell Line,NCI-H460,Negative Selection,Knockout,unidirectional,17637,Meyers RM (2017),29083409,train,1818,1818,0,7,"Fitness/Viability · Neuroblastoma · GSTT2B, MTRNR2L8, ARGFX"
242,380,decreases cell proliferation,Fitness / Proliferation / Viability,,Non-Small Cell Lung Cancer Cell Line,NCI-H520,Negative Selection,Knockout,unidirectional,17637,Meyers RM (2017),29083409,train,1660,1660,0,5,"Fitness/Viability · Cancer · OR5K2, SDC1, NBEAL1"
243,381,decreases cell proliferation,Fitness / Proliferation / Viability,,Cecum Cancer Cell Line,NCI-H716,Negative Selection,Knockout,unidirectional,17637,Meyers RM (2017),29083409,train,1597,1597,0,5,"Fitness/Viability · Cancer · OR5K2, SDC1, NBEAL1"
244,382,decreases cell proliferation,Fitness / Proliferation / Viability,,Colonic Cancer Cell Line,NCI-H747,Negative Selection,Knockout,unidirectional,17637,Meyers RM (2017),29083409,train,1820,1820,0,5,"Fitness/Viability · Cancer · OR5K2, SDC1, NBEAL1"
245,383,decreases cell proliferation,Fitness / Proliferation / Viability,,Lung Adenocarcinoma Cell Line,NCI-H838,Negative Selection,Knockout,unidirectional,17637,Meyers RM (2017),29083409,train,1974,1974,0,5,"Fitness/Viability · Cancer · OR5K2, SDC1, NBEAL1"
246,384,decreases cell proliferation,Fitness / Proliferation / Viability,,Non-Small Cell Lung Cancer Cell Line,NCI-H1299,Negative Selection,Knockout,unidirectional,17637,Meyers RM (2017),29083409,train,1850,1850,0,13,"Fitness/Viability · Cancer · ZFP90, CHGA, ARRB1"
247,385,decreases cell proliferation,Fitness / Proliferation / Viability,,Lung Adenocarcinoma Cell Line,NCI-H1437,Negative Selection,Knockout,unidirectional,17637,Meyers RM (2017),29083409,train,2231,2231,0,1,"Fitness/Viability · Melanoma · C1QBP, NDUFA10, PET117"
248,386,decreases cell proliferation,Fitness / Proliferation / Viability,,Non-Small Cell Lung Cancer Cell Line,NCI-H1581,Negative Selection,Knockout,unidirectional,17637,Meyers RM (2017),29083409,train,2140,2140,0,1,"Fitness/Viability · Melanoma · C1QBP, NDUFA10, PET117"
249,387,decreases cell proliferation,Fitness / Proliferation / Viability,,Lung Adenocarcinoma Cell Line,NCI-H1650,Negative Selection,Knockout,unidirectional,17637,Meyers RM (2017),29083409,train,1739,1739,0,7,"Fitness/Viability · Neuroblastoma · GSTT2B, MTRNR2L8, ARGFX"
250,388,decreases cell proliferation,Fitness / Proliferation / Viability,,Lung Cancer Cell Line,NCI-H1693,Negative Selection,Knockout,unidirectional,17637,Meyers RM (2017),29083409,train,1746,1746,0,5,"Fitness/Viability · Cancer · OR5K2, SDC1, NBEAL1"
251,389,decreases cell proliferation,Fitness / Proliferation / Viability,,Non-Small Cell Lung Cancer Cell Line,NCI-H1703,Negative Selection,Knockout,unidirectional,17637,Meyers RM (2017),29083409,train,2208,2208,0,1,"Fitness/Viability · Melanoma · C1QBP, NDUFA10, PET117"
252,390,decreases cell proliferation,Fitness / Proliferation / Viability,,Lung Cancer Cell Line,NCI-H1792,Negative Selection,Knockout,unidirectional,17637,Meyers RM (2017),29083409,train,1963,1963,0,7,"Fitness/Viability · Neuroblastoma · GSTT2B, MTRNR2L8, ARGFX"
253,391,decreases cell proliferation,Fitness / Proliferation / Viability,,Lung Cancer Cell Line,NCI-H1944,Negative Selection,Knockout,unidirectional,17637,Meyers RM (2017),29083409,train,2038,2038,0,7,"Fitness/Viability · Neuroblastoma · GSTT2B, MTRNR2L8, ARGFX"
254,392,decreases cell proliferation,Fitness / Proliferation / Viability,,Lung Cancer Cell Line,NCI-H2023,Negative Selection,Knockout,unidirectional,17637,Meyers RM (2017),29083409,train,2105,2105,0,13,"Fitness/Viability · Cancer · ZFP90, CHGA, ARRB1"
255,393,decreases cell proliferation,Fitness / Proliferation / Viability,,Lung Cancer Cell Line,NCI-H2030,Negative Selection,Knockout,unidirectional,17637,Meyers RM (2017),29083409,train,1772,1772,0,5,"Fitness/Viability · Cancer · OR5K2, SDC1, NBEAL1"
256,394,decreases cell proliferation,Fitness / Proliferation / Viability,,Lung Adenocarcinoma Cell Line,NCI-H2087,Negative Selection,Knockout,unidirectional,17637,Meyers RM (2017),29083409,train,1861,1861,0,7,"Fitness/Viability · Neuroblastoma · GSTT2B, MTRNR2L8, ARGFX"
257,395,decreases cell proliferation,Fitness / Proliferation / Viability,,Lung Cancer Cell Line,NCI-H2110,Negative Selection,Knockout,unidirectional,17637,Meyers RM (2017),29083409,train,1721,1721,0,7,"Fitness/Viability · Neuroblastoma · GSTT2B, MTRNR2L8, ARGFX"
258,396,decreases cell proliferation,Fitness / Proliferation / Viability,,Non-Small Cell Lung Cancer Cell Line,NCI-H2122,Negative Selection,Knockout,unidirectional,17637,Meyers RM (2017),29083409,train,1890,1890,0,7,"Fitness/Viability · Neuroblastoma · GSTT2B, MTRNR2L8, ARGFX"
259,397,decreases cell proliferation,Fitness / Proliferation / Viability,,Lung Adenocarcinoma Cell Line,NCI-H2126,Negative Selection,Knockout,unidirectional,17637,Meyers RM (2017),29083409,train,1663,1663,0,5,"Fitness/Viability · Cancer · OR5K2, SDC1, NBEAL1"
260,398,decreases cell proliferation,Fitness / Proliferation / Viability,,Lung Squamous Cell Carcinoma Cell Line,NCI-H2170,Negative Selection,Knockout,unidirectional,17637,Meyers RM (2017),29083409,train,1710,1710,0,5,"Fitness/Viability · Cancer · OR5K2, SDC1, NBEAL1"
261,399,decreases cell proliferation,Fitness / Proliferation / Viability,,Lung Cancer Cell Line,NCI-H2172,Negative Selection,Knockout,unidirectional,17637,Meyers RM (2017),29083409,train,2196,2196,0,1,"Fitness/Viability · Melanoma · C1QBP, NDUFA10, PET117"
262,400,decreases cell proliferation,Fitness / Proliferation / Viability,,Lung Adenocarcinoma Cell Line,NCI-H2291,Negative Selection,Knockout,unidirectional,17637,Meyers RM (2017),29083409,train,1735,1735,0,5,"Fitness/Viability · Cancer · OR5K2, SDC1, NBEAL1"
263,401,decreases cell proliferation,Fitness / Proliferation / Viability,,Gastric Cancer Cell Line,NCI-N87,Negative Selection,Knockout,unidirectional,17637,Meyers RM (2017),29083409,train,1284,1284,0,7,"Fitness/Viability · Neuroblastoma · GSTT2B, MTRNR2L8, ARGFX"
264,402,decreases cell proliferation,Fitness / Proliferation / Viability,,Acute Myeloid Leukemia Cell Line,NOMO-1,Negative Selection,Knockout,unidirectional,17637,Meyers RM (2017),29083409,train,1635,1635,0,7,"Fitness/Viability · Neuroblastoma · GSTT2B, MTRNR2L8, ARGFX"
265,403,decreases cell proliferation,Fitness / Proliferation / Viability,,Gastric Adenocarcinoma Cell Line,NUGC-3,Negative Selection,Knockout,unidirectional,17637,Meyers RM (2017),29083409,train,2235,2235,0,1,"Fitness/Viability · Melanoma · C1QBP, NDUFA10, PET117"
266,404,decreases cell proliferation,Fitness / Proliferation / Viability,,Ovary Adenocarcinoma Cell Line,OAW28,Negative Selection,Knockout,unidirectional,17637,Meyers RM (2017),29083409,train,2101,2101,0,1,"Fitness/Viability · Melanoma · C1QBP, NDUFA10, PET117"
267,405,decreases Gal-3 cell surface localization,Trafficking / Localization / Structural Phenotypes,,Cervical Adenocarcinoma Cell Line,HeLa,Phenotype Screen,Knockout,unidirectional,20649,Stewart SE (2017),28775154,train,1170,1170,0,0,"Drug/Chemical response · Lung Adenocarcinoma · NHEJ1, SLC35A2, SBNO2"
268,406,decreases cell proliferation,Fitness / Proliferation / Viability,,Esophageal Cancer Cell Line,OE21,Negative Selection,Knockout,unidirectional,17637,Meyers RM (2017),29083409,train,2057,2057,0,1,"Fitness/Viability · Melanoma · C1QBP, NDUFA10, PET117"
269,407,decreases cell proliferation,Fitness / Proliferation / Viability,,Esophageal Cancer Cell Line,OE33,Negative Selection,Knockout,unidirectional,17637,Meyers RM (2017),29083409,train,1856,1856,0,13,"Fitness/Viability · Cancer · ZFP90, CHGA, ARRB1"
270,408,decreases cell proliferation,Fitness / Proliferation / Viability,,Medulloblastoma Cell Line,ONS-76,Negative Selection,Knockout,unidirectional,17637,Meyers RM (2017),29083409,train,1836,1836,0,7,"Fitness/Viability · Neuroblastoma · GSTT2B, MTRNR2L8, ARGFX"
271,409,decreases cell proliferation,Fitness / Proliferation / Viability,,Renal Cell Carcinoma Cell Line,OS-RC-2,Negative Selection,Knockout,unidirectional,17637,Meyers RM (2017),29083409,train,1876,1876,0,5,"Fitness/Viability · Cancer · OR5K2, SDC1, NBEAL1"
272,410,decreases cell proliferation,Fitness / Proliferation / Viability,,Colonic Cancer Cell Line,OUMS-23,Negative Selection,Knockout,unidirectional,17637,Meyers RM (2017),29083409,train,1909,1909,0,7,"Fitness/Viability · Neuroblastoma · GSTT2B, MTRNR2L8, ARGFX"
273,411,decreases cell proliferation,Fitness / Proliferation / Viability,,Ovarian Cancer Cell Line,OV7,Negative Selection,Knockout,unidirectional,17637,Meyers RM (2017),29083409,train,1593,1593,0,5,"Fitness/Viability · Cancer · OR5K2, SDC1, NBEAL1"
274,412,decreases cell proliferation,Fitness / Proliferation / Viability,,Ovary Adenocarcinoma Cell Line,OV-90,Negative Selection,Knockout,unidirectional,17637,Meyers RM (2017),29083409,train,2125,2125,0,13,"Fitness/Viability · Cancer · ZFP90, CHGA, ARRB1"
275,413,decreases cell proliferation,Fitness / Proliferation / Viability,,Ovarian Cancer Cell Line,OVCAR-8,Negative Selection,Knockout,unidirectional,17637,Meyers RM (2017),29083409,train,2156,2156,0,13,"Fitness/Viability · Cancer · ZFP90, CHGA, ARRB1"
276,414,decreases cell proliferation,Fitness / Proliferation / Viability,,Ovary Adenocarcinoma Cell Line,OVISE,Negative Selection,Knockout,unidirectional,17637,Meyers RM (2017),29083409,train,2208,2208,0,1,"Fitness/Viability · Melanoma · C1QBP, NDUFA10, PET117"
277,415,decreases cell proliferation,Fitness / Proliferation / Viability,,Ovarian Cancer Cell Line,OVK-18,Negative Selection,Knockout,unidirectional,17637,Meyers RM (2017),29083409,train,2125,2125,0,1,"Fitness/Viability · Melanoma · C1QBP, NDUFA10, PET117"
278,416,decreases cell proliferation,Fitness / Proliferation / Viability,,Ovary Adenocarcinoma Cell Line,OVMANA,Negative Selection,Knockout,unidirectional,17637,Meyers RM (2017),29083409,train,1542,1542,0,7,"Fitness/Viability · Neuroblastoma · GSTT2B, MTRNR2L8, ARGFX"
279,418,decreases cell proliferation,Fitness / Proliferation / Viability,,Ovary Adenocarcinoma Cell Line,OVTOKO,Negative Selection,Knockout,unidirectional,17637,Meyers RM (2017),29083409,train,1661,1661,0,7,"Fitness/Viability · Neuroblastoma · GSTT2B, MTRNR2L8, ARGFX"
280,419,decreases cell proliferation,Fitness / Proliferation / Viability,,Lymphoma or Leukaemia Cell Line,P31/FUJ,Negative Selection,Knockout,unidirectional,17637,Meyers RM (2017),29083409,train,2142,2142,0,1,"Fitness/Viability · Melanoma · C1QBP, NDUFA10, PET117"
281,420,decreases cell proliferation,Fitness / Proliferation / Viability,,Cancer Cell Line,Panc 02.03,Negative Selection,Knockout,unidirectional,17637,Meyers RM (2017),29083409,train,1757,1757,0,5,"Fitness/Viability · Cancer · OR5K2, SDC1, NBEAL1"
282,421,decreases cell proliferation,Fitness / Proliferation / Viability,,Cancer Cell Line,Panc 04.03,Negative Selection,Knockout,unidirectional,17637,Meyers RM (2017),29083409,train,2162,2162,0,13,"Fitness/Viability · Cancer · ZFP90, CHGA, ARRB1"
283,422,decreases cell proliferation,Fitness / Proliferation / Viability,,Pancreatic Ductal Adenocarcinoma Cell Line,Panc 10.05,Negative Selection,Knockout,unidirectional,17637,Meyers RM (2017),29083409,train,1848,1848,0,5,"Fitness/Viability · Cancer · OR5K2, SDC1, NBEAL1"
284,423,decreases cell proliferation,Fitness / Proliferation / Viability,,Cancer Cell Line,PaTu 8988s,Negative Selection,Knockout,unidirectional,17637,Meyers RM (2017),29083409,train,2018,2018,0,13,"Fitness/Viability · Cancer · ZFP90, CHGA, ARRB1"
285,424,decreases cell proliferation,Fitness / Proliferation / Viability,,Lung Adenocarcinoma Cell Line,PC-14,Negative Selection,Knockout,unidirectional,17637,Meyers RM (2017),29083409,train,2132,2132,0,13,"Fitness/Viability · Cancer · ZFP90, CHGA, ARRB1"
286,425,decreases cell proliferation,Fitness / Proliferation / Viability,,Cancer Cell Line,PE/CA-PJ34 (clone C12),Negative Selection,Knockout,unidirectional,17637,Meyers RM (2017),29083409,train,2073,2073,0,1,"Fitness/Viability · Melanoma · C1QBP, NDUFA10, PET117"
287,426,decreases cell proliferation,Fitness / Proliferation / Viability,,Lymphoma or Leukaemia Cell Line,PF-382,Negative Selection,Knockout,unidirectional,17637,Meyers RM (2017),29083409,train,1704,1704,0,13,"Fitness/Viability · Cancer · ZFP90, CHGA, ARRB1"
288,427,decreases cell proliferation,Fitness / Proliferation / Viability,,Pancreatic Ductal Adenocarcinoma Cell Line,PK-1,Negative Selection,Knockout,unidirectional,17637,Meyers RM (2017),29083409,train,2072,2072,0,13,"Fitness/Viability · Cancer · ZFP90, CHGA, ARRB1"
289,428,decreases cell proliferation,Fitness / Proliferation / Viability,,Cancer Cell Line,PK-45H,Negative Selection,Knockout,unidirectional,17637,Meyers RM (2017),29083409,train,1721,1721,0,5,"Fitness/Viability · Cancer · OR5K2, SDC1, NBEAL1"
290,429,decreases cell proliferation,Fitness / Proliferation / Viability,,Hepatoma Cell Line,PLC/PRF/5,Negative Selection,Knockout,unidirectional,17637,Meyers RM (2017),29083409,train,1966,1966,0,1,"Fitness/Viability · Melanoma · C1QBP, NDUFA10, PET117"
291,430,decreases cell proliferation,Fitness / Proliferation / Viability,,Pancreatic Adenocarcinoma Cell Line,PSN1,Negative Selection,Knockout,unidirectional,17637,Meyers RM (2017),29083409,train,1571,1571,0,7,"Fitness/Viability · Neuroblastoma · GSTT2B, MTRNR2L8, ARGFX"
292,431,decreases cell proliferation,Fitness / Proliferation / Viability,,Renal Cell Carcinoma Cell Line,RCC10RGB,Negative Selection,Knockout,unidirectional,17637,Meyers RM (2017),29083409,train,1528,1528,0,7,"Fitness/Viability · Neuroblastoma · GSTT2B, MTRNR2L8, ARGFX"
293,432,decreases cell proliferation,Fitness / Proliferation / Viability,,Rhabdomyosarcoma Cell Line,RD,Negative Selection,Knockout,unidirectional,17637,Meyers RM (2017),29083409,train,2128,2128,0,1,"Fitness/Viability · Melanoma · C1QBP, NDUFA10, PET117"
294,433,decreases cell proliferation,Fitness / Proliferation / Viability,,Lung Adenocarcinoma Cell Line,RERF-LC-Ad1,Negative Selection,Knockout,unidirectional,17637,Meyers RM (2017),29083409,train,1819,1819,0,5,"Fitness/Viability · Cancer · OR5K2, SDC1, NBEAL1"
295,434,decreases cell proliferation,Fitness / Proliferation / Viability,,Lung Squamous Cell Carcinoma Cell Line,RERF-LC-A1,Negative Selection,Knockout,unidirectional,17637,Meyers RM (2017),29083409,train,1940,1940,0,5,"Fitness/Viability · Cancer · OR5K2, SDC1, NBEAL1"
296,435,decreases cell proliferation,Fitness / Proliferation / Viability,,Rhabdomyosarcoma Cell Line,Rh30,Negative Selection,Knockout,unidirectional,17637,Meyers RM (2017),29083409,train,1746,1746,0,7,"Fitness/Viability · Neuroblastoma · GSTT2B, MTRNR2L8, ARGFX"
297,436,decreases cell proliferation,Fitness / Proliferation / Viability,,Cancer Cell Line,RKN,Negative Selection,Knockout,unidirectional,17637,Meyers RM (2017),29083409,train,1876,1876,0,5,"Fitness/Viability · Cancer · OR5K2, SDC1, NBEAL1"
298,437,decreases cell proliferation,Fitness / Proliferation / Viability,,Colonic Cancer Cell Line,RKO,Negative Selection,Knockout,unidirectional,17637,Meyers RM (2017),29083409,train,2346,2346,0,1,"Fitness/Viability · Melanoma · C1QBP, NDUFA10, PET117"
299,438,decreases cell proliferation,Fitness / Proliferation / Viability,,Ovarian Cancer Cell Line,RMUG-S,Negative Selection,Knockout,unidirectional,17637,Meyers RM (2017),29083409,train,1676,1676,0,7,"Fitness/Viability · Neuroblastoma · GSTT2B, MTRNR2L8, ARGFX"
300,439,decreases cell proliferation,Fitness / Proliferation / Viability,,Melanoma Cell Line,RPMI-7951,Negative Selection,Knockout,unidirectional,17637,Meyers RM (2017),29083409,train,2126,2126,0,5,"Fitness/Viability · Cancer · OR5K2, SDC1, NBEAL1"
301,440,decreases cell proliferation,Fitness / Proliferation / Viability,,Bladder Transitional Cell Carcinoma Cell Line,RT-4,Negative Selection,Knockout,unidirectional,17637,Meyers RM (2017),29083409,train,1322,1322,0,7,"Fitness/Viability · Neuroblastoma · GSTT2B, MTRNR2L8, ARGFX"
302,441,decreases cell proliferation,Fitness / Proliferation / Viability,,Bladder Transitional Cell Carcinoma Cell Line,RT-112,Negative Selection,Knockout,unidirectional,17637,Meyers RM (2017),29083409,train,1902,1902,0,1,"Fitness/Viability · Melanoma · C1QBP, NDUFA10, PET117"
303,442,decreases cell proliferation,Fitness / Proliferation / Viability,,Bladder Carcinoma,RT112/84,Negative Selection,Knockout,unidirectional,17637,Meyers RM (2017),29083409,train,1861,1861,0,7,"Fitness/Viability · Neuroblastoma · GSTT2B, MTRNR2L8, ARGFX"
304,443,decreases cell proliferation,Fitness / Proliferation / Viability,,Melanoma Cell Line,RVH-421,Negative Selection,Knockout,unidirectional,17637,Meyers RM (2017),29083409,train,1757,1757,0,1,"Fitness/Viability · Melanoma · C1QBP, NDUFA10, PET117"
305,444,decreases cell proliferation,Fitness / Proliferation / Viability,,Urinary Bladder Squamous Cell Carcinoma Cell Line,SCaBER,Negative Selection,Knockout,unidirectional,17637,Meyers RM (2017),29083409,train,1807,1807,0,7,"Fitness/Viability · Neuroblastoma · GSTT2B, MTRNR2L8, ARGFX"
306,445,decreases cell proliferation,Fitness / Proliferation / Viability,,Glioblastoma Cell Line,SF295,Negative Selection,Knockout,unidirectional,17637,Meyers RM (2017),29083409,train,2217,2217,0,1,"Fitness/Viability · Melanoma · C1QBP, NDUFA10, PET117"
307,446,decreases cell proliferation,Fitness / Proliferation / Viability,,Glioblastoma Cell Line,SF767,Negative Selection,Knockout,unidirectional,17637,Meyers RM (2017),29083409,train,2022,2022,0,13,"Fitness/Viability · Cancer · ZFP90, CHGA, ARRB1"
308,447,decreases cell proliferation,Fitness / Proliferation / Viability,,Gastric Adenocarcinoma Cell Line,SH-10-TC,Negative Selection,Knockout,unidirectional,17637,Meyers RM (2017),29083409,train,1679,1679,0,7,"Fitness/Viability · Neuroblastoma · GSTT2B, MTRNR2L8, ARGFX"
309,448,decreases cell proliferation,Fitness / Proliferation / Viability,,Adrenal Gland Neuroblastoma,SiMa,Negative Selection,Knockout,unidirectional,17637,Meyers RM (2017),29083409,train,1924,1924,0,1,"Fitness/Viability · Melanoma · C1QBP, NDUFA10, PET117"
310,449,decreases cell proliferation,Fitness / Proliferation / Viability,,Osteosarcoma Cell Line,SJSA-1,Negative Selection,Knockout,unidirectional,17637,Meyers RM (2017),29083409,train,1846,1846,0,5,"Fitness/Viability · Cancer · OR5K2, SDC1, NBEAL1"
311,450,decreases cell proliferation,Fitness / Proliferation / Viability,,Breast Adenocarcinoma Cell Line,SK-BR-3,Negative Selection,Knockout,unidirectional,17637,Meyers RM (2017),29083409,train,1806,1806,0,5,"Fitness/Viability · Cancer · OR5K2, SDC1, NBEAL1"
312,451,decreases cell proliferation,Fitness / Proliferation / Viability,,Hepatoma Cell Line,SK-HEP-1,Negative Selection,Knockout,unidirectional,17637,Meyers RM (2017),29083409,train,1631,1631,0,5,"Fitness/Viability · Cancer · OR5K2, SDC1, NBEAL1"
313,452,decreases cell proliferation,Fitness / Proliferation / Viability,,Melanoma Cell Line,SK-MEL-24,Negative Selection,Knockout,unidirectional,17637,Meyers RM (2017),29083409,train,1766,1766,0,5,"Fitness/Viability · Cancer · OR5K2, SDC1, NBEAL1"
314,453,decreases cell proliferation,Fitness / Proliferation / Viability,,Melanoma Cell Line,SK-MEL-30,Negative Selection,Knockout,unidirectional,17637,Meyers RM (2017),29083409,train,1543,1543,0,7,"Fitness/Viability · Neuroblastoma · GSTT2B, MTRNR2L8, ARGFX"
315,454,decreases cell proliferation,Fitness / Proliferation / Viability,,Lung Squamous Cell Carcinoma Cell Line,SK-MES-1,Negative Selection,Knockout,unidirectional,17637,Meyers RM (2017),29083409,train,1835,1835,0,5,"Fitness/Viability · Cancer · OR5K2, SDC1, NBEAL1"
316,455,decreases cell proliferation,Fitness / Proliferation / Viability,,Neuroblastoma Cell Line,SK-N-AS,Negative Selection,Knockout,unidirectional,17637,Meyers RM (2017),29083409,train,2182,2182,0,1,"Fitness/Viability · Melanoma · C1QBP, NDUFA10, PET117"
317,456,decreases cell proliferation,Fitness / Proliferation / Viability,,Neuroblastoma Cell Line,SK-N-BE(2),Negative Selection,Knockout,unidirectional,17637,Meyers RM (2017),29083409,train,1978,1978,0,7,"Fitness/Viability · Neuroblastoma · GSTT2B, MTRNR2L8, ARGFX"
318,457,decreases cell proliferation,Fitness / Proliferation / Viability,,Neuroblastoma Cell Line,SK-N-DZ,Negative Selection,Knockout,unidirectional,17637,Meyers RM (2017),29083409,train,1825,1825,0,5,"Fitness/Viability · Cancer · OR5K2, SDC1, NBEAL1"
319,458,decreases cell proliferation,Fitness / Proliferation / Viability,,Neuroblastoma Cell Line,SK-N-FI,Negative Selection,Knockout,unidirectional,17637,Meyers RM (2017),29083409,train,1399,1399,0,7,"Fitness/Viability · Neuroblastoma · GSTT2B, MTRNR2L8, ARGFX"
320,459,decreases cell proliferation,Fitness / Proliferation / Viability,,Neuroepithelioma Cell Line,SK-N-MC,Negative Selection,Knockout,unidirectional,17637,Meyers RM (2017),29083409,train,1767,1767,0,7,"Fitness/Viability · Neuroblastoma · GSTT2B, MTRNR2L8, ARGFX"
321,460,decreases cell proliferation,Fitness / Proliferation / Viability,,Ovary Adenocarcinoma Cell Line,SK-OV-3,Negative Selection,Knockout,unidirectional,17637,Meyers RM (2017),29083409,train,1825,1825,0,5,"Fitness/Viability · Cancer · OR5K2, SDC1, NBEAL1"
322,461,decreases cell proliferation,Fitness / Proliferation / Viability,,Bladder Carcinoma,SLR20,Negative Selection,Knockout,unidirectional,17637,Meyers RM (2017),29083409,train,2196,2196,0,13,"Fitness/Viability · Cancer · ZFP90, CHGA, ARRB1"
323,462,decreases cell proliferation,Fitness / Proliferation / Viability,,Cancer Cell Line,SLR23,Negative Selection,Knockout,unidirectional,17637,Meyers RM (2017),29083409,train,2085,2085,0,1,"Fitness/Viability · Melanoma · C1QBP, NDUFA10, PET117"
324,463,decreases cell proliferation,Fitness / Proliferation / Viability,,Renal Cell Carcinoma Cell Line,SLR26,Negative Selection,Knockout,unidirectional,17637,Meyers RM (2017),29083409,train,1755,1755,0,5,"Fitness/Viability · Cancer · OR5K2, SDC1, NBEAL1"
325,464,decreases cell proliferation,Fitness / Proliferation / Viability,,Endometrial Cancer Cell Line,SNG-M,Negative Selection,Knockout,unidirectional,17637,Meyers RM (2017),29083409,train,1807,1807,0,5,"Fitness/Viability · Cancer · OR5K2, SDC1, NBEAL1"
326,465,decreases cell proliferation,Fitness / Proliferation / Viability,,Gastric Cancer Cell Line,SNU-1,Negative Selection,Knockout,unidirectional,17637,Meyers RM (2017),29083409,train,2207,2207,0,1,"Fitness/Viability · Melanoma · C1QBP, NDUFA10, PET117"
327,466,decreases cell proliferation,Fitness / Proliferation / Viability,,Ovarian Cancer Cell Line,SNU-8,Negative Selection,Knockout,unidirectional,17637,Meyers RM (2017),29083409,train,2175,2175,0,7,"Fitness/Viability · Neuroblastoma · GSTT2B, MTRNR2L8, ARGFX"
328,467,decreases cell proliferation,Fitness / Proliferation / Viability,,Glioma Cell Line,SNU-201,Negative Selection,Knockout,unidirectional,17637,Meyers RM (2017),29083409,train,1781,1781,0,5,"Fitness/Viability · Cancer · OR5K2, SDC1, NBEAL1"
329,468,decreases cell proliferation,Fitness / Proliferation / Viability,,Pancreatic Adenocarcinoma Cell Line,SNU-213,Negative Selection,Knockout,unidirectional,17637,Meyers RM (2017),29083409,train,1876,1876,0,5,"Fitness/Viability · Cancer · OR5K2, SDC1, NBEAL1"
330,469,decreases cell proliferation,Fitness / Proliferation / Viability,,Renal Cell Carcinoma Cell Line,SNU-349,Negative Selection,Knockout,unidirectional,17637,Meyers RM (2017),29083409,train,1709,1709,0,5,"Fitness/Viability · Cancer · OR5K2, SDC1, NBEAL1"
331,470,decreases cell proliferation,Fitness / Proliferation / Viability,,Hepatoma Cell Line,SNU-398,Negative Selection,Knockout,unidirectional,17637,Meyers RM (2017),29083409,train,2019,2019,0,1,"Fitness/Viability · Melanoma · C1QBP, NDUFA10, PET117"
332,471,decreases cell proliferation,Fitness / Proliferation / Viability,,Pancreatic Adenocarcinoma Cell Line,SNU-410,Negative Selection,Knockout,unidirectional,17637,Meyers RM (2017),29083409,train,1806,1806,0,5,"Fitness/Viability · Cancer · OR5K2, SDC1, NBEAL1"
333,472,decreases cell proliferation,Fitness / Proliferation / Viability,,Hepatoma Cell Line,SNU-449,Negative Selection,Knockout,unidirectional,17637,Meyers RM (2017),29083409,train,1932,1932,0,7,"Fitness/Viability · Neuroblastoma · GSTT2B, MTRNR2L8, ARGFX"
334,473,decreases cell proliferation,Fitness / Proliferation / Viability,,Colorectal Cancer Cell Line,SNU-503,Negative Selection,Knockout,unidirectional,17637,Meyers RM (2017),29083409,train,1568,1568,0,5,"Fitness/Viability · Cancer · OR5K2, SDC1, NBEAL1"
335,474,decreases cell proliferation,Fitness / Proliferation / Viability,,Uterine Carcinosarcoma Cell Line,SNU-685,Negative Selection,Knockout,unidirectional,17637,Meyers RM (2017),29083409,train,1918,1918,0,7,"Fitness/Viability · Neuroblastoma · GSTT2B, MTRNR2L8, ARGFX"
336,475,decreases cell proliferation,Fitness / Proliferation / Viability,,Ovarian Cancer Cell Line,SNU-840,Negative Selection,Knockout,unidirectional,17637,Meyers RM (2017),29083409,train,1620,1620,0,7,"Fitness/Viability · Neuroblastoma · GSTT2B, MTRNR2L8, ARGFX"
337,476,decreases cell proliferation,Fitness / Proliferation / Viability,,Pancreatic Cancer Cell Line,SUIT-2,Negative Selection,Knockout,unidirectional,17637,Meyers RM (2017),29083409,train,1836,1836,0,7,"Fitness/Viability · Neuroblastoma · GSTT2B, MTRNR2L8, ARGFX"
338,477,decreases cell proliferation,Fitness / Proliferation / Viability,,Anaplastic Large Cell Lymphoma Cell Line,SUP-M2,Negative Selection,Knockout,unidirectional,17637,Meyers RM (2017),29083409,train,2182,2182,0,1,"Fitness/Viability · Melanoma · C1QBP, NDUFA10, PET117"
339,478,decreases cell proliferation,Fitness / Proliferation / Viability,,T-lymphoma cell line,SUP-T1,Negative Selection,Knockout,unidirectional,17637,Meyers RM (2017),29083409,train,1435,1435,0,5,"Fitness/Viability · Cancer · OR5K2, SDC1, NBEAL1"
340,479,decreases cell proliferation,Fitness / Proliferation / Viability,,Colorectal Adenocarcinoma Cell Line,SW48,Negative Selection,Knockout,unidirectional,17637,Meyers RM (2017),29083409,train,1639,1639,0,7,"Fitness/Viability · Neuroblastoma · GSTT2B, MTRNR2L8, ARGFX"
341,480,decreases cell proliferation,Fitness / Proliferation / Viability,,Colonic Adenocarcinoma Cell Line,SW403,Negative Selection,Knockout,unidirectional,17637,Meyers RM (2017),29083409,train,1288,1288,0,7,"Fitness/Viability · Neuroblastoma · GSTT2B, MTRNR2L8, ARGFX"
342,481,decreases cell proliferation,Fitness / Proliferation / Viability,,Colonic Adenocarcinoma Cell Line,SW620,Negative Selection,Knockout,unidirectional,17637,Meyers RM (2017),29083409,train,1915,1915,0,1,"Fitness/Viability · Melanoma · C1QBP, NDUFA10, PET117"
343,482,decreases cell proliferation,Fitness / Proliferation / Viability,,Colonic Cancer Cell Line,SW837,Negative Selection,Knockout,unidirectional,17637,Meyers RM (2017),29083409,train,2021,2021,0,13,"Fitness/Viability · Cancer · ZFP90, CHGA, ARRB1"
344,483,decreases cell proliferation,Fitness / Proliferation / Viability,,Colonic Cancer Cell Line,SW1463,Negative Selection,Knockout,unidirectional,17637,Meyers RM (2017),29083409,train,1795,1795,0,5,"Fitness/Viability · Cancer · OR5K2, SDC1, NBEAL1"
345,484,decreases cell proliferation,Fitness / Proliferation / Viability,,Pancreatic Adenocarcinoma Cell Line,T3M-4,Negative Selection,Knockout,unidirectional,17637,Meyers RM (2017),29083409,train,1792,1792,0,7,"Fitness/Viability · Neuroblastoma · GSTT2B, MTRNR2L8, ARGFX"
346,485,decreases cell proliferation,Fitness / Proliferation / Viability,,Urinary Bladder Cancer Cell Line,T24,Negative Selection,Knockout,unidirectional,17637,Meyers RM (2017),29083409,train,1889,1889,0,7,"Fitness/Viability · Neuroblastoma · GSTT2B, MTRNR2L8, ARGFX"
347,486,decreases cell proliferation,Fitness / Proliferation / Viability,,Colonic Cancer Cell Line,T84,Negative Selection,Knockout,unidirectional,17637,Meyers RM (2017),29083409,train,2079,2079,0,7,"Fitness/Viability · Neuroblastoma · GSTT2B, MTRNR2L8, ARGFX"
348,487,decreases cell proliferation,Fitness / Proliferation / Viability,,Glioblastoma Cell Line,T98G,Negative Selection,Knockout,unidirectional,17637,Meyers RM (2017),29083409,train,1836,1836,0,5,"Fitness/Viability · Cancer · OR5K2, SDC1, NBEAL1"
349,488,decreases cell proliferation,Fitness / Proliferation / Viability,,Cancer Cell Line,TCC-Pan2,Negative Selection,Knockout,unidirectional,17637,Meyers RM (2017),29083409,train,2107,2107,0,13,"Fitness/Viability · Cancer · ZFP90, CHGA, ARRB1"
350,489,decreases cell proliferation,Fitness / Proliferation / Viability,,Bladder Carcinoma,TCCSUP,Negative Selection,Knockout,unidirectional,17637,Meyers RM (2017),29083409,train,2047,2047,0,13,"Fitness/Viability · Cancer · ZFP90, CHGA, ARRB1"
351,490,decreases cell proliferation,Fitness / Proliferation / Viability,,Esophageal Squamous Cell Carcinoma Cell Line,TE-1,Negative Selection,Knockout,unidirectional,17637,Meyers RM (2017),29083409,train,1884,1884,0,5,"Fitness/Viability · Cancer · OR5K2, SDC1, NBEAL1"
352,491,decreases cell proliferation,Fitness / Proliferation / Viability,,Esophageal Squamous Cell Carcinoma Cell Line,TE-5,Negative Selection,Knockout,unidirectional,17637,Meyers RM (2017),29083409,train,1745,1745,0,7,"Fitness/Viability · Neuroblastoma · GSTT2B, MTRNR2L8, ARGFX"
353,492,decreases cell proliferation,Fitness / Proliferation / Viability,,Endometrial Cancer Cell Line,TEN,Negative Selection,Knockout,unidirectional,17637,Meyers RM (2017),29083409,train,1869,1869,0,5,"Fitness/Viability · Cancer · OR5K2, SDC1, NBEAL1"
354,493,decreases cell proliferation,Fitness / Proliferation / Viability,,Erythroleukemia Cell Line,TF-1,Negative Selection,Knockout,unidirectional,17637,Meyers RM (2017),29083409,train,2038,2038,0,1,"Fitness/Viability · Melanoma · C1QBP, NDUFA10, PET117"
355,494,decreases cell proliferation,Fitness / Proliferation / Viability,,Ovarian Cancer Cell Line,TOV-21G,Negative Selection,Knockout,unidirectional,17637,Meyers RM (2017),29083409,train,2183,2183,0,1,"Fitness/Viability · Melanoma · C1QBP, NDUFA10, PET117"
356,495,decreases cell proliferation,Fitness / Proliferation / Viability,,Glioblastoma Cell Line,U-118MG,Negative Selection,Knockout,unidirectional,17637,Meyers RM (2017),29083409,train,1813,1813,0,5,"Fitness/Viability · Cancer · OR5K2, SDC1, NBEAL1"
357,496,decreases cell proliferation,Fitness / Proliferation / Viability,,Glioma Cell Line,U-178MG,Negative Selection,Knockout,unidirectional,17637,Meyers RM (2017),29083409,train,1490,1490,0,7,"Fitness/Viability · Neuroblastoma · GSTT2B, MTRNR2L8, ARGFX"
358,497,decreases cell proliferation,Fitness / Proliferation / Viability,,Renal Cell Carcinoma Cell Line,UOK101,Negative Selection,Knockout,unidirectional,17637,Meyers RM (2017),29083409,train,1699,1699,0,7,"Fitness/Viability · Neuroblastoma · GSTT2B, MTRNR2L8, ARGFX"
359,498,decreases cell proliferation,Fitness / Proliferation / Viability,,Melanoma Cell Line,WM1799,Negative Selection,Knockout,unidirectional,17637,Meyers RM (2017),29083409,train,2016,2016,0,1,"Fitness/Viability · Melanoma · C1QBP, NDUFA10, PET117"
360,503,impacts cell proliferation,Fitness / Proliferation / Viability,,B-lymphoma cell line,BJAB,Positive and Negative Selection,Knockout,recovered_bidirectional,18701,Reddy A (2017),28985567,train,1390,1390,0,9,"Fitness/Viability · Acute Myeloid Leukemia · SPDYE5, WASHC1, GOLGA8O"
361,504,impacts cell proliferation,Fitness / Proliferation / Viability,,Lymphoma or Leukaemia Cell Line,SU-DHL-4,Positive and Negative Selection,Knockout,recovered_bidirectional,18701,Reddy A (2017),28985567,train,2735,2735,0,9,"Fitness/Viability · Acute Myeloid Leukemia · SPDYE5, WASHC1, GOLGA8O"
362,505,impacts cell proliferation,Fitness / Proliferation / Viability,,Lymphoblastoid Cell Line,Pfeiffer,Positive and Negative Selection,Knockout,recovered_bidirectional,18700,Reddy A (2017),28985567,train,432,432,0,9,"Fitness/Viability · Acute Myeloid Leukemia · SPDYE5, WASHC1, GOLGA8O"
363,506,impacts cell proliferation,Fitness / Proliferation / Viability,,B-cell non-Hodgkin lymphoma cell line,OCI-Ly3,Positive and Negative Selection,Knockout,recovered_bidirectional,18701,Reddy A (2017),28985567,train,2256,2256,0,9,"Fitness/Viability · Acute Myeloid Leukemia · SPDYE5, WASHC1, GOLGA8O"
364,507,impacts cell proliferation,Fitness / Proliferation / Viability,,Diffuse Large B-cell Lymphoma Cell,HBL-1,Positive and Negative Selection,Knockout,recovered_bidirectional,18701,Reddy A (2017),28985567,train,415,415,0,9,"Fitness/Viability · Acute Myeloid Leukemia · SPDYE5, WASHC1, GOLGA8O"
365,508,impacts cell proliferation,Fitness / Proliferation / Viability,,Lymphoma or Leukaemia Cell Line,TMD8,Positive and Negative Selection,Knockout,recovered_bidirectional,18701,Reddy A (2017),28985567,train,1569,1569,0,9,"Fitness/Viability · Acute Myeloid Leukemia · SPDYE5, WASHC1, GOLGA8O"
366,509,decreases cell proliferation,Fitness / Proliferation / Viability,,Colonic Adenocarcinoma Cell Line,C2BBe1,Negative Selection,Knockout,unidirectional,17637,Meyers RM (2017),29083409,train,1911,1911,0,13,"Fitness/Viability · Cancer · ZFP90, CHGA, ARRB1"
367,510,decreases cell proliferation,Fitness / Proliferation / Viability,,Melanoma Cell Line,C32,Negative Selection,Knockout,unidirectional,17637,Meyers RM (2017),29083409,train,1902,1902,0,1,"Fitness/Viability · Melanoma · C1QBP, NDUFA10, PET117"
368,511,decreases cell proliferation,Fitness / Proliferation / Viability,,Renal Cell Carcinoma Cell Line,Caki-1,Negative Selection,Knockout,unidirectional,17637,Meyers RM (2017),29083409,train,1621,1621,0,7,"Fitness/Viability · Neuroblastoma · GSTT2B, MTRNR2L8, ARGFX"
369,512,decreases cell proliferation,Fitness / Proliferation / Viability,,Cancer Cell Line,Caki-2,Negative Selection,Knockout,unidirectional,17637,Meyers RM (2017),29083409,train,1527,1527,0,7,"Fitness/Viability · Neuroblastoma · GSTT2B, MTRNR2L8, ARGFX"
370,513,decreases cell proliferation,Fitness / Proliferation / Viability,,Breast Adenocarcinoma Cell Line,CAL-51,Negative Selection,Knockout,unidirectional,17637,Meyers RM (2017),29083409,train,2264,2264,0,1,"Fitness/Viability · Melanoma · C1QBP, NDUFA10, PET117"
371,514,decreases cell proliferation,Fitness / Proliferation / Viability,,Esophageal Squamous Cell Carcinoma Cell Line,KYSE-30,Negative Selection,Knockout,unidirectional,17637,Meyers RM (2017),29083409,train,1983,1983,0,13,"Fitness/Viability · Cancer · ZFP90, CHGA, ARRB1"
372,515,decreases cell proliferation,Fitness / Proliferation / Viability,,Endometrial Cancer Cell Line,HEC-6,Negative Selection,Knockout,unidirectional,17637,Meyers RM (2017),29083409,train,1575,1575,0,5,"Fitness/Viability · Cancer · OR5K2, SDC1, NBEAL1"
373,516,decreases cell proliferation,Fitness / Proliferation / Viability,,Chondrosarcoma,CAL-78,Negative Selection,Knockout,unidirectional,17637,Meyers RM (2017),29083409,train,1735,1735,0,5,"Fitness/Viability · Cancer · OR5K2, SDC1, NBEAL1"
374,517,decreases cell proliferation,Fitness / Proliferation / Viability,,Lung Cancer Cell Line,Calu-6,Negative Selection,Knockout,unidirectional,17637,Meyers RM (2017),29083409,train,1864,1864,0,5,"Fitness/Viability · Cancer · OR5K2, SDC1, NBEAL1"
375,518,decreases cell proliferation,Fitness / Proliferation / Viability,,Breast Adenocarcinoma Cell Line,CAMA-1,Negative Selection,Knockout,unidirectional,17637,Meyers RM (2017),29083409,train,1563,1563,0,5,"Fitness/Viability · Cancer · OR5K2, SDC1, NBEAL1"
376,519,decreases cell proliferation,Fitness / Proliferation / Viability,,Glioblastoma Cell Line,CAS-1,Negative Selection,Knockout,unidirectional,17637,Meyers RM (2017),29083409,train,1727,1727,0,5,"Fitness/Viability · Cancer · OR5K2, SDC1, NBEAL1"
377,520,decreases cell proliferation,Fitness / Proliferation / Viability,,Astrocytoma Cell Line,CCF-STTG1,Negative Selection,Knockout,unidirectional,17637,Meyers RM (2017),29083409,train,1873,1873,0,13,"Fitness/Viability · Cancer · ZFP90, CHGA, ARRB1"
378,521,decreases cell proliferation,Fitness / Proliferation / Viability,,Colonic Adenocarcinoma Cell Line,CCK-81,Negative Selection,Knockout,unidirectional,17637,Meyers RM (2017),29083409,train,1133,1133,0,7,"Fitness/Viability · Neuroblastoma · GSTT2B, MTRNR2L8, ARGFX"
379,522,decreases cell proliferation,Fitness / Proliferation / Viability,,Lung Cancer Cell Line,ChaGo-K-1,Negative Selection,Knockout,unidirectional,17637,Meyers RM (2017),29083409,train,1757,1757,0,5,"Fitness/Viability · Cancer · OR5K2, SDC1, NBEAL1"
380,523,decreases cell proliferation,Fitness / Proliferation / Viability,,Neuroblastoma Cell Line,CHP-212,Negative Selection,Knockout,unidirectional,17637,Meyers RM (2017),29083409,train,2080,2080,0,1,"Fitness/Viability · Melanoma · C1QBP, NDUFA10, PET117"
381,524,decreases cell proliferation,Fitness / Proliferation / Viability,,Colorectal Cancer Cell Line,CL-40,Negative Selection,Knockout,unidirectional,17637,Meyers RM (2017),29083409,train,1845,1845,0,7,"Fitness/Viability · Neuroblastoma · GSTT2B, MTRNR2L8, ARGFX"
382,525,decreases cell proliferation,Fitness / Proliferation / Viability,,Colonic Cancer Cell Line,COLO 678,Negative Selection,Knockout,unidirectional,17637,Meyers RM (2017),29083409,train,1537,1537,0,5,"Fitness/Viability · Cancer · OR5K2, SDC1, NBEAL1"
383,526,decreases cell proliferation,Fitness / Proliferation / Viability,,Melanoma Cell Line,COLO 679,Negative Selection,Knockout,unidirectional,17637,Meyers RM (2017),29083409,train,1926,1926,0,1,"Fitness/Viability · Melanoma · C1QBP, NDUFA10, PET117"
384,527,decreases cell proliferation,Fitness / Proliferation / Viability,,Melanoma Cell Line,COLO 792,Negative Selection,Knockout,unidirectional,17637,Meyers RM (2017),29083409,train,2143,2143,0,1,"Fitness/Viability · Melanoma · C1QBP, NDUFA10, PET117"
385,528,decreases cell proliferation,Fitness / Proliferation / Viability,,Melanoma Cell Line,COLO 800,Negative Selection,Knockout,unidirectional,17637,Meyers RM (2017),29083409,train,1956,1956,0,1,"Fitness/Viability · Melanoma · C1QBP, NDUFA10, PET117"
386,529,decreases cell proliferation,Fitness / Proliferation / Viability,,Lung Cancer Cell Line,COR-L47,Negative Selection,Knockout,unidirectional,17637,Meyers RM (2017),29083409,train,1413,1413,0,5,"Fitness/Viability · Cancer · OR5K2, SDC1, NBEAL1"
387,530,decreases cell proliferation,Fitness / Proliferation / Viability,,Lung Cancer Cell Line,COR-L279,Negative Selection,Knockout,unidirectional,17637,Meyers RM (2017),29083409,train,1578,1578,0,5,"Fitness/Viability · Cancer · OR5K2, SDC1, NBEAL1"
388,531,decreases cell proliferation,Fitness / Proliferation / Viability,,Ovarian Cancer Cell Line,COV318,Negative Selection,Knockout,unidirectional,17637,Meyers RM (2017),29083409,train,1788,1788,0,5,"Fitness/Viability · Cancer · OR5K2, SDC1, NBEAL1"
389,532,decreases cell proliferation,Fitness / Proliferation / Viability,,Cancer Cell Line,COV362,Negative Selection,Knockout,unidirectional,17637,Meyers RM (2017),29083409,train,1811,1811,0,5,"Fitness/Viability · Cancer · OR5K2, SDC1, NBEAL1"
390,533,decreases cell proliferation,Fitness / Proliferation / Viability,,Ovarian Cancer Cell Line,COV434,Negative Selection,Knockout,unidirectional,17637,Meyers RM (2017),29083409,train,2221,2221,0,1,"Fitness/Viability · Melanoma · C1QBP, NDUFA10, PET117"
391,534,decreases cell proliferation,Fitness / Proliferation / Viability,,Ovarian Cancer Cell Line,COV504,Negative Selection,Knockout,unidirectional,17637,Meyers RM (2017),29083409,train,2072,2072,0,13,"Fitness/Viability · Cancer · ZFP90, CHGA, ARRB1"
392,535,decreases cell proliferation,Fitness / Proliferation / Viability,,Cancer Cell Line,COV644,Negative Selection,Knockout,unidirectional,17637,Meyers RM (2017),29083409,train,1541,1541,0,5,"Fitness/Viability · Cancer · OR5K2, SDC1, NBEAL1"
393,536,decreases cell proliferation,Fitness / Proliferation / Viability,,Bladder Carcinoma,CAL-29,Negative Selection,Knockout,unidirectional,17637,Meyers RM (2017),29083409,train,1851,1851,0,5,"Fitness/Viability · Cancer · OR5K2, SDC1, NBEAL1"
394,537,decreases cell proliferation,Fitness / Proliferation / Viability,,Melanoma Cell Line,A-375,Negative Selection,Knockout,unidirectional,17595,Aguirre AJ (2016),27260156,train,2099,2099,0,19,"Fitness/Viability · Cancer · LRRC2, PCDHGA4, IL1B"
395,538,decreases cell proliferation,Fitness / Proliferation / Viability,,Rhabdomyosarcoma Cell Line,A-673,Negative Selection,Knockout,unidirectional,17595,Aguirre AJ (2016),27260156,train,1922,1922,0,19,"Fitness/Viability · Cancer · LRRC2, PCDHGA4, IL1B"
396,539,decreases cell proliferation,Fitness / Proliferation / Viability,,Pancreatic Adenocarcinoma Cell Line,BxPC-3,Negative Selection,Knockout,unidirectional,17595,Aguirre AJ (2016),27260156,train,1875,1875,0,19,"Fitness/Viability · Cancer · LRRC2, PCDHGA4, IL1B"
397,540,decreases cell proliferation,Fitness / Proliferation / Viability,,Cancer Cell Line,CADO-ES1,Negative Selection,Knockout,unidirectional,17595,Aguirre AJ (2016),27260156,train,1721,1721,0,19,"Fitness/Viability · Cancer · LRRC2, PCDHGA4, IL1B"
398,541,decreases cell proliferation,Fitness / Proliferation / Viability,,Breast Cancer Cell Line,CAL-120,Negative Selection,Knockout,unidirectional,17595,Aguirre AJ (2016),27260156,train,1491,1491,0,19,"Fitness/Viability · Cancer · LRRC2, PCDHGA4, IL1B"
399,542,decreases cell proliferation,Fitness / Proliferation / Viability,,Lung Cancer Cell Line,COR-L105,Negative Selection,Knockout,unidirectional,17595,Aguirre AJ (2016),27260156,train,2129,2129,0,19,"Fitness/Viability · Cancer · LRRC2, PCDHGA4, IL1B"
400,543,decreases cell proliferation,Fitness / Proliferation / Viability,,Cancer Cell Line,EW-8,Negative Selection,Knockout,unidirectional,17595,Aguirre AJ (2016),27260156,train,1874,1874,0,19,"Fitness/Viability · Cancer · LRRC2, PCDHGA4, IL1B"
401,544,decreases cell proliferation,Fitness / Proliferation / Viability,,Cancer Cell Line,EWS-502,Negative Selection,Knockout,unidirectional,17595,Aguirre AJ (2016),27260156,train,2009,2009,0,19,"Fitness/Viability · Cancer · LRRC2, PCDHGA4, IL1B"
402,545,decreases cell proliferation,Fitness / Proliferation / Viability,,Renal Cancer Cell Line,G-402,Negative Selection,Knockout,unidirectional,17595,Aguirre AJ (2016),27260156,train,1879,1879,0,19,"Fitness/Viability · Cancer · LRRC2, PCDHGA4, IL1B"
403,546,decreases cell proliferation,Fitness / Proliferation / Viability,,Lung Cancer Cell Line,HCC44,Negative Selection,Knockout,unidirectional,17595,Aguirre AJ (2016),27260156,train,1776,1776,0,19,"Fitness/Viability · Cancer · LRRC2, PCDHGA4, IL1B"
404,547,decreases cell proliferation,Fitness / Proliferation / Viability,,Melanoma Cell Line,Hs 294T,Negative Selection,Knockout,unidirectional,17595,Aguirre AJ (2016),27260156,train,1874,1874,0,19,"Fitness/Viability · Cancer · LRRC2, PCDHGA4, IL1B"
405,548,decreases cell proliferation,Fitness / Proliferation / Viability,,Colonic Adenocarcinoma Cell Line,HT-29,Negative Selection,Knockout,unidirectional,17595,Aguirre AJ (2016),27260156,train,2136,2136,0,19,"Fitness/Viability · Cancer · LRRC2, PCDHGA4, IL1B"
406,549,decreases cell proliferation,Fitness / Proliferation / Viability,,Chronic Myeloid Leukemia Cell Line,K-562,Negative Selection,Knockout,unidirectional,17595,Aguirre AJ (2016),27260156,train,1744,1744,0,19,"Fitness/Viability · Cancer · LRRC2, PCDHGA4, IL1B"
407,550,decreases cell proliferation,Fitness / Proliferation / Viability,,Pancreatic Cancer Cell Line,L3.3,Negative Selection,Knockout,unidirectional,17595,Aguirre AJ (2016),27260156,train,1200,1200,0,19,"Fitness/Viability · Cancer · LRRC2, PCDHGA4, IL1B"
408,551,decreases cell proliferation,Fitness / Proliferation / Viability,,Prostate Cancer Cell Line,LNCaP,Negative Selection,Knockout,unidirectional,17595,Aguirre AJ (2016),27260156,train,1910,1910,0,19,"Fitness/Viability · Cancer · LRRC2, PCDHGA4, IL1B"
409,552,decreases cell proliferation,Fitness / Proliferation / Viability,,Melanoma Cell Line,MeWo,Negative Selection,Knockout,unidirectional,17595,Aguirre AJ (2016),27260156,train,1751,1751,0,19,"Fitness/Viability · Cancer · LRRC2, PCDHGA4, IL1B"
410,553,decreases cell proliferation,Fitness / Proliferation / Viability,,Cancer Cell Line,MHH-ES-1,Negative Selection,Knockout,unidirectional,17595,Aguirre AJ (2016),27260156,train,1868,1868,0,19,"Fitness/Viability · Cancer · LRRC2, PCDHGA4, IL1B"
411,554,decreases cell proliferation,Fitness / Proliferation / Viability,,Lung Cancer Cell Line,NCI-H1373,Negative Selection,Knockout,unidirectional,17595,Aguirre AJ (2016),27260156,train,1595,1595,0,19,"Fitness/Viability · Cancer · LRRC2, PCDHGA4, IL1B"
412,555,decreases cell proliferation,Fitness / Proliferation / Viability,,Lung Cancer Cell Line,NCI-H2009,Negative Selection,Knockout,unidirectional,17595,Aguirre AJ (2016),27260156,train,2106,2106,0,19,"Fitness/Viability · Cancer · LRRC2, PCDHGA4, IL1B"
413,556,decreases cell proliferation,Fitness / Proliferation / Viability,,Pancreatic Cancer Cell Line,PANC-1,Negative Selection,Knockout,unidirectional,17595,Aguirre AJ (2016),27260156,train,1765,1765,0,19,"Fitness/Viability · Cancer · LRRC2, PCDHGA4, IL1B"
414,557,decreases cell proliferation,Fitness / Proliferation / Viability,,Cancer Cell Line,Panc 03.27,Negative Selection,Knockout,unidirectional,17595,Aguirre AJ (2016),27260156,train,1759,1759,0,19,"Fitness/Viability · Cancer · LRRC2, PCDHGA4, IL1B"
415,558,decreases cell proliferation,Fitness / Proliferation / Viability,,Cancer Cell Line,Panc 08.13,Negative Selection,Knockout,unidirectional,17595,Aguirre AJ (2016),27260156,train,2144,2144,0,19,"Fitness/Viability · Cancer · LRRC2, PCDHGA4, IL1B"
416,559,decreases cell proliferation,Fitness / Proliferation / Viability,,Cancer Cell Line,PaTu 8902,Negative Selection,Knockout,unidirectional,17595,Aguirre AJ (2016),27260156,train,1756,1756,0,19,"Fitness/Viability · Cancer · LRRC2, PCDHGA4, IL1B"
417,560,decreases cell proliferation,Fitness / Proliferation / Viability,,Cancer Cell Line,PaTu 8988s,Negative Selection,Knockout,unidirectional,17595,Aguirre AJ (2016),27260156,train,1996,1996,0,19,"Fitness/Viability · Cancer · LRRC2, PCDHGA4, IL1B"
418,561,decreases cell proliferation,Fitness / Proliferation / Viability,,Prostate Cancer Cell Line,PC-3,Negative Selection,Knockout,unidirectional,17595,Aguirre AJ (2016),27260156,train,1213,1213,0,19,"Fitness/Viability · Cancer · LRRC2, PCDHGA4, IL1B"
419,562,decreases cell proliferation,Fitness / Proliferation / Viability,,Cancer Cell Line,RD-ES,Negative Selection,Knockout,unidirectional,17595,Aguirre AJ (2016),27260156,train,1519,1519,0,19,"Fitness/Viability · Cancer · LRRC2, PCDHGA4, IL1B"
420,563,decreases cell proliferation,Fitness / Proliferation / Viability,,Cancer Cell Line,SK-ES-1,Negative Selection,Knockout,unidirectional,17595,Aguirre AJ (2016),27260156,train,1583,1583,0,19,"Fitness/Viability · Cancer · LRRC2, PCDHGA4, IL1B"
421,564,decreases cell proliferation,Fitness / Proliferation / Viability,,Pancreatic Ductal Adenocarcinoma Cell Line,SU.86.86,Negative Selection,Knockout,unidirectional,17595,Aguirre AJ (2016),27260156,train,1833,1833,0,19,"Fitness/Viability · Cancer · LRRC2, PCDHGA4, IL1B"
422,565,decreases cell proliferation,Fitness / Proliferation / Viability,,Breast Cancer Cell Line,T-47D,Negative Selection,Knockout,unidirectional,17595,Aguirre AJ (2016),27260156,train,1764,1764,0,19,"Fitness/Viability · Cancer · LRRC2, PCDHGA4, IL1B"
423,566,decreases cell proliferation,Fitness / Proliferation / Viability,,Ewing's Sarcoma Cell Line,TC-32,Negative Selection,Knockout,unidirectional,17595,Aguirre AJ (2016),27260156,train,1671,1671,0,19,"Fitness/Viability · Cancer · LRRC2, PCDHGA4, IL1B"
424,567,decreases cell proliferation,Fitness / Proliferation / Viability,,Ewing's Sarcoma Cell Line,TC-71,Negative Selection,Knockout,unidirectional,17595,Aguirre AJ (2016),27260156,train,1541,1541,0,19,"Fitness/Viability · Cancer · LRRC2, PCDHGA4, IL1B"
425,568,decreases cell proliferation,Fitness / Proliferation / Viability,,Ovarian Cancer Cell Line,TOV-112D,Negative Selection,Knockout,unidirectional,17595,Aguirre AJ (2016),27260156,train,1724,1724,0,19,"Fitness/Viability · Cancer · LRRC2, PCDHGA4, IL1B"
426,569,decreases cell proliferation,Fitness / Proliferation / Viability,,Colorectal Cancer Cell Line,COLO 741,Negative Selection,Knockout,unidirectional,17595,Aguirre AJ (2016),27260156,train,1731,1731,0,19,"Fitness/Viability · Cancer · LRRC2, PCDHGA4, IL1B"
427,570,decreases cell proliferation,Fitness / Proliferation / Viability,,Glioblastoma Cell Line,GSC-0131,Negative Selection,Knockout,unidirectional,17964,Toledo CM (2015),26673326,train,1815,1815,0,1,"Fitness/Viability · Melanoma · C1QBP, NDUFA10, PET117"
428,571,decreases cell proliferation,Fitness / Proliferation / Viability,,Glioblastoma Cell Line,GSC-0827,Negative Selection,Knockout,unidirectional,17964,Toledo CM (2015),26673326,train,1239,1239,0,1,"Fitness/Viability · Melanoma · C1QBP, NDUFA10, PET117"
429,572,decreases cell proliferation,Fitness / Proliferation / Viability,,Neural Stem Cell Line,NSC-CB660,Negative Selection,Knockout,unidirectional,17964,Toledo CM (2015),26673326,train,1665,1665,0,1,"Fitness/Viability · Melanoma · C1QBP, NDUFA10, PET117"
430,573,decreases cell proliferation,Fitness / Proliferation / Viability,,Neural Stem Cell Line,NSC-U5,Negative Selection,Knockout,unidirectional,17964,Toledo CM (2015),26673326,train,1926,1926,0,1,"Fitness/Viability · Melanoma · C1QBP, NDUFA10, PET117"
431,574,decreases cell proliferation,Fitness / Proliferation / Viability,,Acute Myeloid Leukemia Cell Line,MOLM-13,Negative Selection,Knockout,unidirectional,17966,Tzelepis K (2016),27760321,train,1358,1358,0,12,"Fitness/Viability · Cancer · MRPS33, PDSS1, ISCA1"
432,575,decreases cell proliferation,Fitness / Proliferation / Viability,,Acute Myeloid Leukemia Cell Line,MV4-11,Negative Selection,Knockout,unidirectional,17966,Tzelepis K (2016),27760321,train,940,940,0,14,"Fitness/Viability · Oral Squamous Cell Carcinoma · TUBB4B, LAS1L, PGK1"
433,576,decreases cell proliferation,Fitness / Proliferation / Viability,,Acute Myeloid Leukemia Cell Line,OCI-AML-2,Negative Selection,Knockout,unidirectional,17966,Tzelepis K (2016),27760321,train,1664,1664,0,12,"Fitness/Viability · Cancer · MRPS33, PDSS1, ISCA1"
434,577,decreases cell proliferation,Fitness / Proliferation / Viability,,Acute Myeloid Leukemia Cell Line,OCI-AML-3,Negative Selection,Knockout,unidirectional,17966,Tzelepis K (2016),27760321,train,1473,1473,0,12,"Fitness/Viability · Cancer · MRPS33, PDSS1, ISCA1"
435,583,increases NCOA4 protein accumulation as measured by GFP-tagged NCOA4 in cells,Trafficking / Localization / Structural Phenotypes,,Glioma Cell Line,H4,Phenotype Screen,Knockout,unidirectional,17850,Goodwin JM (2017),28877469,train,1717,1717,0,9,"Fitness/Viability · Acute Myeloid Leukemia · SPDYE5, WASHC1, GOLGA8O"
436,584,increases drug resistance to vemurafenib,Drug / Chemical / Environmental Response, under Vemurafenib treatment (2 µM),Melanoma Cell Line,A-375,Positive Selection,Knockout,unidirectional,2371,Doench JG (2016),26780180,train,94,94,0,3,"Drug/Chemical response · Retinal Pigment Epithelium · PDCD10, NF2, TAOK1"
437,585,increases resistance to vemurafenib as measured by increased cell survival/proliferation under treatment,Drug / Chemical / Environmental Response, under Vemurafenib treatment (2 µM),Melanoma Cell Line,A-375,Positive Selection,Knockout,unidirectional,2333,Doench JG (2016),26780180,train,92,92,0,3,"Drug/Chemical response · Retinal Pigment Epithelium · PDCD10, NF2, TAOK1"
438,586,increases protein accumulation as measured by increased p62 levels,Molecular Output / Reporter / Pathway Activity,,Glioma Cell Line,H4,Phenotype Screen,Knockout,unidirectional,1046,Goodwin JM (2017),28877469,train,94,94,0,25,"Reporter/Pathway activity · Chronic Myeloid Leukemia · ATG14, WIPI2, WDR45"
439,587,decreases p62 protein accumulation as measured by reduced GFP-p62 levels in FACS,Trafficking / Localization / Structural Phenotypes,,Glioma Cell Line,H4,Phenotype Screen,Knockout,unidirectional,1046,Goodwin JM (2017),28877469,train,121,121,0,14,"Fitness/Viability · Oral Squamous Cell Carcinoma · TUBB4B, LAS1L, PGK1"
440,588,increases p62 protein accumulation in FIP200 knockout cells,Molecular Output / Reporter / Pathway Activity,,Glioma Cell Line,H4,Phenotype Screen,Knockout,unidirectional,1046,Goodwin JM (2017),28877469,train,87,87,0,25,"Reporter/Pathway activity · Chronic Myeloid Leukemia · ATG14, WIPI2, WDR45"
441,589,decreases p62 protein accumulation as measured by reduced GFP-p62 levels in a FIP200 knockout background,Molecular Output / Reporter / Pathway Activity,,Glioma Cell Line,H4,Phenotype Screen,Knockout,unidirectional,1046,Goodwin JM (2017),28877469,train,93,93,0,14,"Fitness/Viability · Oral Squamous Cell Carcinoma · TUBB4B, LAS1L, PGK1"
442,590,increases TAX1BP1 protein accumulation as measured by GFP-tag and FACS sorting,Trafficking / Localization / Structural Phenotypes,,Glioma Cell Line,H4,Phenotype Screen,Knockout,unidirectional,1046,Goodwin JM (2017),28877469,train,66,66,0,25,"Reporter/Pathway activity · Chronic Myeloid Leukemia · ATG14, WIPI2, WDR45"
443,591,decreases TAX1BP1 protein abundance as determined by GFP-tag and FACS sorting,Molecular Output / Reporter / Pathway Activity,,Glioma Cell Line,H4,Phenotype Screen,Knockout,unidirectional,1046,Goodwin JM (2017),28877469,train,73,73,0,14,"Fitness/Viability · Oral Squamous Cell Carcinoma · TUBB4B, LAS1L, PGK1"
444,592,increases TAX1BP1 protein accumulation in a FIP200 knockout background as measured by GFP-tag levels via FACS sorting,Trafficking / Localization / Structural Phenotypes,,Glioma Cell Line,H4,Phenotype Screen,Knockout,unidirectional,1046,Goodwin JM (2017),28877469,train,103,103,0,25,"Reporter/Pathway activity · Chronic Myeloid Leukemia · ATG14, WIPI2, WDR45"
445,593,decreases TAX1BP1 protein accumulation in a FIP200 knockout background,Trafficking / Localization / Structural Phenotypes,,Glioma Cell Line,H4,Phenotype Screen,Knockout,unidirectional,1046,Goodwin JM (2017),28877469,train,134,134,0,14,"Fitness/Viability · Oral Squamous Cell Carcinoma · TUBB4B, LAS1L, PGK1"
446,594,increases resistance to vemurafenib,Drug / Chemical / Environmental Response, under Vemurafenib treatment (2 µM),Melanoma Cell Line,A-375,Positive Selection,Knockout,unidirectional,880,Doench JG (2016),26780180,train,31,31,0,3,"Drug/Chemical response · Retinal Pigment Epithelium · PDCD10, NF2, TAOK1"
447,595,increases drug resistance to vemurafenib,Drug / Chemical / Environmental Response, under Vemurafenib treatment (2 µM),Melanoma Cell Line,A-375,Positive Selection,Knockout,unidirectional,881,Doench JG (2016),26780180,train,27,27,0,3,"Drug/Chemical response · Retinal Pigment Epithelium · PDCD10, NF2, TAOK1"
448,596,increases resistance to vemurafenib in A-375 cells,Drug / Chemical / Environmental Response, under Vemurafenib treatment (2 µM),Melanoma Cell Line,A-375,Positive Selection,Knockout,unidirectional,2265,Doench JG (2016),26780180,train,60,60,0,3,"Drug/Chemical response · Retinal Pigment Epithelium · PDCD10, NF2, TAOK1"
449,597,impacts cell proliferation,Fitness / Proliferation / Viability,,Embryonic Stem Cell Line,h-pES10,Positive and Negative Selection,Knockout,recovered_bidirectional,18110,Yilmaz A (2018),29662178,train,2550,2550,0,9,"Fitness/Viability · Acute Myeloid Leukemia · SPDYE5, WASHC1, GOLGA8O"
450,600,decreases cell proliferation,Fitness / Proliferation / Viability,,Melanoma Cell Line,A-375,Negative Selection,Knockout,unidirectional,2410,Doench JG (2016),26780180,train,753,753,0,15,"Drug/Chemical response · Lung Adenocarcinoma · TBC1D3D, CHURC1-FNTB, ZNF626"
451,601,decreases cell proliferation,Fitness / Proliferation / Viability,,Melanoma Cell Line,A-375,Negative Selection,Knockout,unidirectional,2336,Doench JG (2016),26780180,train,1067,1067,0,15,"Drug/Chemical response · Lung Adenocarcinoma · TBC1D3D, CHURC1-FNTB, ZNF626"
452,602,decreases cell proliferation,Fitness / Proliferation / Viability,,Colonic Adenocarcinoma Cell Line,HT-29,Negative Selection,Knockout,unidirectional,2010,Doench JG (2016),26780180,train,977,977,0,15,"Drug/Chemical response · Lung Adenocarcinoma · TBC1D3D, CHURC1-FNTB, ZNF626"
453,603,decreases cell proliferation,Fitness / Proliferation / Viability,,Melanoma Cell Line,A-375,Negative Selection,Knockout,unidirectional,2838,Doench JG (2016),26780180,train,519,519,0,9,"Fitness/Viability · Acute Myeloid Leukemia · SPDYE5, WASHC1, GOLGA8O"
454,604,decreases cell proliferation,Fitness / Proliferation / Viability,,Colonic Adenocarcinoma Cell Line,HT-29,Negative Selection,Knockout,unidirectional,2669,Doench JG (2016),26780180,train,469,469,0,9,"Fitness/Viability · Acute Myeloid Leukemia · SPDYE5, WASHC1, GOLGA8O"
455,611,increases resistance to interferon gamma as measured by increased cell proliferation,Drug / Chemical / Environmental Response, under Interferon gamma treatment (10 units/mL),Microglial Cell Line,BV-2,Positive Selection,Knockout,unidirectional,322,Doench JG (2016),26780180,train,16,16,0,10,"Host-Pathogen/Infection · Cervical Adenocarcinoma · JAK2, STAT1, B2M"
456,613,increases cell proliferation,Fitness / Proliferation / Viability,,Mammary Epithelial Cell Line,HMEC,Positive Selection,Knockout,unidirectional,18084,Sack LM (2018),29576454,train,142,142,0,3,"Drug/Chemical response · Retinal Pigment Epithelium · PDCD10, NF2, TAOK1"
457,614,decreases cell proliferation,Fitness / Proliferation / Viability,,Mammary Epithelial Cell Line,HMEC,Negative Selection,Knockout,unidirectional,18084,Sack LM (2018),29576454,train,823,823,0,14,"Fitness/Viability · Oral Squamous Cell Carcinoma · TUBB4B, LAS1L, PGK1"
458,626,increases melanoma cell resistance to T cell-mediated cytolysis,Drug / Chemical / Environmental Response, under CD8+ T cells treatment,Melanoma Cell Line,624-mel,Positive Selection,Knockout,unidirectional,947,Patel SJ (2017),28783722,train,747,747,0,22,"Fitness/Viability · Cervical Adenocarcinoma · NEDD8-MDP1, CWC15, ZNF808"
459,627,decreases cell proliferation,Fitness / Proliferation / Viability,,Melanoma Cell Line,624-mel,Negative Selection,Knockout,unidirectional,870,Patel SJ (2017),28783722,train,497,497,0,9,"Fitness/Viability · Acute Myeloid Leukemia · SPDYE5, WASHC1, GOLGA8O"
460,629,decreases cell proliferation,Fitness / Proliferation / Viability,,Colonic Adenocarcinoma Cell Line,DLD-1,Negative Selection,Knockout,unidirectional,18072,Martin TD (2017),28700943,train,234,234,0,14,"Fitness/Viability · Oral Squamous Cell Carcinoma · TUBB4B, LAS1L, PGK1"
461,631,increases drug resistance to methotrexate as measured by increased cell proliferation,Drug / Chemical / Environmental Response, under Methotrexate treatment (5.0 µM),Erythroleukemia Cell Line,HEL,Positive Selection,Knockout,unidirectional,74,Kanarek N (2018),29995852,train,40,40,0,20,"Fitness/Viability · Acute Myeloid Leukemia · FOXD4L1, FOXD4L5, ZZZ3"
462,632,increases resistance to the BRD4 inhibitor JQ1 as measured by increased cell proliferation under JQ1 treatment,Drug / Chemical / Environmental Response, under JQ1 treatment (200 nM),NMC-G1 cell,10-15,Positive Selection,Knockout,unidirectional,496,Liao S (2018),30135075,train,11,11,0,4,"Drug/Chemical response · Chronic Myelogenous Leukemia · FBXW7, STUB1, RNF7"
463,639,decreases cell proliferation in AML cells,Fitness / Proliferation / Viability,,Acute Myeloid Leukemia Cell Line,MOLM-13,Negative Selection,Knockout,unidirectional,479,Tarumoto Y (2018),29526696,train,36,36,0,18,"Fitness/Viability · Hepatoma · CDK11B, PRP4K, STK11"
464,640,decreases cell proliferation,Fitness / Proliferation / Viability,,Acute Myeloid Leukemia Cell Line,MV4-11,Negative Selection,Knockout,unidirectional,479,Tarumoto Y (2018),29526696,train,38,38,0,18,"Fitness/Viability · Hepatoma · CDK11B, PRP4K, STK11"
465,641,decreases cell proliferation,Fitness / Proliferation / Viability,,Acute Myeloid Leukemia Cell Line,NOMO-1,Negative Selection,Knockout,unidirectional,479,Tarumoto Y (2018),29526696,train,38,38,0,18,"Fitness/Viability · Hepatoma · CDK11B, PRP4K, STK11"
466,642,decreases cell proliferation,Fitness / Proliferation / Viability,,Monocytic Leukemia Cell Line,THP-1,Negative Selection,Knockout,unidirectional,479,Tarumoto Y (2018),29526696,train,34,34,0,18,"Fitness/Viability · Hepatoma · CDK11B, PRP4K, STK11"
467,643,decreases cell proliferation,Fitness / Proliferation / Viability,,Erythroleukemia Cell Line,HEL,Negative Selection,Knockout,unidirectional,479,Tarumoto Y (2018),29526696,train,35,35,0,18,"Fitness/Viability · Hepatoma · CDK11B, PRP4K, STK11"
468,644,decreases cell proliferation,Fitness / Proliferation / Viability,,Acute Myeloid Leukemia Cell Line,SET-2,Negative Selection,Knockout,unidirectional,479,Tarumoto Y (2018),29526696,train,38,38,0,18,"Fitness/Viability · Hepatoma · CDK11B, PRP4K, STK11"
469,645,decreases cell proliferation,Fitness / Proliferation / Viability,,Acute Myeloid Leukemia Cell Line,OCI-AML-3,Negative Selection,Knockout,unidirectional,479,Tarumoto Y (2018),29526696,train,28,28,0,18,"Fitness/Viability · Hepatoma · CDK11B, PRP4K, STK11"
470,646,decreases cell proliferation,Fitness / Proliferation / Viability,,Lymphoma Cell Line,U-937,Negative Selection,Knockout,unidirectional,479,Tarumoto Y (2018),29526696,train,35,35,0,18,"Fitness/Viability · Hepatoma · CDK11B, PRP4K, STK11"
471,647,decreases cell proliferation,Fitness / Proliferation / Viability,,Chronic Myeloid Leukemia Cell Line,K-562,Negative Selection,Knockout,unidirectional,479,Tarumoto Y (2018),29526696,train,55,55,0,18,"Fitness/Viability · Hepatoma · CDK11B, PRP4K, STK11"
472,648,decreases cell proliferation,Fitness / Proliferation / Viability,,Lung Cancer Cell Line,DMS 114,Negative Selection,Knockout,unidirectional,479,Tarumoto Y (2018),29526696,train,43,43,0,18,"Fitness/Viability · Hepatoma · CDK11B, PRP4K, STK11"
473,649,decreases cell proliferation,Fitness / Proliferation / Viability,,Lung Cancer Cell Line,NCI-H446,Negative Selection,Knockout,unidirectional,479,Tarumoto Y (2018),29526696,train,34,34,0,18,"Fitness/Viability · Hepatoma · CDK11B, PRP4K, STK11"
474,650,decreases cell proliferation,Fitness / Proliferation / Viability,,Lung Cancer Cell Line,NCI-H526,Negative Selection,Knockout,unidirectional,479,Tarumoto Y (2018),29526696,train,28,28,0,18,"Fitness/Viability · Hepatoma · CDK11B, PRP4K, STK11"
475,651,decreases cell proliferation,Fitness / Proliferation / Viability,,Lung Cancer Cell Line,NCI-H82,Negative Selection,Knockout,unidirectional,479,Tarumoto Y (2018),29526696,train,34,34,0,18,"Fitness/Viability · Hepatoma · CDK11B, PRP4K, STK11"
476,652,decreases cell proliferation,Fitness / Proliferation / Viability,,Lung Cancer Cell Line,A-549,Negative Selection,Knockout,unidirectional,479,Tarumoto Y (2018),29526696,train,35,35,0,18,"Fitness/Viability · Hepatoma · CDK11B, PRP4K, STK11"
477,653,decreases cell proliferation,Fitness / Proliferation / Viability,,Pancreatic Adenocarcinoma Cell Line,AsPC-1,Negative Selection,Knockout,unidirectional,479,Tarumoto Y (2018),29526696,train,36,36,0,18,"Fitness/Viability · Hepatoma · CDK11B, PRP4K, STK11"
478,654,decreases cell proliferation,Fitness / Proliferation / Viability,,Pancreatic Ductal Adenocarcinoma Cell Line,CFPAC-1,Negative Selection,Knockout,unidirectional,479,Tarumoto Y (2018),29526696,train,28,28,0,18,"Fitness/Viability · Hepatoma · CDK11B, PRP4K, STK11"
479,655,decreases cell proliferation,Fitness / Proliferation / Viability,,Pancreatic Adenocarcinoma Cell Line,BxPC-3,Negative Selection,Knockout,unidirectional,479,Tarumoto Y (2018),29526696,train,35,35,0,18,"Fitness/Viability · Hepatoma · CDK11B, PRP4K, STK11"
480,656,decreases cell proliferation in AML cells,Fitness / Proliferation / Viability,,Cancer Cell Line,MIA PaCa-2,Negative Selection,Knockout,unidirectional,479,Tarumoto Y (2018),29526696,train,31,31,0,18,"Fitness/Viability · Hepatoma · CDK11B, PRP4K, STK11"
481,657,decreases cell proliferation,Fitness / Proliferation / Viability,,Pancreatic Cancer Cell Line,SUIT-2,Negative Selection,Knockout,unidirectional,479,Tarumoto Y (2018),29526696,train,24,24,0,18,"Fitness/Viability · Hepatoma · CDK11B, PRP4K, STK11"
482,658,decreases cell proliferation,Fitness / Proliferation / Viability,,Hepatoma Cell Line,Hep-G2,Negative Selection,Knockout,unidirectional,479,Tarumoto Y (2018),29526696,train,42,42,0,18,"Fitness/Viability · Hepatoma · CDK11B, PRP4K, STK11"
483,659,decreases cell proliferation,Fitness / Proliferation / Viability,,Hepatoma Cell Line,HuH-1,Negative Selection,Knockout,unidirectional,478,Tarumoto Y (2018),29526696,train,48,48,0,18,"Fitness/Viability · Hepatoma · CDK11B, PRP4K, STK11"
484,660,decreases cell proliferation in AML cells,Fitness / Proliferation / Viability,,Hepatoma Cell Line,Hep 3B2.1-7,Negative Selection,Knockout,unidirectional,479,Tarumoto Y (2018),29526696,train,27,27,0,18,"Fitness/Viability · Hepatoma · CDK11B, PRP4K, STK11"
485,661,decreases cell proliferation,Fitness / Proliferation / Viability,,Hepatoma Cell Line,SNU-449,Negative Selection,Knockout,unidirectional,479,Tarumoto Y (2018),29526696,train,28,28,0,18,"Fitness/Viability · Hepatoma · CDK11B, PRP4K, STK11"
486,662,decreases cell proliferation,Fitness / Proliferation / Viability,,Hepatoma Cell Line,SNU-475,Negative Selection,Knockout,unidirectional,479,Tarumoto Y (2018),29526696,train,30,30,0,18,"Fitness/Viability · Hepatoma · CDK11B, PRP4K, STK11"
487,663,decreases cell proliferation,Fitness / Proliferation / Viability,,Hepatoma Cell Line,SNU-387,Negative Selection,Knockout,unidirectional,478,Tarumoto Y (2018),29526696,train,23,23,0,18,"Fitness/Viability · Hepatoma · CDK11B, PRP4K, STK11"
488,664,decreases cell proliferation,Fitness / Proliferation / Viability,,Hepatoma Cell Line,SNU-423,Negative Selection,Knockout,unidirectional,479,Tarumoto Y (2018),29526696,train,34,34,0,18,"Fitness/Viability · Hepatoma · CDK11B, PRP4K, STK11"
489,665,decreases cell proliferation,Fitness / Proliferation / Viability,,Acute Myeloid Leukemia Cell Line,MOLM-13,Negative Selection,Knockout,unidirectional,1427,Tarumoto Y (2018),29526696,train,169,169,0,20,"Fitness/Viability · Acute Myeloid Leukemia · FOXD4L1, FOXD4L5, ZZZ3"
490,666,decreases cell proliferation,Fitness / Proliferation / Viability,,Acute Myeloid Leukemia Cell Line,MV4-11,Negative Selection,Knockout,unidirectional,1427,Tarumoto Y (2018),29526696,train,102,102,0,20,"Fitness/Viability · Acute Myeloid Leukemia · FOXD4L1, FOXD4L5, ZZZ3"
491,667,decreases cell proliferation,Fitness / Proliferation / Viability,,Acute Myeloid Leukemia Cell Line,NOMO-1,Negative Selection,Knockout,unidirectional,1427,Tarumoto Y (2018),29526696,train,96,96,0,20,"Fitness/Viability · Acute Myeloid Leukemia · FOXD4L1, FOXD4L5, ZZZ3"
492,668,decreases cell proliferation,Fitness / Proliferation / Viability,,Monocytic Leukemia Cell Line,THP-1,Negative Selection,Knockout,unidirectional,1427,Tarumoto Y (2018),29526696,train,79,79,0,20,"Fitness/Viability · Acute Myeloid Leukemia · FOXD4L1, FOXD4L5, ZZZ3"
493,669,decreases AML cell proliferation,Fitness / Proliferation / Viability,,Erythroleukemia Cell Line,HEL,Negative Selection,Knockout,unidirectional,1426,Tarumoto Y (2018),29526696,train,143,143,0,20,"Fitness/Viability · Acute Myeloid Leukemia · FOXD4L1, FOXD4L5, ZZZ3"
494,670,decreases cell proliferation,Fitness / Proliferation / Viability,,Acute Myeloid Leukemia Cell Line,SET-2,Negative Selection,Knockout,unidirectional,1427,Tarumoto Y (2018),29526696,train,88,88,0,20,"Fitness/Viability · Acute Myeloid Leukemia · FOXD4L1, FOXD4L5, ZZZ3"
495,671,decreases cell proliferation,Fitness / Proliferation / Viability,,Acute Myeloid Leukemia Cell Line,OCI-AML-3,Negative Selection,Knockout,unidirectional,1427,Tarumoto Y (2018),29526696,train,89,89,0,20,"Fitness/Viability · Acute Myeloid Leukemia · FOXD4L1, FOXD4L5, ZZZ3"
496,672,decreases cell proliferation,Fitness / Proliferation / Viability,,Lymphoma Cell Line,U-937,Negative Selection,Knockout,unidirectional,1427,Tarumoto Y (2018),29526696,train,48,48,0,20,"Fitness/Viability · Acute Myeloid Leukemia · FOXD4L1, FOXD4L5, ZZZ3"
497,673,decreases cell proliferation,Fitness / Proliferation / Viability,,Chronic Myeloid Leukemia Cell Line,K-562,Negative Selection,Knockout,unidirectional,1427,Tarumoto Y (2018),29526696,train,69,69,0,20,"Fitness/Viability · Acute Myeloid Leukemia · FOXD4L1, FOXD4L5, ZZZ3"
498,674,decreases cell proliferation,Fitness / Proliferation / Viability,,Lung Cancer Cell Line,DMS 114,Negative Selection,Knockout,unidirectional,1427,Tarumoto Y (2018),29526696,train,200,200,0,20,"Fitness/Viability · Acute Myeloid Leukemia · FOXD4L1, FOXD4L5, ZZZ3"
499,675,decreases cell proliferation,Fitness / Proliferation / Viability,,Lung Cancer Cell Line,NCI-H446,Negative Selection,Knockout,unidirectional,1426,Tarumoto Y (2018),29526696,train,120,120,0,20,"Fitness/Viability · Acute Myeloid Leukemia · FOXD4L1, FOXD4L5, ZZZ3"
500,676,decreases cell proliferation,Fitness / Proliferation / Viability,,Lung Cancer Cell Line,NCI-H526,Negative Selection,Knockout,unidirectional,1427,Tarumoto Y (2018),29526696,train,81,81,0,20,"Fitness/Viability · Acute Myeloid Leukemia · FOXD4L1, FOXD4L5, ZZZ3"
501,677,decreases cell proliferation,Fitness / Proliferation / Viability,,Lung Cancer Cell Line,NCI-H82,Negative Selection,Knockout,unidirectional,1427,Tarumoto Y (2018),29526696,train,79,79,0,20,"Fitness/Viability · Acute Myeloid Leukemia · FOXD4L1, FOXD4L5, ZZZ3"
502,678,decreases cell proliferation,Fitness / Proliferation / Viability,,Lung Cancer Cell Line,A-549,Negative Selection,Knockout,unidirectional,1427,Tarumoto Y (2018),29526696,train,124,124,0,20,"Fitness/Viability · Acute Myeloid Leukemia · FOXD4L1, FOXD4L5, ZZZ3"
503,679,decreases cell proliferation of AML cells,Fitness / Proliferation / Viability,,Pancreatic Adenocarcinoma Cell Line,AsPC-1,Negative Selection,Knockout,unidirectional,1427,Tarumoto Y (2018),29526696,train,83,83,0,20,"Fitness/Viability · Acute Myeloid Leukemia · FOXD4L1, FOXD4L5, ZZZ3"
504,680,decreases cell proliferation,Fitness / Proliferation / Viability,,Pancreatic Ductal Adenocarcinoma Cell Line,CFPAC-1,Negative Selection,Knockout,unidirectional,1427,Tarumoto Y (2018),29526696,train,150,150,0,20,"Fitness/Viability · Acute Myeloid Leukemia · FOXD4L1, FOXD4L5, ZZZ3"
505,681,decreases cell proliferation,Fitness / Proliferation / Viability,,Pancreatic Adenocarcinoma Cell Line,BxPC-3,Negative Selection,Knockout,unidirectional,1427,Tarumoto Y (2018),29526696,train,81,81,0,20,"Fitness/Viability · Acute Myeloid Leukemia · FOXD4L1, FOXD4L5, ZZZ3"
506,682,decreases cell proliferation,Fitness / Proliferation / Viability,,Cancer Cell Line,MIA PaCa-2,Negative Selection,Knockout,unidirectional,1427,Tarumoto Y (2018),29526696,train,56,56,0,20,"Fitness/Viability · Acute Myeloid Leukemia · FOXD4L1, FOXD4L5, ZZZ3"
507,683,decreases cell proliferation,Fitness / Proliferation / Viability,,Pancreatic Cancer Cell Line,SUIT-2,Negative Selection,Knockout,unidirectional,1427,Tarumoto Y (2018),29526696,train,68,68,0,20,"Fitness/Viability · Acute Myeloid Leukemia · FOXD4L1, FOXD4L5, ZZZ3"
508,689,increases drug sensitivity as measured by decreased cell proliferation,Drug / Chemical / Environmental Response, under Gemcitabine treatment (100.0 nM),Pancreatic Cancer Cell Line,PANC-1,Negative Selection,Knockout,unidirectional,19007,Bakke J (2019),30898113,train,1066,1066,0,1,"Fitness/Viability · Melanoma · C1QBP, NDUFA10, PET117"
509,691,decreases cell proliferation,Fitness / Proliferation / Viability,,Prostate Cancer Cell Line,22Rv1,Negative Selection,Knockout,unidirectional,17956,Behan FM (2019),30971826,train,919,919,0,8,"Fitness/Viability · Cancer · TCEAL7, LCE1E, PGAM4"
510,692,decreases cell proliferation,Fitness / Proliferation / Viability,,Gastric Adenocarcinoma Cell Line,23132/87,Negative Selection,Knockout,unidirectional,17956,Behan FM (2019),30971826,train,1472,1472,0,8,"Fitness/Viability · Cancer · TCEAL7, LCE1E, PGAM4"
511,693,decreases cell proliferation,Fitness / Proliferation / Viability,,Glioblastoma Cell Line,42-MG-BA,Negative Selection,Knockout,unidirectional,17956,Behan FM (2019),30971826,train,1167,1167,0,16,"Fitness/Viability · Cancer · IQCB1, UGT1A5, PPP3CB"
512,694,decreases cell proliferation,Fitness / Proliferation / Viability,,Cancer Cell Line,769-P,Negative Selection,Knockout,unidirectional,17956,Behan FM (2019),30971826,train,1610,1610,0,2,"Fitness/Viability · Cancer · EGR2, TMEM183A, PGAM4"
513,695,decreases cell proliferation,Fitness / Proliferation / Viability,,Glioblastoma Cell Line,8-MG-BA,Negative Selection,Knockout,unidirectional,17956,Behan FM (2019),30971826,train,1942,1942,0,12,"Fitness/Viability · Cancer · MRPS33, PDSS1, ISCA1"
514,696,decreases cell proliferation,Fitness / Proliferation / Viability,,Cancer Cell Line,A172,Negative Selection,Knockout,unidirectional,17956,Behan FM (2019),30971826,train,1335,1335,0,2,"Fitness/Viability · Cancer · EGR2, TMEM183A, PGAM4"
515,697,decreases cell proliferation,Fitness / Proliferation / Viability,,Melanoma Cell Line,A2058,Negative Selection,Knockout,unidirectional,17956,Behan FM (2019),30971826,train,1834,1834,0,2,"Fitness/Viability · Cancer · EGR2, TMEM183A, PGAM4"
516,698,decreases cell proliferation (fitness),Fitness / Proliferation / Viability,,Salivary Gland Cancer Cell,A253,Negative Selection,Knockout,unidirectional,17956,Behan FM (2019),30971826,train,1236,1236,0,16,"Fitness/Viability · Cancer · IQCB1, UGT1A5, PPP3CB"
517,699,decreases cell proliferation,Fitness / Proliferation / Viability,,Ovarian Cancer Cell Line,A2780,Negative Selection,Knockout,unidirectional,17956,Behan FM (2019),30971826,train,1570,1570,0,12,"Fitness/Viability · Cancer · MRPS33, PDSS1, ISCA1"
518,700,decreases cell proliferation (cellular fitness),Fitness / Proliferation / Viability,,Ovary Adenocarcinoma Cell Line,A2780ADR,Negative Selection,Knockout,unidirectional,17956,Behan FM (2019),30971826,train,1904,1904,0,12,"Fitness/Viability · Cancer · MRPS33, PDSS1, ISCA1"
519,701,decreases cell proliferation,Fitness / Proliferation / Viability,,Ovary Adenocarcinoma Cell Line,A2780cis,Negative Selection,Knockout,unidirectional,17956,Behan FM (2019),30971826,train,1354,1354,0,2,"Fitness/Viability · Cancer · EGR2, TMEM183A, PGAM4"
520,702,decreases cell proliferation,Fitness / Proliferation / Viability,,Melanoma Cell Line,A-375,Negative Selection,Knockout,unidirectional,17956,Behan FM (2019),30971826,train,1367,1367,0,8,"Fitness/Viability · Cancer · TCEAL7, LCE1E, PGAM4"
521,703,decreases cell proliferation,Fitness / Proliferation / Viability,,Lung Cancer Cell Line,A-549,Negative Selection,Knockout,unidirectional,17956,Behan FM (2019),30971826,train,1177,1177,0,8,"Fitness/Viability · Cancer · TCEAL7, LCE1E, PGAM4"
522,704,decreases cell proliferation,Fitness / Proliferation / Viability,,Gastric Adenocarcinoma Cell Line,AGS,Negative Selection,Knockout,unidirectional,17956,Behan FM (2019),30971826,train,1785,1785,0,12,"Fitness/Viability · Cancer · MRPS33, PDSS1, ISCA1"
523,705,decreases cell proliferation,Fitness / Proliferation / Viability,,Glioblastoma Cell Line,AM-38,Negative Selection,Knockout,unidirectional,17956,Behan FM (2019),30971826,train,1548,1548,0,2,"Fitness/Viability · Cancer · EGR2, TMEM183A, PGAM4"
524,706,decreases cell proliferation,Fitness / Proliferation / Viability,,B-lymphoblastoid cell line,ARH-77,Negative Selection,Knockout,unidirectional,17956,Behan FM (2019),30971826,train,1628,1628,0,16,"Fitness/Viability · Cancer · IQCB1, UGT1A5, PPP3CB"
525,707,decreases cell proliferation,Fitness / Proliferation / Viability,,Pancreatic Adenocarcinoma Cell Line,AsPC-1,Negative Selection,Knockout,unidirectional,17956,Behan FM (2019),30971826,train,1246,1246,0,8,"Fitness/Viability · Cancer · TCEAL7, LCE1E, PGAM4"
526,708,decreases cell proliferation,Fitness / Proliferation / Viability,,Breast Cancer Cell Line,AU565,Negative Selection,Knockout,unidirectional,17956,Behan FM (2019),30971826,train,1163,1163,0,8,"Fitness/Viability · Cancer · TCEAL7, LCE1E, PGAM4"
527,709,decreases cell proliferation,Fitness / Proliferation / Viability,,Head and Neck Squamous Cell Carcinoma Cell Line,BB30-HNC,Negative Selection,Knockout,unidirectional,17956,Behan FM (2019),30971826,train,1478,1478,0,2,"Fitness/Viability · Cancer · EGR2, TMEM183A, PGAM4"
528,710,decreases cell proliferation,Fitness / Proliferation / Viability,,Neuroblastoma Cell Line,SK-N-BE(2)-M17,Negative Selection,Knockout,unidirectional,17956,Behan FM (2019),30971826,train,1548,1548,0,2,"Fitness/Viability · Cancer · EGR2, TMEM183A, PGAM4"
529,711,decreases cell proliferation,Fitness / Proliferation / Viability,,Astrocytoma Cell Line,Becker,Negative Selection,Knockout,unidirectional,17956,Behan FM (2019),30971826,train,1612,1612,0,16,"Fitness/Viability · Cancer · IQCB1, UGT1A5, PPP3CB"
530,712,decreases cell proliferation,Fitness / Proliferation / Viability,,Oral Squamous Cell Carcinoma Cell Line,BHY,Negative Selection,Knockout,unidirectional,17956,Behan FM (2019),30971826,train,1472,1472,0,16,"Fitness/Viability · Cancer · IQCB1, UGT1A5, PPP3CB"
531,713,decreases cell proliferation/fitness,Fitness / Proliferation / Viability,,Oral Squamous Cell Carcinoma Cell Line,BICR 10,Negative Selection,Knockout,unidirectional,17956,Behan FM (2019),30971826,train,1651,1651,0,2,"Fitness/Viability · Cancer · EGR2, TMEM183A, PGAM4"
532,714,decreases cell proliferation,Fitness / Proliferation / Viability,,Cancer Cell Line,BICR 22,Negative Selection,Knockout,unidirectional,17956,Behan FM (2019),30971826,train,1202,1202,0,16,"Fitness/Viability · Cancer · IQCB1, UGT1A5, PPP3CB"
533,715,decreases cell proliferation,Fitness / Proliferation / Viability,,Oral Squamous Cell Carcinoma Cell Line,BICR 78,Negative Selection,Knockout,unidirectional,17956,Behan FM (2019),30971826,train,984,984,0,16,"Fitness/Viability · Cancer · IQCB1, UGT1A5, PPP3CB"
534,716,decreases cell proliferation,Fitness / Proliferation / Viability,,Pancreatic Adenocarcinoma Cell Line,BxPC-3,Negative Selection,Knockout,unidirectional,17956,Behan FM (2019),30971826,train,1110,1110,0,8,"Fitness/Viability · Cancer · TCEAL7, LCE1E, PGAM4"
535,717,decreases cell proliferation,Fitness / Proliferation / Viability,,Colonic Adenocarcinoma Cell Line,C2BBe1,Negative Selection,Knockout,unidirectional,17956,Behan FM (2019),30971826,train,1321,1321,0,8,"Fitness/Viability · Cancer · TCEAL7, LCE1E, PGAM4"
536,718,decreases cell proliferation,Fitness / Proliferation / Viability,,Gingival Cancer Cell Line,Ca9-22,Negative Selection,Knockout,unidirectional,17956,Behan FM (2019),30971826,train,1775,1775,0,12,"Fitness/Viability · Cancer · MRPS33, PDSS1, ISCA1"
537,719,decreases cell proliferation,Fitness / Proliferation / Viability,,Tongue Cancer Cell Line,CAL-27,Negative Selection,Knockout,unidirectional,17956,Behan FM (2019),30971826,train,1872,1872,0,12,"Fitness/Viability · Cancer · MRPS33, PDSS1, ISCA1"
538,720,decreases cell proliferation,Fitness / Proliferation / Viability,,Tongue Cancer Cell Line,CAL-33,Negative Selection,Knockout,unidirectional,17956,Behan FM (2019),30971826,train,1348,1348,0,16,"Fitness/Viability · Cancer · IQCB1, UGT1A5, PPP3CB"
539,721,decreases cell proliferation,Fitness / Proliferation / Viability,,Breast Adenocarcinoma Cell Line,CAL-51,Negative Selection,Knockout,unidirectional,17956,Behan FM (2019),30971826,train,1694,1694,0,12,"Fitness/Viability · Cancer · MRPS33, PDSS1, ISCA1"
540,722,decreases cell proliferation,Fitness / Proliferation / Viability,,Osteosarcoma Cell Line,CAL-72,Negative Selection,Knockout,unidirectional,17956,Behan FM (2019),30971826,train,876,876,0,16,"Fitness/Viability · Cancer · IQCB1, UGT1A5, PPP3CB"
541,723,decreases cell proliferation,Fitness / Proliferation / Viability,,Ovary Adenocarcinoma Cell Line,Caov-4,Negative Selection,Knockout,unidirectional,17956,Behan FM (2019),30971826,train,1212,1212,0,2,"Fitness/Viability · Cancer · EGR2, TMEM183A, PGAM4"
542,724,decreases cell proliferation,Fitness / Proliferation / Viability,,Pancreatic Ductal Adenocarcinoma Cell Line,Capan-1,Negative Selection,Knockout,unidirectional,17956,Behan FM (2019),30971826,train,1562,1562,0,8,"Fitness/Viability · Cancer · TCEAL7, LCE1E, PGAM4"
543,725,decreases cell proliferation,Fitness / Proliferation / Viability,,Glioblastoma Cell Line,CAS-1,Negative Selection,Knockout,unidirectional,17956,Behan FM (2019),30971826,train,1114,1114,0,16,"Fitness/Viability · Cancer · IQCB1, UGT1A5, PPP3CB"
544,726,decreases cell proliferation,Fitness / Proliferation / Viability,,Neuroblastoma Cell Line,CHP-212,Negative Selection,Knockout,unidirectional,17956,Behan FM (2019),30971826,train,1284,1284,0,2,"Fitness/Viability · Cancer · EGR2, TMEM183A, PGAM4"
545,727,decreases cell proliferation,Fitness / Proliferation / Viability,,Colorectal Cancer Cell Line,CL-11,Negative Selection,Knockout,unidirectional,17956,Behan FM (2019),30971826,train,1393,1393,0,8,"Fitness/Viability · Cancer · TCEAL7, LCE1E, PGAM4"
546,728,decreases cell proliferation,Fitness / Proliferation / Viability,,Colonic Adenocarcinoma Cell Line,COLO 205,Negative Selection,Knockout,unidirectional,17956,Behan FM (2019),30971826,train,1275,1275,0,8,"Fitness/Viability · Cancer · TCEAL7, LCE1E, PGAM4"
547,729,decreases cell proliferation,Fitness / Proliferation / Viability,,Colonic Adenocarcinoma Cell Line,COLO 320HSR,Negative Selection,Knockout,unidirectional,17956,Behan FM (2019),30971826,train,1684,1684,0,12,"Fitness/Viability · Cancer · MRPS33, PDSS1, ISCA1"
548,730,decreases cell proliferation,Fitness / Proliferation / Viability,,Colonic Cancer Cell Line,COLO 678,Negative Selection,Knockout,unidirectional,17956,Behan FM (2019),30971826,train,400,400,0,8,"Fitness/Viability · Cancer · TCEAL7, LCE1E, PGAM4"
549,731,decreases cell proliferation,Fitness / Proliferation / Viability,,Esophageal Cancer Cell Line,COLO 680N,Negative Selection,Knockout,unidirectional,17956,Behan FM (2019),30971826,train,1469,1469,0,2,"Fitness/Viability · Cancer · EGR2, TMEM183A, PGAM4"
550,732,decreases cell proliferation,Fitness / Proliferation / Viability,,Endometrial Cancer Cell Line,COLO 684,Negative Selection,Knockout,unidirectional,17956,Behan FM (2019),30971826,train,1598,1598,0,12,"Fitness/Viability · Cancer · MRPS33, PDSS1, ISCA1"
551,733,decreases cell proliferation,Fitness / Proliferation / Viability,,Breast Cancer Cell Line,COLO 824,Negative Selection,Knockout,unidirectional,17956,Behan FM (2019),30971826,train,1001,1001,0,8,"Fitness/Viability · Cancer · TCEAL7, LCE1E, PGAM4"
552,734,decreases cell proliferation,Fitness / Proliferation / Viability,,Large Cell Lung Cancer Cell Line,COR-L23,Negative Selection,Knockout,unidirectional,17956,Behan FM (2019),30971826,train,1518,1518,0,2,"Fitness/Viability · Cancer · EGR2, TMEM183A, PGAM4"
553,735,decreases cell proliferation,Fitness / Proliferation / Viability,,Glioblastoma Cell Line,D-423MG,Negative Selection,Knockout,unidirectional,17956,Behan FM (2019),30971826,train,1939,1939,0,12,"Fitness/Viability · Cancer · MRPS33, PDSS1, ISCA1"
554,736,decreases cell proliferation,Fitness / Proliferation / Viability,,Glioblastoma Cell Line,D-502MG,Negative Selection,Knockout,unidirectional,17956,Behan FM (2019),30971826,train,930,930,0,8,"Fitness/Viability · Cancer · TCEAL7, LCE1E, PGAM4"
555,737,decreases cell proliferation,Fitness / Proliferation / Viability,,Glioblastoma Cell Line,D-542MG,Negative Selection,Knockout,unidirectional,17956,Behan FM (2019),30971826,train,1401,1401,0,2,"Fitness/Viability · Cancer · EGR2, TMEM183A, PGAM4"
556,738,decreases cell proliferation,Fitness / Proliferation / Viability,,Cancer Cell Line,DAN-G,Negative Selection,Knockout,unidirectional,17956,Behan FM (2019),30971826,train,1527,1527,0,8,"Fitness/Viability · Cancer · TCEAL7, LCE1E, PGAM4"
557,739,decreases cell proliferation,Fitness / Proliferation / Viability,,Glioblastoma Cell Line,DBTRG-05MG,Negative Selection,Knockout,unidirectional,17956,Behan FM (2019),30971826,train,1255,1255,0,8,"Fitness/Viability · Cancer · TCEAL7, LCE1E, PGAM4"
558,740,decreases cell proliferation,Fitness / Proliferation / Viability,,Lymphoma or Leukaemia Cell Line,Detroit 562,Negative Selection,Knockout,unidirectional,17956,Behan FM (2019),30971826,train,1604,1604,0,12,"Fitness/Viability · Cancer · MRPS33, PDSS1, ISCA1"
559,741,decreases cell proliferation,Fitness / Proliferation / Viability,,Colorectal Cancer Cell Line,DiFi,Negative Selection,Knockout,unidirectional,17956,Behan FM (2019),30971826,train,1331,1331,0,8,"Fitness/Viability · Cancer · TCEAL7, LCE1E, PGAM4"
560,742,decreases cell proliferation,Fitness / Proliferation / Viability,,Glioblastoma Cell Line,DK-MG,Negative Selection,Knockout,unidirectional,17956,Behan FM (2019),30971826,train,1437,1437,0,2,"Fitness/Viability · Cancer · EGR2, TMEM183A, PGAM4"
561,743,decreases cell proliferation,Fitness / Proliferation / Viability,,Cancer Cell Line,DOK,Negative Selection,Knockout,unidirectional,17956,Behan FM (2019),30971826,train,1195,1195,0,16,"Fitness/Viability · Cancer · IQCB1, UGT1A5, PPP3CB"
562,744,decreases cell proliferation,Fitness / Proliferation / Viability,,Ovarian Cancer Cell Line,DOV13,Negative Selection,Knockout,unidirectional,17956,Behan FM (2019),30971826,train,1666,1666,0,2,"Fitness/Viability · Cancer · EGR2, TMEM183A, PGAM4"
563,745,decreases cell proliferation,Fitness / Proliferation / Viability,,Prostate Cancer Cell Line,DU145,Negative Selection,Knockout,unidirectional,17956,Behan FM (2019),30971826,train,1628,1628,0,2,"Fitness/Viability · Cancer · EGR2, TMEM183A, PGAM4"
564,746,decreases cell proliferation,Fitness / Proliferation / Viability,,Lung Squamous Cell Carcinoma Cell Line,EBC-1,Negative Selection,Knockout,unidirectional,17956,Behan FM (2019),30971826,train,1129,1129,0,2,"Fitness/Viability · Cancer · EGR2, TMEM183A, PGAM4"
565,747,decreases cell proliferation,Fitness / Proliferation / Viability,,Esophageal Squamous Cell Carcinoma Cell Line,EC-GI-10,Negative Selection,Knockout,unidirectional,17956,Behan FM (2019),30971826,train,1591,1591,0,2,"Fitness/Viability · Cancer · EGR2, TMEM183A, PGAM4"
566,748,decreases cell proliferation,Fitness / Proliferation / Viability,,Ovary Adenocarcinoma Cell Line,EFO-21,Negative Selection,Knockout,unidirectional,17956,Behan FM (2019),30971826,train,1187,1187,0,2,"Fitness/Viability · Cancer · EGR2, TMEM183A, PGAM4"
567,749,decreases cell proliferation,Fitness / Proliferation / Viability,,Ovary Adenocarcinoma Cell Line,EFO-27,Negative Selection,Knockout,unidirectional,17956,Behan FM (2019),30971826,train,1434,1434,0,2,"Fitness/Viability · Cancer · EGR2, TMEM183A, PGAM4"
568,750,decreases cell proliferation/fitness,Fitness / Proliferation / Viability,,Cholangiocarcinoma Cell,EGI-1,Negative Selection,Knockout,unidirectional,17956,Behan FM (2019),30971826,train,1150,1150,0,8,"Fitness/Viability · Cancer · TCEAL7, LCE1E, PGAM4"
569,751,decreases cell proliferation,Fitness / Proliferation / Viability,,Cancer Cell Line,EPLC-272H,Negative Selection,Knockout,unidirectional,17956,Behan FM (2019),30971826,train,1303,1303,0,2,"Fitness/Viability · Cancer · EGR2, TMEM183A, PGAM4"
570,752,decreases cell proliferation,Fitness / Proliferation / Viability,,Ovarian Cancer Cell Line,ES-2,Negative Selection,Knockout,unidirectional,17956,Behan FM (2019),30971826,train,1977,1977,0,12,"Fitness/Viability · Cancer · MRPS33, PDSS1, ISCA1"
571,753,decreases cell proliferation,Fitness / Proliferation / Viability,,Ewing's Sarcoma Cell Line,ES4,Negative Selection,Knockout,unidirectional,17956,Behan FM (2019),30971826,train,971,971,0,8,"Fitness/Viability · Cancer · TCEAL7, LCE1E, PGAM4"
572,754,decreases cell proliferation,Fitness / Proliferation / Viability,,Ewing's Sarcoma Cell Line,ES5,Negative Selection,Knockout,unidirectional,17956,Behan FM (2019),30971826,train,1694,1694,0,2,"Fitness/Viability · Cancer · EGR2, TMEM183A, PGAM4"
573,755,decreases cell proliferation,Fitness / Proliferation / Viability,,Ewing's Sarcoma Cell Line,ES8,Negative Selection,Knockout,unidirectional,17956,Behan FM (2019),30971826,train,1305,1305,0,8,"Fitness/Viability · Cancer · TCEAL7, LCE1E, PGAM4"
574,756,decreases cell proliferation (cellular fitness),Fitness / Proliferation / Viability,,Esophageal Cancer Cell Line,ESO-26,Negative Selection,Knockout,unidirectional,17956,Behan FM (2019),30971826,train,1817,1817,0,2,"Fitness/Viability · Cancer · EGR2, TMEM183A, PGAM4"
575,757,decreases cell proliferation,Fitness / Proliferation / Viability,,Esophageal Cancer Cell Line,ESO-51,Negative Selection,Knockout,unidirectional,17956,Behan FM (2019),30971826,train,1254,1254,0,2,"Fitness/Viability · Cancer · EGR2, TMEM183A, PGAM4"
576,758,decreases cell proliferation,Fitness / Proliferation / Viability,,Endometrial Cancer Cell Line,ESS-1,Negative Selection,Knockout,unidirectional,17956,Behan FM (2019),30971826,train,1773,1773,0,2,"Fitness/Viability · Cancer · EGR2, TMEM183A, PGAM4"
577,759,decreases cell proliferation,Fitness / Proliferation / Viability,,Breast Cancer Cell Line,Evsa-T,Negative Selection,Knockout,unidirectional,17956,Behan FM (2019),30971826,train,1524,1524,0,12,"Fitness/Viability · Cancer · MRPS33, PDSS1, ISCA1"
578,760,decreases cell proliferation,Fitness / Proliferation / Viability,,Ewing's Sarcoma Cell Line,EW-1,Negative Selection,Knockout,unidirectional,17956,Behan FM (2019),30971826,train,1668,1668,0,12,"Fitness/Viability · Cancer · MRPS33, PDSS1, ISCA1"
579,761,decreases cell proliferation,Fitness / Proliferation / Viability,,Ewing's Sarcoma Cell Line,EW-16,Negative Selection,Knockout,unidirectional,17956,Behan FM (2019),30971826,train,1686,1686,0,2,"Fitness/Viability · Cancer · EGR2, TMEM183A, PGAM4"
580,762,decreases cell proliferation,Fitness / Proliferation / Viability,,Cancer Cell Line,EW-22,Negative Selection,Knockout,unidirectional,17956,Behan FM (2019),30971826,train,1465,1465,0,2,"Fitness/Viability · Cancer · EGR2, TMEM183A, PGAM4"
581,763,decreases cell proliferation,Fitness / Proliferation / Viability,,Ewing's Sarcoma Cell Line,EW-7,Negative Selection,Knockout,unidirectional,17956,Behan FM (2019),30971826,train,1817,1817,0,12,"Fitness/Viability · Cancer · MRPS33, PDSS1, ISCA1"
582,764,decreases cell proliferation,Fitness / Proliferation / Viability,,Hypopharyngeal Squamous Cell Carcinoma Cell Line,FaDu,Negative Selection,Knockout,unidirectional,17956,Behan FM (2019),30971826,train,1658,1658,0,12,"Fitness/Viability · Cancer · MRPS33, PDSS1, ISCA1"
583,765,decreases cell proliferation,Fitness / Proliferation / Viability,,Esophageal Cancer Cell Line,FLO-1,Negative Selection,Knockout,unidirectional,17956,Behan FM (2019),30971826,train,1558,1558,0,16,"Fitness/Viability · Cancer · IQCB1, UGT1A5, PPP3CB"
584,766,decreases cell proliferation,Fitness / Proliferation / Viability,,Glioblastoma Cell Line,GaMG,Negative Selection,Knockout,unidirectional,17956,Behan FM (2019),30971826,train,1904,1904,0,12,"Fitness/Viability · Cancer · MRPS33, PDSS1, ISCA1"
585,767,decreases cell proliferation,Fitness / Proliferation / Viability,,Glioblastoma Cell Line,GB-1,Negative Selection,Knockout,unidirectional,17956,Behan FM (2019),30971826,train,1351,1351,0,16,"Fitness/Viability · Cancer · IQCB1, UGT1A5, PPP3CB"
586,768,decreases cell proliferation,Fitness / Proliferation / Viability,,Gliosarcoma,GI-1,Negative Selection,Knockout,unidirectional,17956,Behan FM (2019),30971826,train,1933,1933,0,12,"Fitness/Viability · Cancer · MRPS33, PDSS1, ISCA1"
587,769,decreases cell proliferation,Fitness / Proliferation / Viability,,Colonic Cancer Cell Line,GP5d,Negative Selection,Knockout,unidirectional,17956,Behan FM (2019),30971826,train,1158,1158,0,8,"Fitness/Viability · Cancer · TCEAL7, LCE1E, PGAM4"
588,770,decreases cell proliferation,Fitness / Proliferation / Viability,,Lung Squamous Cell Carcinoma Cell Line,HARA,Negative Selection,Knockout,unidirectional,17956,Behan FM (2019),30971826,train,1705,1705,0,2,"Fitness/Viability · Cancer · EGR2, TMEM183A, PGAM4"
589,771,decreases cell proliferation,Fitness / Proliferation / Viability,,Lung Cancer Cell Line,HCC15,Negative Selection,Knockout,unidirectional,17956,Behan FM (2019),30971826,train,363,363,0,8,"Fitness/Viability · Cancer · TCEAL7, LCE1E, PGAM4"
590,772,decreases cell proliferation,Fitness / Proliferation / Viability,,Lung Cancer Cell Line,HCC78,Negative Selection,Knockout,unidirectional,17956,Behan FM (2019),30971826,train,1041,1041,0,8,"Fitness/Viability · Cancer · TCEAL7, LCE1E, PGAM4"
591,773,decreases cell proliferation,Fitness / Proliferation / Viability,,Breast Cancer Cell Line,HCC1143,Negative Selection,Knockout,unidirectional,17956,Behan FM (2019),30971826,train,1310,1310,0,8,"Fitness/Viability · Cancer · TCEAL7, LCE1E, PGAM4"
592,774,decreases cell proliferation,Fitness / Proliferation / Viability,,Breast Cancer Cell Line,HCC1187,Negative Selection,Knockout,unidirectional,17956,Behan FM (2019),30971826,train,1306,1306,0,8,"Fitness/Viability · Cancer · TCEAL7, LCE1E, PGAM4"
593,775,decreases cell proliferation,Fitness / Proliferation / Viability,,Mammary Gland Tumor Cell Line,HCC1395,Negative Selection,Knockout,unidirectional,17956,Behan FM (2019),30971826,train,1037,1037,0,8,"Fitness/Viability · Cancer · TCEAL7, LCE1E, PGAM4"
594,776,decreases cell proliferation,Fitness / Proliferation / Viability,,Cancer Cell Line,HCC1806,Negative Selection,Knockout,unidirectional,17956,Behan FM (2019),30971826,train,1548,1548,0,2,"Fitness/Viability · Cancer · EGR2, TMEM183A, PGAM4"
595,777,decreases cell proliferation,Fitness / Proliferation / Viability,,Mammary Gland Tumor Cell Line,HCC1937,Negative Selection,Knockout,unidirectional,17956,Behan FM (2019),30971826,train,1181,1181,0,8,"Fitness/Viability · Cancer · TCEAL7, LCE1E, PGAM4"
596,778,decreases cell proliferation (cell fitness),Fitness / Proliferation / Viability,,Breast Cancer Cell Line,HCC1954,Negative Selection,Knockout,unidirectional,17956,Behan FM (2019),30971826,train,1073,1073,0,8,"Fitness/Viability · Cancer · TCEAL7, LCE1E, PGAM4"
597,779,decreases cell proliferation,Fitness / Proliferation / Viability,,Colonic Cancer Cell Line,HCC2998,Negative Selection,Knockout,unidirectional,17956,Behan FM (2019),30971826,train,1246,1246,0,8,"Fitness/Viability · Cancer · TCEAL7, LCE1E, PGAM4"
598,780,decreases cell proliferation,Fitness / Proliferation / Viability,,Mammary Gland Tumor Cell Line,HCC38,Negative Selection,Knockout,unidirectional,17956,Behan FM (2019),30971826,train,1498,1498,0,2,"Fitness/Viability · Cancer · EGR2, TMEM183A, PGAM4"
599,781,decreases cell proliferation,Fitness / Proliferation / Viability,,Breast Cancer Cell Line,HCC70,Negative Selection,Knockout,unidirectional,17956,Behan FM (2019),30971826,train,903,903,0,8,"Fitness/Viability · Cancer · TCEAL7, LCE1E, PGAM4"
600,782,decreases cell proliferation,Fitness / Proliferation / Viability,,Esophageal Cancer Cell Line,HCE-4,Negative Selection,Knockout,unidirectional,17956,Behan FM (2019),30971826,train,1205,1205,0,16,"Fitness/Viability · Cancer · IQCB1, UGT1A5, PPP3CB"
601,783,decreases cell proliferation,Fitness / Proliferation / Viability,,Colorectal Cancer Cell Line,HCT 116,Negative Selection,Knockout,unidirectional,17956,Behan FM (2019),30971826,train,1377,1377,0,8,"Fitness/Viability · Cancer · TCEAL7, LCE1E, PGAM4"
602,784,decreases cell proliferation,Fitness / Proliferation / Viability,,Colonic Cancer Cell Line,HCT 15,Negative Selection,Knockout,unidirectional,17956,Behan FM (2019),30971826,train,1748,1748,0,12,"Fitness/Viability · Cancer · MRPS33, PDSS1, ISCA1"
603,785,decreases cell proliferation,Fitness / Proliferation / Viability,,Endometrial Cancer Cell Line,HEC-1,Negative Selection,Knockout,unidirectional,17956,Behan FM (2019),30971826,train,1502,1502,0,2,"Fitness/Viability · Cancer · EGR2, TMEM183A, PGAM4"
604,786,decreases cell proliferation,Fitness / Proliferation / Viability,,Ovarian Cancer Cell Line,HEY,Negative Selection,Knockout,unidirectional,17956,Behan FM (2019),30971826,train,1557,1557,0,2,"Fitness/Viability · Cancer · EGR2, TMEM183A, PGAM4"
605,787,decreases cell proliferation,Fitness / Proliferation / Viability,,Gastric Cancer Cell Line,HGC-27,Negative Selection,Knockout,unidirectional,17956,Behan FM (2019),30971826,train,1990,1990,0,12,"Fitness/Viability · Cancer · MRPS33, PDSS1, ISCA1"
606,788,decreases cell proliferation,Fitness / Proliferation / Viability,,Oral Squamous Cell Carcinoma Cell Line,HO-1-u-1,Negative Selection,Knockout,unidirectional,17956,Behan FM (2019),30971826,train,1569,1569,0,2,"Fitness/Viability · Cancer · EGR2, TMEM183A, PGAM4"
607,789,decreases cell proliferation,Fitness / Proliferation / Viability,,Non-Small Cell Lung Adenocarcinoma Cell Line,HOP-62,Negative Selection,Knockout,unidirectional,17956,Behan FM (2019),30971826,train,976,976,0,16,"Fitness/Viability · Cancer · IQCB1, UGT1A5, PPP3CB"
608,790,decreases cell proliferation,Fitness / Proliferation / Viability,,Pancreatic Adenocarcinoma Cell Line,HPAF-II,Negative Selection,Knockout,unidirectional,17956,Behan FM (2019),30971826,train,1289,1289,0,8,"Fitness/Viability · Cancer · TCEAL7, LCE1E, PGAM4"
609,791,decreases cell proliferation,Fitness / Proliferation / Viability,,Mammary Gland Tumor Cell Line,Hs 578T,Negative Selection,Knockout,unidirectional,17956,Behan FM (2019),30971826,train,1129,1129,0,8,"Fitness/Viability · Cancer · TCEAL7, LCE1E, PGAM4"
610,792,decreases cell proliferation,Fitness / Proliferation / Viability,,Glioma Cell Line,Hs 683,Negative Selection,Knockout,unidirectional,17956,Behan FM (2019),30971826,train,1523,1523,0,2,"Fitness/Viability · Cancer · EGR2, TMEM183A, PGAM4"
611,793,decreases cell proliferation,Fitness / Proliferation / Viability,,Oral Squamous Cell Carcinoma Cell Line,HSC-3,Negative Selection,Knockout,unidirectional,17956,Behan FM (2019),30971826,train,1615,1615,0,2,"Fitness/Viability · Cancer · EGR2, TMEM183A, PGAM4"
612,794,decreases cell proliferation,Fitness / Proliferation / Viability,,Gastric Adenocarcinoma Cell Line,HSC-39,Negative Selection,Knockout,unidirectional,17956,Behan FM (2019),30971826,train,1690,1690,0,12,"Fitness/Viability · Cancer · MRPS33, PDSS1, ISCA1"
613,795,decreases cell proliferation,Fitness / Proliferation / Viability,,Oral Squamous Cell Carcinoma Cell Line,HSC-4,Negative Selection,Knockout,unidirectional,17956,Behan FM (2019),30971826,train,1371,1371,0,16,"Fitness/Viability · Cancer · IQCB1, UGT1A5, PPP3CB"
614,798,decreases cell proliferation,Fitness / Proliferation / Viability,,Colorectal Cancer Cell Line,HT-55,Negative Selection,Knockout,unidirectional,17956,Behan FM (2019),30971826,train,1001,1001,0,8,"Fitness/Viability · Cancer · TCEAL7, LCE1E, PGAM4"
615,799,decreases cell proliferation,Fitness / Proliferation / Viability,,Retinal Pigment Epithelium Cell Line,hTERT-RPE1,Negative Selection,Knockout,unidirectional,17956,Behan FM (2019),30971826,train,1249,1249,0,2,"Fitness/Viability · Cancer · EGR2, TMEM183A, PGAM4"
616,800,decreases cell proliferation,Fitness / Proliferation / Viability,,Cancer Cell Line,HuP-T3,Negative Selection,Knockout,unidirectional,17956,Behan FM (2019),30971826,train,1237,1237,0,8,"Fitness/Viability · Cancer · TCEAL7, LCE1E, PGAM4"
617,801,decreases cell proliferation,Fitness / Proliferation / Viability,,Pancreatic Adenocarcinoma Cell Line,HuP-T4,Negative Selection,Knockout,unidirectional,17956,Behan FM (2019),30971826,train,1132,1132,0,8,"Fitness/Viability · Cancer · TCEAL7, LCE1E, PGAM4"
618,802,decreases cell proliferation,Fitness / Proliferation / Viability,,Ovarian Cancer Cell Line,IGROV-1,Negative Selection,Knockout,unidirectional,17956,Behan FM (2019),30971826,train,1287,1287,0,2,"Fitness/Viability · Cancer · EGR2, TMEM183A, PGAM4"
619,803,decreases cell proliferation,Fitness / Proliferation / Viability,,B-lymphoblastoid cell line,IM-9,Negative Selection,Knockout,unidirectional,17956,Behan FM (2019),30971826,train,1285,1285,0,8,"Fitness/Viability · Cancer · TCEAL7, LCE1E, PGAM4"
620,804,decreases cell proliferation,Fitness / Proliferation / Viability,,Gastric Adenocarcinoma Cell Line,IM95,Negative Selection,Knockout,unidirectional,17956,Behan FM (2019),30971826,train,924,924,0,8,"Fitness/Viability · Cancer · TCEAL7, LCE1E, PGAM4"
621,805,decreases cell proliferation (cell fitness),Fitness / Proliferation / Viability,,Melanoma Cell Line,IST-MEL1,Negative Selection,Knockout,unidirectional,17956,Behan FM (2019),30971826,train,1240,1240,0,8,"Fitness/Viability · Cancer · TCEAL7, LCE1E, PGAM4"
622,806,decreases cell proliferation,Fitness / Proliferation / Viability,,Ovary Adenocarcinoma Cell Line,JHOS-2,Negative Selection,Knockout,unidirectional,17956,Behan FM (2019),30971826,train,1562,1562,0,2,"Fitness/Viability · Cancer · EGR2, TMEM183A, PGAM4"
623,807,decreases cell proliferation,Fitness / Proliferation / Viability,,Ovary Adenocarcinoma Cell Line,JHOS-4,Negative Selection,Knockout,unidirectional,17956,Behan FM (2019),30971826,train,1404,1404,0,2,"Fitness/Viability · Cancer · EGR2, TMEM183A, PGAM4"
624,808,decreases cell proliferation,Fitness / Proliferation / Viability,,Head and Neck Squamous Cell Carcinoma Cell Line,JHU-011,Negative Selection,Knockout,unidirectional,17956,Behan FM (2019),30971826,train,1432,1432,0,2,"Fitness/Viability · Cancer · EGR2, TMEM183A, PGAM4"
625,809,decreases cell proliferation,Fitness / Proliferation / Viability,,Head and Neck Squamous Cell Carcinoma Cell Line,JHU-022,Negative Selection,Knockout,unidirectional,17956,Behan FM (2019),30971826,train,1367,1367,0,2,"Fitness/Viability · Cancer · EGR2, TMEM183A, PGAM4"
626,810,decreases cell proliferation,Fitness / Proliferation / Viability,,Head and Neck Squamous Cell Carcinoma Cell Line,JHU-029,Negative Selection,Knockout,unidirectional,17956,Behan FM (2019),30971826,train,1780,1780,0,2,"Fitness/Viability · Cancer · EGR2, TMEM183A, PGAM4"
627,811,decreases cell proliferation,Fitness / Proliferation / Viability,,Mammary Gland Tumor Cell Line,JIMT-1,Negative Selection,Knockout,unidirectional,17956,Behan FM (2019),30971826,train,1191,1191,0,8,"Fitness/Viability · Cancer · TCEAL7, LCE1E, PGAM4"
628,812,decreases cell proliferation,Fitness / Proliferation / Viability,,Cancer Cell Line,KATO III,Negative Selection,Knockout,unidirectional,17956,Behan FM (2019),30971826,train,976,976,0,8,"Fitness/Viability · Cancer · TCEAL7, LCE1E, PGAM4"
629,813,decreases cell proliferation,Fitness / Proliferation / Viability,,Astrocytoma Cell Line,KINGS-1,Negative Selection,Knockout,unidirectional,17956,Behan FM (2019),30971826,train,1544,1544,0,2,"Fitness/Viability · Cancer · EGR2, TMEM183A, PGAM4"
630,814,decreases cell proliferation,Fitness / Proliferation / Viability,,Endometrial Cancer Cell Line,KLE,Negative Selection,Knockout,unidirectional,17956,Behan FM (2019),30971826,train,975,975,0,16,"Fitness/Viability · Cancer · IQCB1, UGT1A5, PPP3CB"
631,815,decreases cell proliferation,Fitness / Proliferation / Viability,,Colonic Cancer Cell Line,KM12,Negative Selection,Knockout,unidirectional,17956,Behan FM (2019),30971826,train,1225,1225,0,8,"Fitness/Viability · Cancer · TCEAL7, LCE1E, PGAM4"
632,816,decreases cell proliferation,Fitness / Proliferation / Viability,,Multiple Myeloma Cell Line,KMS-11,Negative Selection,Knockout,unidirectional,17956,Behan FM (2019),30971826,train,1575,1575,0,2,"Fitness/Viability · Cancer · EGR2, TMEM183A, PGAM4"
633,817,decreases cell proliferation,Fitness / Proliferation / Viability,,Glioblastoma Cell Line,KNS-42,Negative Selection,Knockout,unidirectional,17956,Behan FM (2019),30971826,train,1413,1413,0,2,"Fitness/Viability · Cancer · EGR2, TMEM183A, PGAM4"
634,818,decreases cell proliferation,Fitness / Proliferation / Viability,,Lung Cancer Cell Line,KNS-62,Negative Selection,Knockout,unidirectional,17956,Behan FM (2019),30971826,train,1548,1548,0,2,"Fitness/Viability · Cancer · EGR2, TMEM183A, PGAM4"
635,819,decreases cell proliferation,Fitness / Proliferation / Viability,,Cancer Cell Line,KON,Negative Selection,Knockout,unidirectional,17956,Behan FM (2019),30971826,train,1759,1759,0,12,"Fitness/Viability · Cancer · MRPS33, PDSS1, ISCA1"
636,820,decreases cell proliferation as measured by reduced cellular fitness,Fitness / Proliferation / Viability,,Pancreatic Cancer Cell Line,KP-1N,Negative Selection,Knockout,unidirectional,17956,Behan FM (2019),30971826,train,1705,1705,0,2,"Fitness/Viability · Cancer · EGR2, TMEM183A, PGAM4"
637,821,decreases cell proliferation,Fitness / Proliferation / Viability,,Pancreatic Cancer Cell Line,KP-3,Negative Selection,Knockout,unidirectional,17956,Behan FM (2019),30971826,train,1284,1284,0,8,"Fitness/Viability · Cancer · TCEAL7, LCE1E, PGAM4"
638,822,decreases cell proliferation,Fitness / Proliferation / Viability,,Cancer Cell Line,KP-4,Negative Selection,Knockout,unidirectional,17956,Behan FM (2019),30971826,train,1693,1693,0,12,"Fitness/Viability · Cancer · MRPS33, PDSS1, ISCA1"
639,823,decreases cell proliferation,Fitness / Proliferation / Viability,,Neuroblastoma Cell Line,KP-N-YN,Negative Selection,Knockout,unidirectional,17956,Behan FM (2019),30971826,train,1533,1533,0,2,"Fitness/Viability · Cancer · EGR2, TMEM183A, PGAM4"
640,824,decreases cell proliferation,Fitness / Proliferation / Viability,,Neuroblastoma Cell Line,KP-N-YS,Negative Selection,Knockout,unidirectional,17956,Behan FM (2019),30971826,train,1579,1579,0,2,"Fitness/Viability · Cancer · EGR2, TMEM183A, PGAM4"
641,825,decreases cell proliferation,Fitness / Proliferation / Viability,,Ovarian Cancer Cell Line,Kuramochi,Negative Selection,Knockout,unidirectional,17956,Behan FM (2019),30971826,train,1442,1442,0,2,"Fitness/Viability · Cancer · EGR2, TMEM183A, PGAM4"
642,826,decreases cell proliferation,Fitness / Proliferation / Viability,,Esophageal Cancer Cell Line,KYAE-1,Negative Selection,Knockout,unidirectional,17956,Behan FM (2019),30971826,train,947,947,0,16,"Fitness/Viability · Cancer · IQCB1, UGT1A5, PPP3CB"
643,827,decreases cell proliferation as measured by decreased cell fitness/viability,Fitness / Proliferation / Viability,,Cancer Cell Line,KYSE-140,Negative Selection,Knockout,unidirectional,17956,Behan FM (2019),30971826,train,1513,1513,0,2,"Fitness/Viability · Cancer · EGR2, TMEM183A, PGAM4"
644,828,decreases cell proliferation,Fitness / Proliferation / Viability,,Esophageal Squamous Cell Carcinoma Cell Line,KYSE-150,Negative Selection,Knockout,unidirectional,17956,Behan FM (2019),30971826,train,1500,1500,0,2,"Fitness/Viability · Cancer · EGR2, TMEM183A, PGAM4"
645,829,decreases cell proliferation,Fitness / Proliferation / Viability,,Esophageal Squamous Cell Carcinoma Cell Line,KYSE-220,Negative Selection,Knockout,unidirectional,17956,Behan FM (2019),30971826,train,1871,1871,0,12,"Fitness/Viability · Cancer · MRPS33, PDSS1, ISCA1"
646,830,decreases cell proliferation,Fitness / Proliferation / Viability,,Cancer Cell Line,KYSE-270,Negative Selection,Knockout,unidirectional,17956,Behan FM (2019),30971826,train,987,987,0,16,"Fitness/Viability · Cancer · IQCB1, UGT1A5, PPP3CB"
647,831,decreases cell proliferation,Fitness / Proliferation / Viability,,Esophageal Squamous Cell Carcinoma Cell Line,KYSE-410,Negative Selection,Knockout,unidirectional,17956,Behan FM (2019),30971826,train,1767,1767,0,12,"Fitness/Viability · Cancer · MRPS33, PDSS1, ISCA1"
648,832,decreases cell proliferation,Fitness / Proliferation / Viability,,Cancer Cell Line,KYSE-450,Negative Selection,Knockout,unidirectional,17956,Behan FM (2019),30971826,train,1476,1476,0,16,"Fitness/Viability · Cancer · IQCB1, UGT1A5, PPP3CB"
649,833,decreases cell proliferation,Fitness / Proliferation / Viability,,Cancer Cell Line,KYSE-510,Negative Selection,Knockout,unidirectional,17956,Behan FM (2019),30971826,train,1799,1799,0,12,"Fitness/Viability · Cancer · MRPS33, PDSS1, ISCA1"
650,834,decreases cell proliferation,Fitness / Proliferation / Viability,,Cancer Cell Line,KYSE-520,Negative Selection,Knockout,unidirectional,17956,Behan FM (2019),30971826,train,1325,1325,0,2,"Fitness/Viability · Cancer · EGR2, TMEM183A, PGAM4"
651,835,decreases cell proliferation,Fitness / Proliferation / Viability,,Cancer Cell Line,KYSE-70,Negative Selection,Knockout,unidirectional,17956,Behan FM (2019),30971826,train,1493,1493,0,2,"Fitness/Viability · Cancer · EGR2, TMEM183A, PGAM4"
652,836,decreases cell proliferation,Fitness / Proliferation / Viability,,Multiple Myeloma Cell Line,L-363,Negative Selection,Knockout,unidirectional,17956,Behan FM (2019),30971826,train,1359,1359,0,2,"Fitness/Viability · Cancer · EGR2, TMEM183A, PGAM4"
653,837,decreases cell proliferation,Fitness / Proliferation / Viability,,Renal Cell Carcinoma Cell Line,LB1047-RCC,Negative Selection,Knockout,unidirectional,17956,Behan FM (2019),30971826,train,1555,1555,0,2,"Fitness/Viability · Cancer · EGR2, TMEM183A, PGAM4"
654,838,decreases cell proliferation,Fitness / Proliferation / Viability,,Head and Neck Squamous Cell Carcinoma Cell Line,LB771-HNC,Negative Selection,Knockout,unidirectional,17956,Behan FM (2019),30971826,train,1620,1620,0,2,"Fitness/Viability · Cancer · EGR2, TMEM183A, PGAM4"
655,839,decreases cell proliferation,Fitness / Proliferation / Viability,,Lung Squamous Cell Carcinoma Cell Line,LC-1/sq,Negative Selection,Knockout,unidirectional,17956,Behan FM (2019),30971826,train,1174,1174,0,8,"Fitness/Viability · Cancer · TCEAL7, LCE1E, PGAM4"
656,840,decreases cell proliferation,Fitness / Proliferation / Viability,,Lung Cancer Cell Line,LCLC-97TM1,Negative Selection,Knockout,unidirectional,17956,Behan FM (2019),30971826,train,823,823,0,16,"Fitness/Viability · Cancer · IQCB1, UGT1A5, PPP3CB"
657,841,decreases cell proliferation,Fitness / Proliferation / Viability,,Lung Squamous Cell Carcinoma Cell Line,LK-2,Negative Selection,Knockout,unidirectional,17956,Behan FM (2019),30971826,train,1556,1556,0,2,"Fitness/Viability · Cancer · EGR2, TMEM183A, PGAM4"
658,842,decreases cell proliferation,Fitness / Proliferation / Viability,,Glioblastoma Cell Line,LN-229,Negative Selection,Knockout,unidirectional,17956,Behan FM (2019),30971826,train,1587,1587,0,2,"Fitness/Viability · Cancer · EGR2, TMEM183A, PGAM4"
659,843,decreases cell proliferation (reduced cellular fitness),Fitness / Proliferation / Viability,,Prostate Cancer Cell Line,LNCaP clone FGC,Negative Selection,Knockout,unidirectional,17956,Behan FM (2019),30971826,train,1098,1098,0,8,"Fitness/Viability · Cancer · TCEAL7, LCE1E, PGAM4"
660,844,decreases cell proliferation,Fitness / Proliferation / Viability,,Astrocytoma Cell Line,LNZTA3WT4,Negative Selection,Knockout,unidirectional,17956,Behan FM (2019),30971826,train,1709,1709,0,2,"Fitness/Viability · Cancer · EGR2, TMEM183A, PGAM4"
661,845,decreases cell proliferation,Fitness / Proliferation / Viability,,Lung Cancer Cell Line,LOU-NH91,Negative Selection,Knockout,unidirectional,17956,Behan FM (2019),30971826,train,1450,1450,0,2,"Fitness/Viability · Cancer · EGR2, TMEM183A, PGAM4"
662,846,decreases cell proliferation (cell fitness),Fitness / Proliferation / Viability,,Colonic Adenocarcinoma Cell Line,LoVo,Negative Selection,Knockout,unidirectional,17956,Behan FM (2019),30971826,train,1499,1499,0,8,"Fitness/Viability · Cancer · TCEAL7, LCE1E, PGAM4"
663,847,decreases cell proliferation,Fitness / Proliferation / Viability,,Multiple Myeloma Cell Line,LP-1,Negative Selection,Knockout,unidirectional,17956,Behan FM (2019),30971826,train,1446,1446,0,12,"Fitness/Viability · Cancer · MRPS33, PDSS1, ISCA1"
664,848,decreases cell proliferation,Fitness / Proliferation / Viability,,Cecum Cancer Cell Line,LS1034,Negative Selection,Knockout,unidirectional,17956,Behan FM (2019),30971826,train,1006,1006,0,8,"Fitness/Viability · Cancer · TCEAL7, LCE1E, PGAM4"
665,849,decreases cell proliferation,Fitness / Proliferation / Viability,,Colonic Adenocarcinoma Cell Line,LS123,Negative Selection,Knockout,unidirectional,17956,Behan FM (2019),30971826,train,481,481,0,16,"Fitness/Viability · Cancer · IQCB1, UGT1A5, PPP3CB"
666,850,decreases cell proliferation,Fitness / Proliferation / Viability,,Colorectal Adenocarcinoma Cell Line,LS180,Negative Selection,Knockout,unidirectional,17956,Behan FM (2019),30971826,train,1215,1215,0,8,"Fitness/Viability · Cancer · TCEAL7, LCE1E, PGAM4"
667,851,decreases cell proliferation,Fitness / Proliferation / Viability,,Cecum Cancer Cell Line,LS411N,Negative Selection,Knockout,unidirectional,17956,Behan FM (2019),30971826,train,1232,1232,0,8,"Fitness/Viability · Cancer · TCEAL7, LCE1E, PGAM4"
668,852,decreases cell proliferation,Fitness / Proliferation / Viability,,Cecum Cancer Cell Line,LS513,Negative Selection,Knockout,unidirectional,17956,Behan FM (2019),30971826,train,1190,1190,0,8,"Fitness/Viability · Cancer · TCEAL7, LCE1E, PGAM4"
669,853,decreases cell proliferation,Fitness / Proliferation / Viability,,Large Cell Lung Cancer Cell Line,Lu-65,Negative Selection,Knockout,unidirectional,17956,Behan FM (2019),30971826,train,1174,1174,0,8,"Fitness/Viability · Cancer · TCEAL7, LCE1E, PGAM4"
670,854,decreases cell proliferation,Fitness / Proliferation / Viability,,Large Cell Lung Cancer Cell Line,Lu-99A,Negative Selection,Knockout,unidirectional,17956,Behan FM (2019),30971826,train,1747,1747,0,2,"Fitness/Viability · Cancer · EGR2, TMEM183A, PGAM4"
671,855,decreases cell proliferation,Fitness / Proliferation / Viability,,Lung Cancer Cell Line,LXF 289,Negative Selection,Knockout,unidirectional,17956,Behan FM (2019),30971826,train,1721,1721,0,2,"Fitness/Viability · Cancer · EGR2, TMEM183A, PGAM4"
672,856,decreases cell proliferation,Fitness / Proliferation / Viability,,Askin Tumor,SK-N-MC-IXC,Negative Selection,Knockout,unidirectional,17956,Behan FM (2019),30971826,train,2076,2076,0,12,"Fitness/Viability · Cancer · MRPS33, PDSS1, ISCA1"
673,857,decreases cell proliferation,Fitness / Proliferation / Viability,,Ovarian Cancer Cell Line,MCAS,Negative Selection,Knockout,unidirectional,17956,Behan FM (2019),30971826,train,535,535,0,8,"Fitness/Viability · Cancer · TCEAL7, LCE1E, PGAM4"
674,858,decreases cell proliferation,Fitness / Proliferation / Viability,,Breast Adenocarcinoma Cell Line,MCF-7,Negative Selection,Knockout,unidirectional,17956,Behan FM (2019),30971826,train,760,760,0,8,"Fitness/Viability · Cancer · TCEAL7, LCE1E, PGAM4"
675,859,decreases cell proliferation as evidenced by reduced cell fitness/growth,Fitness / Proliferation / Viability,,Breast Adenocarcinoma Cell Line,MDA-MB-231,Negative Selection,Knockout,unidirectional,17956,Behan FM (2019),30971826,train,1457,1457,0,2,"Fitness/Viability · Cancer · EGR2, TMEM183A, PGAM4"
676,860,decreases cell proliferation,Fitness / Proliferation / Viability,,Mammary Gland Tumor Cell Line,MDA-MB-361,Negative Selection,Knockout,unidirectional,17956,Behan FM (2019),30971826,train,1491,1491,0,2,"Fitness/Viability · Cancer · EGR2, TMEM183A, PGAM4"
677,861,decreases cell proliferation,Fitness / Proliferation / Viability,,Breast Cancer Cell Line,MDA-MB-415,Negative Selection,Knockout,unidirectional,17956,Behan FM (2019),30971826,train,1155,1155,0,8,"Fitness/Viability · Cancer · TCEAL7, LCE1E, PGAM4"
678,862,decreases cell proliferation,Fitness / Proliferation / Viability,,Mammary Gland Tumor Cell Line,MDA-MB-436,Negative Selection,Knockout,unidirectional,17956,Behan FM (2019),30971826,train,1416,1416,0,8,"Fitness/Viability · Cancer · TCEAL7, LCE1E, PGAM4"
679,863,decreases cell proliferation (fitness),Fitness / Proliferation / Viability,,Mammary Gland Tumor Cell Line,MDA-MB-453,Negative Selection,Knockout,unidirectional,17956,Behan FM (2019),30971826,train,931,931,0,8,"Fitness/Viability · Cancer · TCEAL7, LCE1E, PGAM4"
680,864,decreases cell proliferation,Fitness / Proliferation / Viability,,Mammary Gland Tumor Cell Line,MDA-MB-468,Negative Selection,Knockout,unidirectional,17956,Behan FM (2019),30971826,train,1445,1445,0,12,"Fitness/Viability · Cancer · MRPS33, PDSS1, ISCA1"
681,865,decreases cell proliferation,Fitness / Proliferation / Viability,,Colonic Cancer Cell Line,MDST8,Negative Selection,Knockout,unidirectional,17956,Behan FM (2019),30971826,train,917,917,0,8,"Fitness/Viability · Cancer · TCEAL7, LCE1E, PGAM4"
682,866,decreases cell proliferation,Fitness / Proliferation / Viability,,Endometrial Cancer Cell Line,MFE-280,Negative Selection,Knockout,unidirectional,17956,Behan FM (2019),30971826,train,901,901,0,16,"Fitness/Viability · Cancer · IQCB1, UGT1A5, PPP3CB"
683,867,decreases cell proliferation,Fitness / Proliferation / Viability,,Endometrial Cancer Cell Line,MFE-296,Negative Selection,Knockout,unidirectional,17956,Behan FM (2019),30971826,train,1424,1424,0,16,"Fitness/Viability · Cancer · IQCB1, UGT1A5, PPP3CB"
684,868,decreases cell proliferation,Fitness / Proliferation / Viability,,Mammary Gland Tumor Cell Line,MFM-223,Negative Selection,Knockout,unidirectional,17956,Behan FM (2019),30971826,train,1772,1772,0,12,"Fitness/Viability · Cancer · MRPS33, PDSS1, ISCA1"
685,869,decreases cell proliferation,Fitness / Proliferation / Viability,,Cancer Cell Line,MHH-ES-1,Negative Selection,Knockout,unidirectional,17956,Behan FM (2019),30971826,train,1697,1697,0,2,"Fitness/Viability · Cancer · EGR2, TMEM183A, PGAM4"
686,870,decreases cell proliferation,Fitness / Proliferation / Viability,,Cancer Cell Line,MIA PaCa-2,Negative Selection,Knockout,unidirectional,17956,Behan FM (2019),30971826,train,1584,1584,0,8,"Fitness/Viability · Cancer · TCEAL7, LCE1E, PGAM4"
687,871,decreases cell proliferation,Fitness / Proliferation / Viability,,Cancer Cell Line,MKN28,Negative Selection,Knockout,unidirectional,17956,Behan FM (2019),30971826,train,1708,1708,0,12,"Fitness/Viability · Cancer · MRPS33, PDSS1, ISCA1"
688,872,decreases cell proliferation,Fitness / Proliferation / Viability,,Astrocytoma Cell Line,MOG-G-UVW,Negative Selection,Knockout,unidirectional,17956,Behan FM (2019),30971826,train,1610,1610,0,16,"Fitness/Viability · Cancer · IQCB1, UGT1A5, PPP3CB"
689,873,decreases cell proliferation,Fitness / Proliferation / Viability,,Neuroblastoma Cell Line,SJNB-10,Negative Selection,Knockout,unidirectional,17956,Behan FM (2019),30971826,train,861,861,0,8,"Fitness/Viability · Cancer · TCEAL7, LCE1E, PGAM4"
690,874,decreases cell fitness as measured by reduced cell proliferation,Fitness / Proliferation / Viability,,Neuroblastoma Cell Line,SJNB-13,Negative Selection,Knockout,unidirectional,17956,Behan FM (2019),30971826,train,1575,1575,0,2,"Fitness/Viability · Cancer · EGR2, TMEM183A, PGAM4"
691,875,decreases cell proliferation,Fitness / Proliferation / Viability,,Neuroblastoma Cell Line,SJNB-17,Negative Selection,Knockout,unidirectional,17956,Behan FM (2019),30971826,train,1397,1397,0,2,"Fitness/Viability · Cancer · EGR2, TMEM183A, PGAM4"
692,876,decreases cell proliferation,Fitness / Proliferation / Viability,,Neuroblastoma Cell Line,SJNB-5,Negative Selection,Knockout,unidirectional,17956,Behan FM (2019),30971826,train,1575,1575,0,2,"Fitness/Viability · Cancer · EGR2, TMEM183A, PGAM4"
693,877,decreases cell proliferation,Fitness / Proliferation / Viability,,Neuroblastoma Cell Line,SJNB-6,Negative Selection,Knockout,unidirectional,17956,Behan FM (2019),30971826,train,1534,1534,0,2,"Fitness/Viability · Cancer · EGR2, TMEM183A, PGAM4"
694,878,decreases cell proliferation,Fitness / Proliferation / Viability,,Neuroblastoma Cell Line,NB69,Negative Selection,Knockout,unidirectional,17956,Behan FM (2019),30971826,train,1577,1577,0,2,"Fitness/Viability · Cancer · EGR2, TMEM183A, PGAM4"
695,879,decreases cell proliferation,Fitness / Proliferation / Viability,,Neuroblastoma Cell Line,SJNB-7,Negative Selection,Knockout,unidirectional,17956,Behan FM (2019),30971826,train,2207,2207,0,12,"Fitness/Viability · Cancer · MRPS33, PDSS1, ISCA1"
696,880,decreases cell proliferation,Fitness / Proliferation / Viability,,Non-Small Cell Lung Cancer Cell Line,NCI-H1155,Negative Selection,Knockout,unidirectional,17956,Behan FM (2019),30971826,train,1543,1543,0,12,"Fitness/Viability · Cancer · MRPS33, PDSS1, ISCA1"
697,881,decreases cell proliferation,Fitness / Proliferation / Viability,,Non-Small Cell Lung Cancer Cell Line,NCI-H1299,Negative Selection,Knockout,unidirectional,17956,Behan FM (2019),30971826,train,1421,1421,0,16,"Fitness/Viability · Cancer · IQCB1, UGT1A5, PPP3CB"
698,882,decreases cell proliferation,Fitness / Proliferation / Viability,,Lung Adenocarcinoma Cell Line,NCI-H1355,Negative Selection,Knockout,unidirectional,17956,Behan FM (2019),30971826,train,1324,1324,0,16,"Fitness/Viability · Cancer · IQCB1, UGT1A5, PPP3CB"
699,883,decreases cell proliferation,Fitness / Proliferation / Viability,,Non-Small Cell Lung Cancer Cell Line,NCI-H1581,Negative Selection,Knockout,unidirectional,17956,Behan FM (2019),30971826,train,1342,1342,0,2,"Fitness/Viability · Cancer · EGR2, TMEM183A, PGAM4"
700,884,decreases cell proliferation,Fitness / Proliferation / Viability,,Lung Adenocarcinoma Cell Line,NCI-H1650,Negative Selection,Knockout,unidirectional,17956,Behan FM (2019),30971826,train,1312,1312,0,2,"Fitness/Viability · Cancer · EGR2, TMEM183A, PGAM4"
701,885,decreases cell proliferation,Fitness / Proliferation / Viability,,Lung Adenocarcinoma Cell Line,NCI-H1755,Negative Selection,Knockout,unidirectional,17956,Behan FM (2019),30971826,train,1732,1732,0,2,"Fitness/Viability · Cancer · EGR2, TMEM183A, PGAM4"
702,886,decreases cell proliferation,Fitness / Proliferation / Viability,,Lung Cancer Cell Line,NCI-H1869,Negative Selection,Knockout,unidirectional,17956,Behan FM (2019),30971826,train,1565,1565,0,2,"Fitness/Viability · Cancer · EGR2, TMEM183A, PGAM4"
703,887,decreases cell proliferation as measured by reduced cell fitness,Fitness / Proliferation / Viability,,Non-Small Cell Lung Cancer Cell Line,NCI-H1915,Negative Selection,Knockout,unidirectional,17956,Behan FM (2019),30971826,train,1177,1177,0,2,"Fitness/Viability · Cancer · EGR2, TMEM183A, PGAM4"
704,888,decreases cell proliferation,Fitness / Proliferation / Viability,,Lung Cancer Cell Line,NCI-H1944,Negative Selection,Knockout,unidirectional,17956,Behan FM (2019),30971826,train,1468,1468,0,2,"Fitness/Viability · Cancer · EGR2, TMEM183A, PGAM4"
705,889,decreases cell proliferation,Fitness / Proliferation / Viability,,Non-Small Cell Lung Cancer Cell Line,NCI-H1975,Negative Selection,Knockout,unidirectional,17956,Behan FM (2019),30971826,train,1855,1855,0,2,"Fitness/Viability · Cancer · EGR2, TMEM183A, PGAM4"
706,890,decreases cell proliferation,Fitness / Proliferation / Viability,,Lung Cancer Cell Line,NCI-H1993,Negative Selection,Knockout,unidirectional,17956,Behan FM (2019),30971826,train,1463,1463,0,2,"Fitness/Viability · Cancer · EGR2, TMEM183A, PGAM4"
707,891,decreases cell proliferation,Fitness / Proliferation / Viability,,Lung Cancer Cell Line,NCI-H2023,Negative Selection,Knockout,unidirectional,17956,Behan FM (2019),30971826,train,1633,1633,0,2,"Fitness/Viability · Cancer · EGR2, TMEM183A, PGAM4"
708,892,decreases cell proliferation,Fitness / Proliferation / Viability,,Lung Adenocarcinoma Cell Line,NCI-H2087,Negative Selection,Knockout,unidirectional,17956,Behan FM (2019),30971826,train,1588,1588,0,2,"Fitness/Viability · Cancer · EGR2, TMEM183A, PGAM4"
709,893,decreases cell proliferation,Fitness / Proliferation / Viability,,Lung Squamous Cell Carcinoma Cell Line,NCI-H2170,Negative Selection,Knockout,unidirectional,17956,Behan FM (2019),30971826,train,1575,1575,0,2,"Fitness/Viability · Cancer · EGR2, TMEM183A, PGAM4"
710,894,decreases cell proliferation,Fitness / Proliferation / Viability,,Non-Small Cell Lung Cancer Cell Line,NCI-H226,Negative Selection,Knockout,unidirectional,17956,Behan FM (2019),30971826,train,925,925,0,16,"Fitness/Viability · Cancer · IQCB1, UGT1A5, PPP3CB"
711,895,decreases cell proliferation,Fitness / Proliferation / Viability,,Lung Adenocarcinoma Cell Line,NCI-H23,Negative Selection,Knockout,unidirectional,17956,Behan FM (2019),30971826,train,1825,1825,0,12,"Fitness/Viability · Cancer · MRPS33, PDSS1, ISCA1"
712,896,decreases cell proliferation,Fitness / Proliferation / Viability,,Cancer Cell Line,NCI-H3118,Negative Selection,Knockout,unidirectional,17956,Behan FM (2019),30971826,train,1617,1617,0,2,"Fitness/Viability · Cancer · EGR2, TMEM183A, PGAM4"
713,897,decreases cell proliferation,Fitness / Proliferation / Viability,,Lung Adenocarcinoma Cell Line,NCI-H3122,Negative Selection,Knockout,unidirectional,17956,Behan FM (2019),30971826,train,1249,1249,0,16,"Fitness/Viability · Cancer · IQCB1, UGT1A5, PPP3CB"
714,898,decreases cell proliferation,Fitness / Proliferation / Viability,,Non-Small Cell Lung Cancer Cell Line,NCI-H322M,Negative Selection,Knockout,unidirectional,17956,Behan FM (2019),30971826,train,1010,1010,0,16,"Fitness/Viability · Cancer · IQCB1, UGT1A5, PPP3CB"
715,899,decreases cell proliferation,Fitness / Proliferation / Viability,,Non-Small Cell Lung Cancer Cell Line,NCI-H358,Negative Selection,Knockout,unidirectional,17956,Behan FM (2019),30971826,train,898,898,0,8,"Fitness/Viability · Cancer · TCEAL7, LCE1E, PGAM4"
716,900,decreases cell proliferation,Fitness / Proliferation / Viability,,Non-Small Cell Lung Cancer Cell Line,NCI-H520,Negative Selection,Knockout,unidirectional,17956,Behan FM (2019),30971826,train,1944,1944,0,12,"Fitness/Viability · Cancer · MRPS33, PDSS1, ISCA1"
717,901,decreases cell proliferation (fitness),Fitness / Proliferation / Viability,,Lung Cancer Cell Line,NCI-H650,Negative Selection,Knockout,unidirectional,17956,Behan FM (2019),30971826,train,931,931,0,8,"Fitness/Viability · Cancer · TCEAL7, LCE1E, PGAM4"
718,902,decreases cell proliferation,Fitness / Proliferation / Viability,,Gastric Cancer Cell Line,NCI-N87,Negative Selection,Knockout,unidirectional,17956,Behan FM (2019),30971826,train,1489,1489,0,16,"Fitness/Viability · Cancer · IQCB1, UGT1A5, PPP3CB"
719,903,decreases cell proliferation,Fitness / Proliferation / Viability,,Neuroblastoma Cell Line,NH-12,Negative Selection,Knockout,unidirectional,17956,Behan FM (2019),30971826,train,1403,1403,0,2,"Fitness/Viability · Cancer · EGR2, TMEM183A, PGAM4"
720,904,decreases cell proliferation,Fitness / Proliferation / Viability,,Astrocytoma Cell Line,NMC-G1,Negative Selection,Knockout,unidirectional,17956,Behan FM (2019),30971826,train,701,701,0,8,"Fitness/Viability · Cancer · TCEAL7, LCE1E, PGAM4"
721,905,decreases cell proliferation,Fitness / Proliferation / Viability,,Glioblastoma Cell Line,Onda 10,Negative Selection,Knockout,unidirectional,17956,Behan FM (2019),30971826,train,1494,1494,0,2,"Fitness/Viability · Cancer · EGR2, TMEM183A, PGAM4"
722,906,decreases cell proliferation,Fitness / Proliferation / Viability,,Glioblastoma Cell Line,Onda 11,Negative Selection,Knockout,unidirectional,17956,Behan FM (2019),30971826,train,1300,1300,0,2,"Fitness/Viability · Cancer · EGR2, TMEM183A, PGAM4"
723,907,decreases cell proliferation,Fitness / Proliferation / Viability,,Gastric Adenocarcinoma Cell Line,NUGC-3,Negative Selection,Knockout,unidirectional,17956,Behan FM (2019),30971826,train,1720,1720,0,2,"Fitness/Viability · Cancer · EGR2, TMEM183A, PGAM4"
724,908,decreases cell proliferation,Fitness / Proliferation / Viability,,Cancer Cell Line,OACM5.1 C,Negative Selection,Knockout,unidirectional,17956,Behan FM (2019),30971826,train,1384,1384,0,2,"Fitness/Viability · Cancer · EGR2, TMEM183A, PGAM4"
725,909,decreases cell proliferation,Fitness / Proliferation / Viability,,Ovarian Cancer Cell Line,OAW42,Negative Selection,Knockout,unidirectional,17956,Behan FM (2019),30971826,train,1071,1071,0,2,"Fitness/Viability · Cancer · EGR2, TMEM183A, PGAM4"
726,910,decreases cell proliferation,Fitness / Proliferation / Viability,,Ovarian Cancer Cell Line,OC 314,Negative Selection,Knockout,unidirectional,17956,Behan FM (2019),30971826,train,1568,1568,0,2,"Fitness/Viability · Cancer · EGR2, TMEM183A, PGAM4"
727,911,decreases cell proliferation,Fitness / Proliferation / Viability,,Acute Myeloid Leukemia Cell Line,OCI-AML-2,Negative Selection,Knockout,unidirectional,17956,Behan FM (2019),30971826,train,1557,1557,0,12,"Fitness/Viability · Cancer · MRPS33, PDSS1, ISCA1"
728,912,decreases cell proliferation,Fitness / Proliferation / Viability,,Acute Myeloid Leukemia Cell Line,OCI-AML-3,Negative Selection,Knockout,unidirectional,17956,Behan FM (2019),30971826,train,1598,1598,0,12,"Fitness/Viability · Cancer · MRPS33, PDSS1, ISCA1"
729,913,decreases cell proliferation,Fitness / Proliferation / Viability,,Diffuse Large B-cell Lymphoma Cell,OCI-Ly19,Negative Selection,Knockout,unidirectional,17956,Behan FM (2019),30971826,train,893,893,0,8,"Fitness/Viability · Cancer · TCEAL7, LCE1E, PGAM4"
730,914,decreases cell proliferation (cellular fitness),Fitness / Proliferation / Viability,,Breast Cancer Cell Line,OCUB-M,Negative Selection,Knockout,unidirectional,17956,Behan FM (2019),30971826,train,1282,1282,0,12,"Fitness/Viability · Cancer · MRPS33, PDSS1, ISCA1"
731,915,decreases cell proliferation,Fitness / Proliferation / Viability,,Esophageal Cancer Cell Line,OE21,Negative Selection,Knockout,unidirectional,17956,Behan FM (2019),30971826,train,1858,1858,0,2,"Fitness/Viability · Cancer · EGR2, TMEM183A, PGAM4"
732,916,decreases cell proliferation,Fitness / Proliferation / Viability,,Esophageal Cancer Cell Line,OE33,Negative Selection,Knockout,unidirectional,17956,Behan FM (2019),30971826,train,1264,1264,0,16,"Fitness/Viability · Cancer · IQCB1, UGT1A5, PPP3CB"
733,917,decreases cell proliferation,Fitness / Proliferation / Viability,,Lymphoma or Leukaemia Cell Line,OPM-2,Negative Selection,Knockout,unidirectional,17956,Behan FM (2019),30971826,train,1490,1490,0,2,"Fitness/Viability · Cancer · EGR2, TMEM183A, PGAM4"
734,918,decreases cell proliferation (cell fitness),Fitness / Proliferation / Viability,,Tongue Cancer Cell Line,OSC-19,Negative Selection,Knockout,unidirectional,17956,Behan FM (2019),30971826,train,1179,1179,0,16,"Fitness/Viability · Cancer · IQCB1, UGT1A5, PPP3CB"
735,919,decreases cell proliferation,Fitness / Proliferation / Viability,,Tongue Cancer Cell Line,OSC-20,Negative Selection,Knockout,unidirectional,17956,Behan FM (2019),30971826,train,1479,1479,0,2,"Fitness/Viability · Cancer · EGR2, TMEM183A, PGAM4"
736,920,decreases cell proliferation as measured by reduced cellular fitness,Fitness / Proliferation / Viability,,Ovary Adenocarcinoma Cell Line,OV-90,Negative Selection,Knockout,unidirectional,17956,Behan FM (2019),30971826,train,1585,1585,0,2,"Fitness/Viability · Cancer · EGR2, TMEM183A, PGAM4"
737,921,decreases cell proliferation,Fitness / Proliferation / Viability,,Ovarian Cancer Cell Line,OVCA420,Negative Selection,Knockout,unidirectional,17956,Behan FM (2019),30971826,train,1338,1338,0,2,"Fitness/Viability · Cancer · EGR2, TMEM183A, PGAM4"
738,922,decreases cell proliferation,Fitness / Proliferation / Viability,,Ovary Adenocarcinoma Cell Line,OVCAR-3,Negative Selection,Knockout,unidirectional,17956,Behan FM (2019),30971826,train,1385,1385,0,2,"Fitness/Viability · Cancer · EGR2, TMEM183A, PGAM4"
739,923,decreases cell proliferation,Fitness / Proliferation / Viability,,Ovarian Cancer Cell Line,OVCAR-5,Negative Selection,Knockout,unidirectional,17956,Behan FM (2019),30971826,train,1832,1832,0,2,"Fitness/Viability · Cancer · EGR2, TMEM183A, PGAM4"
740,924,decreases cell proliferation,Fitness / Proliferation / Viability,,OVCAR-8,NCI-ADR-RES,Negative Selection,Knockout,unidirectional,17956,Behan FM (2019),30971826,train,2026,2026,0,12,"Fitness/Viability · Cancer · MRPS33, PDSS1, ISCA1"
741,925,decreases cell proliferation,Fitness / Proliferation / Viability,,Ovary Adenocarcinoma Cell Line,OVISE,Negative Selection,Knockout,unidirectional,17956,Behan FM (2019),30971826,train,1697,1697,0,12,"Fitness/Viability · Cancer · MRPS33, PDSS1, ISCA1"
742,926,decreases cell proliferation (cell fitness),Fitness / Proliferation / Viability,,Ovarian Cancer Cell Line,OVK-18,Negative Selection,Knockout,unidirectional,17956,Behan FM (2019),30971826,train,1488,1488,0,12,"Fitness/Viability · Cancer · MRPS33, PDSS1, ISCA1"
743,927,decreases cell proliferation,Fitness / Proliferation / Viability,,Ovarian Cancer Cell Line,OVMIU,Negative Selection,Knockout,unidirectional,17956,Behan FM (2019),30971826,train,1256,1256,0,2,"Fitness/Viability · Cancer · EGR2, TMEM183A, PGAM4"
744,928,decreases cell proliferation,Fitness / Proliferation / Viability,,Cancer Cell Line,PaTu 8902,Negative Selection,Knockout,unidirectional,17956,Behan FM (2019),30971826,train,1123,1123,0,8,"Fitness/Viability · Cancer · TCEAL7, LCE1E, PGAM4"
745,929,decreases cell proliferation,Fitness / Proliferation / Viability,,Pancreatic Adenocarcinoma Cell Line,PaTu 8988t,Negative Selection,Knockout,unidirectional,17956,Behan FM (2019),30971826,train,1635,1635,0,12,"Fitness/Viability · Cancer · MRPS33, PDSS1, ISCA1"
746,930,decreases cell proliferation,Fitness / Proliferation / Viability,,Cancer Cell Line,Panc 02.03,Negative Selection,Knockout,unidirectional,17956,Behan FM (2019),30971826,train,1392,1392,0,8,"Fitness/Viability · Cancer · TCEAL7, LCE1E, PGAM4"
747,931,decreases cell proliferation,Fitness / Proliferation / Viability,,Cancer Cell Line,Panc 03.27,Negative Selection,Knockout,unidirectional,17956,Behan FM (2019),30971826,train,1467,1467,0,2,"Fitness/Viability · Cancer · EGR2, TMEM183A, PGAM4"
748,932,decreases cell proliferation,Fitness / Proliferation / Viability,,Cancer Cell Line,Panc 04.03,Negative Selection,Knockout,unidirectional,17956,Behan FM (2019),30971826,train,1669,1669,0,2,"Fitness/Viability · Cancer · EGR2, TMEM183A, PGAM4"
749,933,decreases cell proliferation,Fitness / Proliferation / Viability,,Cancer Cell Line,Panc 08.13,Negative Selection,Knockout,unidirectional,17956,Behan FM (2019),30971826,train,1191,1191,0,8,"Fitness/Viability · Cancer · TCEAL7, LCE1E, PGAM4"
750,934,decreases cell proliferation,Fitness / Proliferation / Viability,,Pancreatic Ductal Adenocarcinoma Cell Line,Panc 10.05,Negative Selection,Knockout,unidirectional,17956,Behan FM (2019),30971826,train,1107,1107,0,8,"Fitness/Viability · Cancer · TCEAL7, LCE1E, PGAM4"
751,935,decreases cell proliferation,Fitness / Proliferation / Viability,,Lung Adenocarcinoma Cell Line,PC-14,Negative Selection,Knockout,unidirectional,17956,Behan FM (2019),30971826,train,1620,1620,0,2,"Fitness/Viability · Cancer · EGR2, TMEM183A, PGAM4"
752,936,decreases cell proliferation,Fitness / Proliferation / Viability,,Cancer Cell Line,PCI-15A,Negative Selection,Knockout,unidirectional,17956,Behan FM (2019),30971826,train,1577,1577,0,2,"Fitness/Viability · Cancer · EGR2, TMEM183A, PGAM4"
753,937,decreases cell proliferation,Fitness / Proliferation / Viability,,Cancer Cell Line,PCI-30,Negative Selection,Knockout,unidirectional,17956,Behan FM (2019),30971826,train,1714,1714,0,2,"Fitness/Viability · Cancer · EGR2, TMEM183A, PGAM4"
754,938,decreases cell proliferation,Fitness / Proliferation / Viability,,Cancer Cell Line,PCI-38,Negative Selection,Knockout,unidirectional,17956,Behan FM (2019),30971826,train,1872,1872,0,12,"Fitness/Viability · Cancer · MRPS33, PDSS1, ISCA1"
755,939,decreases cell proliferation,Fitness / Proliferation / Viability,,Cancer Cell Line,PCI-04B,Negative Selection,Knockout,unidirectional,17956,Behan FM (2019),30971826,train,1488,1488,0,2,"Fitness/Viability · Cancer · EGR2, TMEM183A, PGAM4"
756,940,decreases cell proliferation,Fitness / Proliferation / Viability,,Cancer Cell Line,PCI-06A,Negative Selection,Knockout,unidirectional,17956,Behan FM (2019),30971826,train,1183,1183,0,2,"Fitness/Viability · Cancer · EGR2, TMEM183A, PGAM4"
757,941,decreases cell proliferation,Fitness / Proliferation / Viability,,Tongue Cancer Cell Line,PE/CA-PJ15,Negative Selection,Knockout,unidirectional,17956,Behan FM (2019),30971826,train,1807,1807,0,2,"Fitness/Viability · Cancer · EGR2, TMEM183A, PGAM4"
758,942,decreases cell proliferation,Fitness / Proliferation / Viability,,Ovarian Cancer Cell Line,PEO1,Negative Selection,Knockout,unidirectional,17956,Behan FM (2019),30971826,train,1719,1719,0,2,"Fitness/Viability · Cancer · EGR2, TMEM183A, PGAM4"
759,943,decreases cell proliferation,Fitness / Proliferation / Viability,,Ovarian Cancer Cell Line,PEO4,Negative Selection,Knockout,unidirectional,17956,Behan FM (2019),30971826,train,1216,1216,0,2,"Fitness/Viability · Cancer · EGR2, TMEM183A, PGAM4"
760,944,decreases cell proliferation,Fitness / Proliferation / Viability,,Pancreatic Ductal Adenocarcinoma Cell Line,PL4,Negative Selection,Knockout,unidirectional,17956,Behan FM (2019),30971826,train,1425,1425,0,8,"Fitness/Viability · Cancer · TCEAL7, LCE1E, PGAM4"
761,945,decreases cell proliferation,Fitness / Proliferation / Viability,,Pancreatic Adenocarcinoma Cell Line,PSN1,Negative Selection,Knockout,unidirectional,17956,Behan FM (2019),30971826,train,1653,1653,0,2,"Fitness/Viability · Cancer · EGR2, TMEM183A, PGAM4"
762,946,decreases cell proliferation,Fitness / Proliferation / Viability,,Renal Cell Carcinoma Cell Line,KTCTL-26A,Negative Selection,Knockout,unidirectional,17956,Behan FM (2019),30971826,train,1453,1453,0,2,"Fitness/Viability · Cancer · EGR2, TMEM183A, PGAM4"
763,947,decreases cell proliferation,Fitness / Proliferation / Viability,,Colonic Cancer Cell Line,RCM-1,Negative Selection,Knockout,unidirectional,17956,Behan FM (2019),30971826,train,1273,1273,0,8,"Fitness/Viability · Cancer · TCEAL7, LCE1E, PGAM4"
764,948,decreases cell proliferation (cellular fitness),Fitness / Proliferation / Viability,,Cancer Cell Line,RERF-GC-1B,Negative Selection,Knockout,unidirectional,17956,Behan FM (2019),30971826,train,1220,1220,0,2,"Fitness/Viability · Cancer · EGR2, TMEM183A, PGAM4"
765,949,decreases cell proliferation,Fitness / Proliferation / Viability,,Lung Squamous Cell Carcinoma Cell Line,RERF-LC-Sq1,Negative Selection,Knockout,unidirectional,17956,Behan FM (2019),30971826,train,1580,1580,0,2,"Fitness/Viability · Cancer · EGR2, TMEM183A, PGAM4"
766,950,decreases cell proliferation,Fitness / Proliferation / Viability,,Cancer Cell Line,RKN,Negative Selection,Knockout,unidirectional,17956,Behan FM (2019),30971826,train,1407,1407,0,2,"Fitness/Viability · Cancer · EGR2, TMEM183A, PGAM4"
767,951,decreases cell proliferation,Fitness / Proliferation / Viability,,Colonic Cancer Cell Line,RKO,Negative Selection,Knockout,unidirectional,17956,Behan FM (2019),30971826,train,2005,2005,0,12,"Fitness/Viability · Cancer · MRPS33, PDSS1, ISCA1"
768,952,decreases cell proliferation,Fitness / Proliferation / Viability,,Endometrial Cancer Cell Line,RL95-2,Negative Selection,Knockout,unidirectional,17956,Behan FM (2019),30971826,train,1558,1558,0,12,"Fitness/Viability · Cancer · MRPS33, PDSS1, ISCA1"
769,953,decreases cell proliferation,Fitness / Proliferation / Viability,,Ovary Adenocarcinoma Cell Line,RMG-I,Negative Selection,Knockout,unidirectional,17956,Behan FM (2019),30971826,train,1507,1507,0,2,"Fitness/Viability · Cancer · EGR2, TMEM183A, PGAM4"
770,954,decreases cell proliferation,Fitness / Proliferation / Viability,,Diffuse Large B-cell Lymphoma Cell,ROS-50,Negative Selection,Knockout,unidirectional,17956,Behan FM (2019),30971826,train,890,890,0,8,"Fitness/Viability · Cancer · TCEAL7, LCE1E, PGAM4"
771,955,decreases cell proliferation,Fitness / Proliferation / Viability,,Multiple Myeloma Cell Line,RPMI-8226,Negative Selection,Knockout,unidirectional,17956,Behan FM (2019),30971826,train,1192,1192,0,16,"Fitness/Viability · Cancer · IQCB1, UGT1A5, PPP3CB"
772,956,decreases cell proliferation,Fitness / Proliferation / Viability,,Tongue Cancer Cell Line,SAS,Negative Selection,Knockout,unidirectional,17956,Behan FM (2019),30971826,train,1566,1566,0,16,"Fitness/Viability · Cancer · IQCB1, UGT1A5, PPP3CB"
773,957,decreases cell proliferation,Fitness / Proliferation / Viability,,Tongue Cancer Cell Line,SCC-4,Negative Selection,Knockout,unidirectional,17956,Behan FM (2019),30971826,train,1480,1480,0,2,"Fitness/Viability · Cancer · EGR2, TMEM183A, PGAM4"
774,958,decreases cell proliferation,Fitness / Proliferation / Viability,,Cancer Cell Line,SCC-9,Negative Selection,Knockout,unidirectional,17956,Behan FM (2019),30971826,train,1477,1477,0,2,"Fitness/Viability · Cancer · EGR2, TMEM183A, PGAM4"
775,959,decreases cell proliferation,Fitness / Proliferation / Viability,,Tongue Cancer Cell Line,UPCI-SCC-090,Negative Selection,Knockout,unidirectional,17956,Behan FM (2019),30971826,train,1093,1093,0,8,"Fitness/Viability · Cancer · TCEAL7, LCE1E, PGAM4"
776,960,decreases cell proliferation,Fitness / Proliferation / Viability,,Cancer Cell Line,SCH,Negative Selection,Knockout,unidirectional,17956,Behan FM (2019),30971826,train,791,791,0,16,"Fitness/Viability · Cancer · IQCB1, UGT1A5, PPP3CB"
777,961,decreases cell proliferation,Fitness / Proliferation / Viability,,Cancer Cell Line,SF126,Negative Selection,Knockout,unidirectional,17956,Behan FM (2019),30971826,train,1691,1691,0,2,"Fitness/Viability · Cancer · EGR2, TMEM183A, PGAM4"
778,962,decreases cell proliferation,Fitness / Proliferation / Viability,,Glioblastoma Cell Line,SF295,Negative Selection,Knockout,unidirectional,17956,Behan FM (2019),30971826,train,1994,1994,0,12,"Fitness/Viability · Cancer · MRPS33, PDSS1, ISCA1"
779,963,decreases cell proliferation,Fitness / Proliferation / Viability,,Cancer Cell Line,SF539,Negative Selection,Knockout,unidirectional,17956,Behan FM (2019),30971826,train,1556,1556,0,2,"Fitness/Viability · Cancer · EGR2, TMEM183A, PGAM4"
780,964,decreases cell proliferation (cell fitness),Fitness / Proliferation / Viability,,Osteosarcoma Cell Line,SJSA-1,Negative Selection,Knockout,unidirectional,17956,Behan FM (2019),30971826,train,1912,1912,0,2,"Fitness/Viability · Cancer · EGR2, TMEM183A, PGAM4"
781,965,decreases cell proliferation,Fitness / Proliferation / Viability,,Esophageal Cancer Cell Line,SK-GT-4,Negative Selection,Knockout,unidirectional,17956,Behan FM (2019),30971826,train,1470,1470,0,2,"Fitness/Viability · Cancer · EGR2, TMEM183A, PGAM4"
782,966,decreases cell proliferation,Fitness / Proliferation / Viability,,Melanoma Cell Line,SK-MEL-2,Negative Selection,Knockout,unidirectional,17956,Behan FM (2019),30971826,train,1555,1555,0,16,"Fitness/Viability · Cancer · IQCB1, UGT1A5, PPP3CB"
783,967,decreases cell proliferation,Fitness / Proliferation / Viability,,Lung Squamous Cell Carcinoma Cell Line,SK-MES-1,Negative Selection,Knockout,unidirectional,17956,Behan FM (2019),30971826,train,1483,1483,0,2,"Fitness/Viability · Cancer · EGR2, TMEM183A, PGAM4"
784,968,decreases cell proliferation,Fitness / Proliferation / Viability,,Astrocytoma Cell Line,SK-MG-1,Negative Selection,Knockout,unidirectional,17956,Behan FM (2019),30971826,train,1697,1697,0,12,"Fitness/Viability · Cancer · MRPS33, PDSS1, ISCA1"
785,969,decreases cell proliferation,Fitness / Proliferation / Viability,,Neuroblastoma Cell Line,SK-N-AS,Negative Selection,Knockout,unidirectional,17956,Behan FM (2019),30971826,train,1897,1897,0,2,"Fitness/Viability · Cancer · EGR2, TMEM183A, PGAM4"
786,970,decreases cell proliferation,Fitness / Proliferation / Viability,,Neuroblastoma Cell Line,SK-N-DZ,Negative Selection,Knockout,unidirectional,17956,Behan FM (2019),30971826,train,1102,1102,0,2,"Fitness/Viability · Cancer · EGR2, TMEM183A, PGAM4"
787,971,decreases cell proliferation,Fitness / Proliferation / Viability,,Neuroblastoma Cell Line,SK-N-FI,Negative Selection,Knockout,unidirectional,17956,Behan FM (2019),30971826,train,1790,1790,0,2,"Fitness/Viability · Cancer · EGR2, TMEM183A, PGAM4"
788,972,decreases cell proliferation,Fitness / Proliferation / Viability,,Neuroblastoma Cell Line,SK-N-SH,Negative Selection,Knockout,unidirectional,17956,Behan FM (2019),30971826,train,966,966,0,8,"Fitness/Viability · Cancer · TCEAL7, LCE1E, PGAM4"
789,973,decreases cell proliferation,Fitness / Proliferation / Viability,,Cancer Cell Line,SK-PN-DW,Negative Selection,Knockout,unidirectional,17956,Behan FM (2019),30971826,train,1288,1288,0,16,"Fitness/Viability · Cancer · IQCB1, UGT1A5, PPP3CB"
790,974,decreases cell proliferation,Fitness / Proliferation / Viability,,Head and Neck Squamous Cell Carcinoma Cell Line,SKN-3,Negative Selection,Knockout,unidirectional,17956,Behan FM (2019),30971826,train,969,969,0,16,"Fitness/Viability · Cancer · IQCB1, UGT1A5, PPP3CB"
791,975,decreases cell proliferation,Fitness / Proliferation / Viability,,Glioblastoma Cell Line,SNB-75,Negative Selection,Knockout,unidirectional,17956,Behan FM (2019),30971826,train,1064,1064,0,2,"Fitness/Viability · Cancer · EGR2, TMEM183A, PGAM4"
792,976,decreases cell proliferation,Fitness / Proliferation / Viability,,Endometrial Cancer Cell Line,SNG-M,Negative Selection,Knockout,unidirectional,17956,Behan FM (2019),30971826,train,1663,1663,0,12,"Fitness/Viability · Cancer · MRPS33, PDSS1, ISCA1"
793,977,decreases cell proliferation,Fitness / Proliferation / Viability,,Gastric Cancer Cell Line,SNU-1,Negative Selection,Knockout,unidirectional,17956,Behan FM (2019),30971826,train,1368,1368,0,2,"Fitness/Viability · Cancer · EGR2, TMEM183A, PGAM4"
794,978,decreases cell proliferation,Fitness / Proliferation / Viability,,Gastric Cancer Cell Line,SNU-16,Negative Selection,Knockout,unidirectional,17956,Behan FM (2019),30971826,train,1513,1513,0,2,"Fitness/Viability · Cancer · EGR2, TMEM183A, PGAM4"
795,979,decreases cell proliferation,Fitness / Proliferation / Viability,,Cancer Cell Line,SNU-61,Negative Selection,Knockout,unidirectional,17956,Behan FM (2019),30971826,train,1397,1397,0,8,"Fitness/Viability · Cancer · TCEAL7, LCE1E, PGAM4"
796,980,decreases cell proliferation,Fitness / Proliferation / Viability,,Cancer Cell Line,SNU-81,Negative Selection,Knockout,unidirectional,17956,Behan FM (2019),30971826,train,1444,1444,0,8,"Fitness/Viability · Cancer · TCEAL7, LCE1E, PGAM4"
797,981,decreases cell proliferation,Fitness / Proliferation / Viability,,Colonic Cancer Cell Line,SNU-C1,Negative Selection,Knockout,unidirectional,17956,Behan FM (2019),30971826,train,1180,1180,0,8,"Fitness/Viability · Cancer · TCEAL7, LCE1E, PGAM4"
798,982,decreases cell proliferation (cellular fitness),Fitness / Proliferation / Viability,,Cecum Cancer Cell Line,SNU-C5,Negative Selection,Knockout,unidirectional,17956,Behan FM (2019),30971826,train,1453,1453,0,8,"Fitness/Viability · Cancer · TCEAL7, LCE1E, PGAM4"
799,983,decreases cell proliferation,Fitness / Proliferation / Viability,,Diffuse Large B-cell Lymphoma Cell,SU-DHL-10,Negative Selection,Knockout,unidirectional,17956,Behan FM (2019),30971826,train,1428,1428,0,12,"Fitness/Viability · Cancer · MRPS33, PDSS1, ISCA1"
800,984,decreases cell proliferation (cell fitness),Fitness / Proliferation / Viability,,Diffuse Large B-cell Lymphoma Cell,SU-DHL-5,Negative Selection,Knockout,unidirectional,17956,Behan FM (2019),30971826,train,1947,1947,0,12,"Fitness/Viability · Cancer · MRPS33, PDSS1, ISCA1"
801,985,decreases cell proliferation,Fitness / Proliferation / Viability,,Diffuse Large B-cell Lymphoma Cell,SU-DHL-8,Negative Selection,Knockout,unidirectional,17956,Behan FM (2019),30971826,train,1730,1730,0,12,"Fitness/Viability · Cancer · MRPS33, PDSS1, ISCA1"
802,986,decreases cell proliferation,Fitness / Proliferation / Viability,,Pancreatic Ductal Adenocarcinoma Cell Line,SU.86.86,Negative Selection,Knockout,unidirectional,17956,Behan FM (2019),30971826,train,1185,1185,0,8,"Fitness/Viability · Cancer · TCEAL7, LCE1E, PGAM4"
803,987,decreases cell proliferation,Fitness / Proliferation / Viability,,Pancreatic Cancer Cell Line,SUIT-2,Negative Selection,Knockout,unidirectional,17956,Behan FM (2019),30971826,train,1537,1537,0,8,"Fitness/Viability · Cancer · TCEAL7, LCE1E, PGAM4"
804,988,decreases cell proliferation,Fitness / Proliferation / Viability,,Cancer Cell Line,SW1088,Negative Selection,Knockout,unidirectional,17956,Behan FM (2019),30971826,train,1916,1916,0,12,"Fitness/Viability · Cancer · MRPS33, PDSS1, ISCA1"
805,989,decreases cell proliferation,Fitness / Proliferation / Viability,,Lung Cancer Cell Line,SW1573,Negative Selection,Knockout,unidirectional,17956,Behan FM (2019),30971826,train,1417,1417,0,12,"Fitness/Viability · Cancer · MRPS33, PDSS1, ISCA1"
806,990,decreases cell proliferation,Fitness / Proliferation / Viability,,Cancer Cell Line,SW1990,Negative Selection,Knockout,unidirectional,17956,Behan FM (2019),30971826,train,1490,1490,0,8,"Fitness/Viability · Cancer · TCEAL7, LCE1E, PGAM4"
807,991,decreases cell proliferation,Fitness / Proliferation / Viability,,Colorectal Adenocarcinoma Cell Line,SW48,Negative Selection,Knockout,unidirectional,17956,Behan FM (2019),30971826,train,1503,1503,0,8,"Fitness/Viability · Cancer · TCEAL7, LCE1E, PGAM4"
808,992,decreases cell proliferation,Fitness / Proliferation / Viability,,Colonic Cancer Cell Line,SW620,Negative Selection,Knockout,unidirectional,17956,Behan FM (2019),30971826,train,1299,1299,0,8,"Fitness/Viability · Cancer · TCEAL7, LCE1E, PGAM4"
809,993,decreases cell proliferation,Fitness / Proliferation / Viability,,Colonic Adenocarcinoma Cell Line,SW626,Negative Selection,Knockout,unidirectional,17956,Behan FM (2019),30971826,train,1675,1675,0,2,"Fitness/Viability · Cancer · EGR2, TMEM183A, PGAM4"
810,994,decreases cell proliferation,Fitness / Proliferation / Viability,,Colonic Cancer Cell Line,SW837,Negative Selection,Knockout,unidirectional,17956,Behan FM (2019),30971826,train,1329,1329,0,8,"Fitness/Viability · Cancer · TCEAL7, LCE1E, PGAM4"
811,995,decreases cell proliferation,Fitness / Proliferation / Viability,,Esophageal Squamous Cell Carcinoma Cell Line,T.T,Negative Selection,Knockout,unidirectional,17956,Behan FM (2019),30971826,train,723,723,0,16,"Fitness/Viability · Cancer · IQCB1, UGT1A5, PPP3CB"
812,996,decreases cell proliferation,Fitness / Proliferation / Viability,,Breast Cancer Cell Line,T-47D,Negative Selection,Knockout,unidirectional,17956,Behan FM (2019),30971826,train,1189,1189,0,8,"Fitness/Viability · Cancer · TCEAL7, LCE1E, PGAM4"
813,997,decreases cell proliferation,Fitness / Proliferation / Viability,,Colonic Cancer Cell Line,T84,Negative Selection,Knockout,unidirectional,17956,Behan FM (2019),30971826,train,641,641,0,16,"Fitness/Viability · Cancer · IQCB1, UGT1A5, PPP3CB"
814,998,decreases cell proliferation,Fitness / Proliferation / Viability,,Glioblastoma Cell Line,T98G,Negative Selection,Knockout,unidirectional,17956,Behan FM (2019),30971826,train,1415,1415,0,16,"Fitness/Viability · Cancer · IQCB1, UGT1A5, PPP3CB"
815,999,decreases cell proliferation,Fitness / Proliferation / Viability,,Ewing's Sarcoma Cell Line,TC-71,Negative Selection,Knockout,unidirectional,17956,Behan FM (2019),30971826,train,1928,1928,0,12,"Fitness/Viability · Cancer · MRPS33, PDSS1, ISCA1"
816,1000,decreases cell proliferation,Fitness / Proliferation / Viability,,Esophageal Squamous Cell Carcinoma Cell Line,TE-10,Negative Selection,Knockout,unidirectional,17956,Behan FM (2019),30971826,train,1210,1210,0,16,"Fitness/Viability · Cancer · IQCB1, UGT1A5, PPP3CB"
817,1001,decreases cell proliferation,Fitness / Proliferation / Viability,,Esophageal Squamous Cell Carcinoma Cell Line,TE-4,Negative Selection,Knockout,unidirectional,17956,Behan FM (2019),30971826,train,1528,1528,0,2,"Fitness/Viability · Cancer · EGR2, TMEM183A, PGAM4"
818,1002,decreases cell proliferation,Fitness / Proliferation / Viability,,Esophageal Squamous Cell Carcinoma Cell Line,TE-5,Negative Selection,Knockout,unidirectional,17956,Behan FM (2019),30971826,train,1361,1361,0,16,"Fitness/Viability · Cancer · IQCB1, UGT1A5, PPP3CB"
819,1003,decreases cell proliferation,Fitness / Proliferation / Viability,,Esophageal Squamous Cell Carcinoma Cell Line,TE-8,Negative Selection,Knockout,unidirectional,17956,Behan FM (2019),30971826,train,1832,1832,0,2,"Fitness/Viability · Cancer · EGR2, TMEM183A, PGAM4"
820,1004,decreases cell proliferation,Fitness / Proliferation / Viability,,Esophageal Squamous Cell Carcinoma Cell Line,TE-9,Negative Selection,Knockout,unidirectional,17956,Behan FM (2019),30971826,train,1342,1342,0,2,"Fitness/Viability · Cancer · EGR2, TMEM183A, PGAM4"
821,1005,decreases cell proliferation,Fitness / Proliferation / Viability,,Adrenal Gland Neuroblastoma,TGW,Negative Selection,Knockout,unidirectional,17956,Behan FM (2019),30971826,train,1627,1627,0,2,"Fitness/Viability · Cancer · EGR2, TMEM183A, PGAM4"
822,1006,decreases cell proliferation,Fitness / Proliferation / Viability,,Gastric Cancer Cell Line,TMK-1,Negative Selection,Knockout,unidirectional,17956,Behan FM (2019),30971826,train,1457,1457,0,16,"Fitness/Viability · Cancer · IQCB1, UGT1A5, PPP3CB"
823,1007,decreases cell proliferation,Fitness / Proliferation / Viability,,Ovarian Cancer Cell Line,TOV-112D,Negative Selection,Knockout,unidirectional,17956,Behan FM (2019),30971826,train,1816,1816,0,12,"Fitness/Viability · Cancer · MRPS33, PDSS1, ISCA1"
824,1008,decreases cell proliferation,Fitness / Proliferation / Viability,,Ovarian Cancer Cell Line,TOV-21G,Negative Selection,Knockout,unidirectional,17956,Behan FM (2019),30971826,train,1212,1212,0,8,"Fitness/Viability · Cancer · TCEAL7, LCE1E, PGAM4"
825,1009,decreases cell proliferation,Fitness / Proliferation / Viability,,Ovarian Cancer Cell Line,TYK-nu,Negative Selection,Knockout,unidirectional,17956,Behan FM (2019),30971826,train,1762,1762,0,12,"Fitness/Viability · Cancer · MRPS33, PDSS1, ISCA1"
826,1010,decreases cell proliferation as measured by reduced fitness,Fitness / Proliferation / Viability,,Glioblastoma Cell Line,U-87MG ATCC,Negative Selection,Knockout,unidirectional,17956,Behan FM (2019),30971826,train,1294,1294,0,2,"Fitness/Viability · Cancer · EGR2, TMEM183A, PGAM4"
827,1011,decreases cell proliferation,Fitness / Proliferation / Viability,,Glioma Cell Line,U-251MG,Negative Selection,Knockout,unidirectional,17956,Behan FM (2019),30971826,train,1480,1480,0,12,"Fitness/Viability · Cancer · MRPS33, PDSS1, ISCA1"
828,1012,decreases cell proliferation,Fitness / Proliferation / Viability,,Mammary Gland Tumor Cell Line,UACC-893,Negative Selection,Knockout,unidirectional,17956,Behan FM (2019),30971826,train,1224,1224,0,8,"Fitness/Viability · Cancer · TCEAL7, LCE1E, PGAM4"
829,1013,decreases cell proliferation,Fitness / Proliferation / Viability,,Ovarian Cancer Cell Line,UWB1.289,Negative Selection,Knockout,unidirectional,17956,Behan FM (2019),30971826,train,1342,1342,0,2,"Fitness/Viability · Cancer · EGR2, TMEM183A, PGAM4"
830,1014,decreases cell proliferation,Fitness / Proliferation / Viability,,Lung Cancer Cell Line,VMRC-LCD,Negative Selection,Knockout,unidirectional,17956,Behan FM (2019),30971826,train,1625,1625,0,2,"Fitness/Viability · Cancer · EGR2, TMEM183A, PGAM4"
831,1015,decreases cell proliferation,Fitness / Proliferation / Viability,,Glioblastoma Cell Line,YH-13,Negative Selection,Knockout,unidirectional,17956,Behan FM (2019),30971826,train,440,440,0,16,"Fitness/Viability · Cancer · IQCB1, UGT1A5, PPP3CB"
832,1016,decreases cell proliferation,Fitness / Proliferation / Viability,,Acute Myeloid Leukemia Cell Line,OCI-AML-2,Negative Selection,Knockout,unidirectional,1049,Seneviratne AK (2019),30930145,train,147,147,0,9,"Fitness/Viability · Acute Myeloid Leukemia · SPDYE5, WASHC1, GOLGA8O"
833,1017,increases resistance to Ebola virus infection as measured by increased cell proliferation/survival in virus-exposed cells,Host-Pathogen / Infection Response, under Virus: Ebola virus (Mayinga strain) treatment (0.3 MOI),Huh-7 Cell,Huh-7.5.1,Positive Selection,Knockout,unidirectional,16857,Flint M (2019),30655525,train,537,537,0,0,"Drug/Chemical response · Lung Adenocarcinoma · NHEJ1, SLC35A2, SBNO2"
834,1018,increases resistance to typhoid toxin as measured by increased cell proliferation,Drug / Chemical / Environmental Response, under Typhoid Toxin treatment (40.0 pM),Embryonic Kidney Cell Line,HEK293T,Positive Selection,Knockout,unidirectional,20669,Chang SJ (2019),30951565,train,21,21,0,6,"Drug/Chemical response · Retinal Pigment Epithelium · E2F7, MAPK1, STAG2"
835,1019,increases resistance to typhoid toxin as measured by increased cell proliferation,Drug / Chemical / Environmental Response, under Typhoid Toxin treatment (40.0 pM),Embryonic Kidney Cell Line,HEK293T,Positive Selection,Knockout,unidirectional,18837,Chang SJ (2019),30951565,train,27,27,0,6,"Drug/Chemical response · Retinal Pigment Epithelium · E2F7, MAPK1, STAG2"
836,1020,decreases cell proliferation,Fitness / Proliferation / Viability,,Glioblastoma Cell Line,G549NS-Cas9,Negative Selection,Knockout,unidirectional,17986,MacLeod G (2019),30995489,train,2074,2074,0,1,"Fitness/Viability · Melanoma · C1QBP, NDUFA10, PET117"
837,1021,decreases cell proliferation,Fitness / Proliferation / Viability,,Glioblastoma Cell Line,G583NS-Cas9,Negative Selection,Knockout,unidirectional,17985,MacLeod G (2019),30995489,train,1984,1984,0,1,"Fitness/Viability · Melanoma · C1QBP, NDUFA10, PET117"
838,1022,decreases cell proliferation,Fitness / Proliferation / Viability,,Glioblastoma Cell Line,G523NS-Cas9,Negative Selection,Knockout,unidirectional,16941,MacLeod G (2019),30995489,train,2001,2001,0,1,"Fitness/Viability · Melanoma · C1QBP, NDUFA10, PET117"
839,1023,decreases cell proliferation,Fitness / Proliferation / Viability,,Glioblastoma Cell Line,G564NS-Cas9,Negative Selection,Knockout,unidirectional,16941,MacLeod G (2019),30995489,train,2898,2898,0,0,"Drug/Chemical response · Lung Adenocarcinoma · NHEJ1, SLC35A2, SBNO2"
840,1024,decreases cell proliferation,Fitness / Proliferation / Viability,,Glioblastoma Cell Line,G477NS-Cas9,Negative Selection,Knockout,unidirectional,16941,MacLeod G (2019),30995489,train,1931,1931,0,1,"Fitness/Viability · Melanoma · C1QBP, NDUFA10, PET117"
841,1025,decreases cell proliferation,Fitness / Proliferation / Viability,,Glioblastoma Cell Line,G432NS-Cas9,Negative Selection,Knockout,unidirectional,16941,MacLeod G (2019),30995489,train,1735,1735,0,1,"Fitness/Viability · Melanoma · C1QBP, NDUFA10, PET117"
842,1026,decreases cell proliferation,Fitness / Proliferation / Viability,,Glioblastoma Cell Line,G440NS-Cas9,Negative Selection,Knockout,unidirectional,16941,MacLeod G (2019),30995489,train,1750,1750,0,1,"Fitness/Viability · Melanoma · C1QBP, NDUFA10, PET117"
843,1027,decreases cell proliferation,Fitness / Proliferation / Viability,,Glioblastoma Cell Line,G472NS-Cas9,Negative Selection,Knockout,unidirectional,16941,MacLeod G (2019),30995489,train,1755,1755,0,1,"Fitness/Viability · Melanoma · C1QBP, NDUFA10, PET117"
844,1028,decreases cell proliferation,Fitness / Proliferation / Viability,,Glioblastoma Cell Line,G510NS-Cas9,Negative Selection,Knockout,unidirectional,16941,MacLeod G (2019),30995489,train,1969,1969,0,1,"Fitness/Viability · Melanoma · C1QBP, NDUFA10, PET117"
845,1029,decreases cell proliferation,Fitness / Proliferation / Viability,,Glioblastoma Cell Line,G361NS-Cas9,Negative Selection,Knockout,unidirectional,16941,MacLeod G (2019),30995489,train,1564,1564,0,1,"Fitness/Viability · Melanoma · C1QBP, NDUFA10, PET117"
846,1030,decreases cell proliferation,Fitness / Proliferation / Viability,,Neural Stem Cell Line,HF7450-Cas9,Negative Selection,Knockout,unidirectional,17986,MacLeod G (2019),30995489,train,3378,3378,0,0,"Drug/Chemical response · Lung Adenocarcinoma · NHEJ1, SLC35A2, SBNO2"
847,1031,decreases cell proliferation,Fitness / Proliferation / Viability,,Neural Stem Cell Line,HF6562-Cas9,Negative Selection,Knockout,unidirectional,17986,MacLeod G (2019),30995489,train,3034,3034,0,1,"Fitness/Viability · Melanoma · C1QBP, NDUFA10, PET117"
848,1032,decreases cell proliferation,Fitness / Proliferation / Viability,,Chronic Myeloid Leukemia Cell Line,K-562,Negative Selection,Knockout,unidirectional,11623,Liu J (2019),31316073,train,1594,1594,0,1,"Fitness/Viability · Melanoma · C1QBP, NDUFA10, PET117"
849,1033,decreases cell proliferation,Fitness / Proliferation / Viability,,Chronic Myeloid Leukemia Cell Line,K-562,Negative Selection,Knockout,unidirectional,11623,Liu J (2019),31316073,train,1534,1534,0,9,"Fitness/Viability · Acute Myeloid Leukemia · SPDYE5, WASHC1, GOLGA8O"
850,1034,decreases cell proliferation,Fitness / Proliferation / Viability,,Chronic Myeloid Leukemia Cell Line,K-562,Negative Selection,Knockout,unidirectional,11623,Liu J (2019),31316073,train,1614,1614,0,19,"Fitness/Viability · Cancer · LRRC2, PCDHGA4, IL1B"
851,U_1035_dec,decrease cell proliferation of HEK-HT cells expressing HRASG12V,Fitness / Proliferation / Viability, under HRASG12V isoform treatment,Embryonic Kidney Cell Line,HEK-HT,bidirectional,Knockout,bidirectional,474,Adhikari H (2018),30194290,train,165,103,62,0,"Drug/Chemical response · Lung Adenocarcinoma · NHEJ1, SLC35A2, SBNO2"
852,U_1037_dec,decrease cell proliferation,Fitness / Proliferation / Viability, under KRASG12V isoform treatment,Embryonic Kidney Cell Line,HEK-HT,bidirectional,Knockout,bidirectional,474,Adhikari H (2018),30194290,train,155,99,56,0,"Drug/Chemical response · Lung Adenocarcinoma · NHEJ1, SLC35A2, SBNO2"
853,U_1037_inc,increase cell proliferation,Fitness / Proliferation / Viability, under KRASG12V isoform treatment,Embryonic Kidney Cell Line,HEK-HT,bidirectional,Knockout,bidirectional,474,Adhikari H (2018),30194290,train,155,56,99,0,"Drug/Chemical response · Lung Adenocarcinoma · NHEJ1, SLC35A2, SBNO2"
854,U_1037_merged,either increases or decreases cell proliferation,Fitness / Proliferation / Viability, under KRASG12V isoform treatment,Embryonic Kidney Cell Line,HEK-HT,Positive and Negative Selection,Knockout,bidirectional,474,Adhikari H (2018),30194290,train,155,155,0,0,"Drug/Chemical response · Lung Adenocarcinoma · NHEJ1, SLC35A2, SBNO2"
855,U_1039_dec,decrease proliferation of NRASG12V-expressing HEK-HT cells,Fitness / Proliferation / Viability, under NRASG12V isoform treatment,Embryonic Kidney Cell Line,HEK-HT,bidirectional,Knockout,bidirectional,474,Adhikari H (2018),30194290,train,125,49,76,0,"Drug/Chemical response · Lung Adenocarcinoma · NHEJ1, SLC35A2, SBNO2"
856,1045,"increases sensitivity to CDK9 inhibition, as measured by decreased viability and increased apoptosis",Drug / Chemical / Environmental Response, under AZD5576 (CDK9i) treatment (3.0 µM),Lung Squamous Cell Carcinoma Cell Line,LK-2,Phenotype Screen,Inhibition,unidirectional,18695,Kabir S (2019),31294695,train,110,110,0,4,"Drug/Chemical response · Chronic Myelogenous Leukemia · FBXW7, STUB1, RNF7"
857,1046,increases sensitivity to MCL1 inhibition as measured by increased apoptosis (decreased viability),Drug / Chemical / Environmental Response, under AZD5991 (MCL1i) treatment (1.0 µM),Lung Squamous Cell Carcinoma Cell Line,LK-2,Phenotype Screen,Inhibition,unidirectional,18695,Kabir S (2019),31294695,train,17,17,0,4,"Drug/Chemical response · Chronic Myelogenous Leukemia · FBXW7, STUB1, RNF7"
858,1056,"increases drug resistance to cereblon-modulating agents (LEN, POM, CC-122) as measured by increased cell proliferation under treatment",Drug / Chemical / Environmental Response, under CC-122 (Avadomide) treatment (1.0 µM),Primary Effusion Lymphoma Cell Line,BC-3,Positive Selection,Knockout,unidirectional,18920,Patil A (2019),31300418,train,5,5,0,10,"Host-Pathogen/Infection · Cervical Adenocarcinoma · JAK2, STAT1, B2M"
859,1057,"increases drug resistance to cereblon-modulating agents (LEN, POM, CC-122) as measured by increased cell proliferation",Drug / Chemical / Environmental Response, under CC-122 (Avadomide) treatment (1.0 µM),Primary Effusion Lymphoma Cell Line,BC-3,Positive Selection,Knockout,unidirectional,18944,Patil A (2019),31300418,train,1,1,0,10,"Host-Pathogen/Infection · Cervical Adenocarcinoma · JAK2, STAT1, B2M"
860,1058,"increases resistance to Cereblon-modulating agents (lenalidomide, pomalidomide, CC-122) as measured by increased cell proliferation",Drug / Chemical / Environmental Response, under Lenalidomide treatment (5.0 µM),Primary Effusion Lymphoma Cell Line,BC-3,Positive Selection,Knockout,unidirectional,18918,Patil A (2019),31300418,train,17,17,0,10,"Host-Pathogen/Infection · Cervical Adenocarcinoma · JAK2, STAT1, B2M"
861,1059,"increases resistance to cereblon-modulating agents (lenalidomide, pomalidomide, CC-122) as measured by increased cell proliferation under drug treatment in PEL cells",Drug / Chemical / Environmental Response, under Lenalidomide treatment (5.0 µM),Primary Effusion Lymphoma Cell Line,BC-3,Positive Selection,Knockout,unidirectional,18944,Patil A (2019),31300418,train,10,10,0,10,"Host-Pathogen/Infection · Cervical Adenocarcinoma · JAK2, STAT1, B2M"
862,1060,"increases drug resistance to Cereblon-modulating agents (lenalidomide, pomalidomide, or CC-122) as measured by increased cell proliferation in PEL cells",Drug / Chemical / Environmental Response, under Pomalidomide treatment (1.0 µM),Primary Effusion Lymphoma Cell Line,BC-3,Positive Selection,Knockout,unidirectional,18920,Patil A (2019),31300418,train,3,3,0,10,"Host-Pathogen/Infection · Cervical Adenocarcinoma · JAK2, STAT1, B2M"
863,1061,"increases resistance to Cereblon-modulating agents (lenalidomide, pomalidomide, CC-122) as measured by increased cell proliferation",Drug / Chemical / Environmental Response, under Pomalidomide treatment (1.0 µM),Primary Effusion Lymphoma Cell Line,BC-3,Positive Selection,Knockout,unidirectional,18944,Patil A (2019),31300418,train,3,3,0,10,"Host-Pathogen/Infection · Cervical Adenocarcinoma · JAK2, STAT1, B2M"
864,1062,increases temozolomide (TMZ) sensitivity as measured by decreased cell proliferation in the presence of TMZ,Drug / Chemical / Environmental Response, under Temozolomide treatment (20 LD (%Lethal Dose)),Glioblastoma Cell Line,G432NS-Cas9,Negative Selection,Knockout,unidirectional,16901,MacLeod G (2019),30995489,train,173,173,0,3,"Drug/Chemical response · Retinal Pigment Epithelium · PDCD10, NF2, TAOK1"
865,1063,increases drug sensitivity to temozolomide (TMZ) as measured by decreased cell proliferation under TMZ treatment,Drug / Chemical / Environmental Response, under Temozolomide treatment (20 LD (%Lethal Dose)),Glioblastoma Cell Line,G472NS-Cas9,Negative Selection,Knockout,unidirectional,16901,MacLeod G (2019),30995489,train,199,199,0,3,"Drug/Chemical response · Retinal Pigment Epithelium · PDCD10, NF2, TAOK1"
866,1064,"increases sensitivity to temozolomide, as measured by decreased cell proliferation",Drug / Chemical / Environmental Response, under Temozolomide treatment (20 LD (%Lethal Dose)),Glioblastoma Cell Line,G361NS-Cas9,Negative Selection,Knockout,unidirectional,16900,MacLeod G (2019),30995489,train,157,157,0,3,"Drug/Chemical response · Retinal Pigment Epithelium · PDCD10, NF2, TAOK1"
867,1065,increases drug sensitivity as measured by decreased cell proliferation in temozolomide-treated cells,Drug / Chemical / Environmental Response, under Temozolomide treatment (20 LD (%Lethal Dose)),Glioblastoma Cell Line,G523NS-Cas9,Negative Selection,Knockout,unidirectional,16901,MacLeod G (2019),30995489,train,281,281,0,1,"Fitness/Viability · Melanoma · C1QBP, NDUFA10, PET117"
868,1066,increases temozolomide sensitivity as measured by decreased cell proliferation in the presence of temozolomide,Drug / Chemical / Environmental Response, under Temozolomide treatment (20 LD (%Lethal Dose)),Glioblastoma Cell Line,G510NS-Cas9,Negative Selection,Knockout,unidirectional,16901,MacLeod G (2019),30995489,train,285,285,0,0,"Drug/Chemical response · Lung Adenocarcinoma · NHEJ1, SLC35A2, SBNO2"
869,1067,increases drug sensitivity as measured by decreased cell proliferation in the presence of temozolomide (TMZ),Drug / Chemical / Environmental Response, under Temozolomide treatment (20 LD (%Lethal Dose)),Glioblastoma Cell Line,G583NS-Cas9,Negative Selection,Knockout,unidirectional,16901,MacLeod G (2019),30995489,train,417,417,0,0,"Drug/Chemical response · Lung Adenocarcinoma · NHEJ1, SLC35A2, SBNO2"
870,1075,decreases cell proliferation,Fitness / Proliferation / Viability,,Colorectal Cancer Cell Line,HCT 116,Negative Selection,Knockout,unidirectional,18080,Martin TD (2017),28700943,train,177,177,0,14,"Fitness/Viability · Oral Squamous Cell Carcinoma · TUBB4B, LAS1L, PGK1"
871,1076,decreases cell proliferation,Fitness / Proliferation / Viability,,Cecum Cancer Cell Line,LS513,Negative Selection,Knockout,unidirectional,17810,Martin TD (2017),28700943,train,62,62,0,9,"Fitness/Viability · Acute Myeloid Leukemia · SPDYE5, WASHC1, GOLGA8O"
872,1081,impacts cell proliferation,Drug / Chemical / Environmental Response, under IL-2-activated NK cells treatment (0.3 Ratio of effector cells/target cells),Chronic Myeloid Leukemia Cell Line,K-562,Positive and Negative Selection,Knockout,recovered_bidirectional,20504,Zhuang X (2019),31921143,train,5761,5761,0,0,"Drug/Chemical response · Lung Adenocarcinoma · NHEJ1, SLC35A2, SBNO2"
873,1094,increases drug resistance as measured by increased cell proliferation,Drug / Chemical / Environmental Response, under OTA-5781 treatment (100.0 nM),Chronic Myeloid Leukemia Cell Line,K-562,Positive Selection,Knockout,unidirectional,18269,Tsvetkov P (2019),31133756,train,1,1,0,35,Drug/Chemical response · Chronic Myeloid Leukemia · FDX1
874,1095,increases drug resistance to selumetinib,Drug / Chemical / Environmental Response, under Selumetinib treatment (200 nM),Melanoma Cell Line,A-375,Positive Selection,Knockout,unidirectional,2255,Doench JG (2016),26780180,train,139,139,0,3,"Drug/Chemical response · Retinal Pigment Epithelium · PDCD10, NF2, TAOK1"
875,1097,increases selumetinib resistance as measured by increased cell proliferation,Drug / Chemical / Environmental Response, under Selumetinib treatment (200.0 nM),Melanoma Cell Line,A-375,Positive Selection,Knockout,unidirectional,2404,Doench JG (2016),26780180,train,97,97,0,3,"Drug/Chemical response · Retinal Pigment Epithelium · PDCD10, NF2, TAOK1"
876,1100,increases drug resistance as measured by increased cell proliferation,Drug / Chemical / Environmental Response, under OTA-3998 treatment (1.0 µM),Chronic Myeloid Leukemia Cell Line,K-562,Positive Selection,Knockout,unidirectional,18269,Tsvetkov P (2019),31133756,train,1,1,0,35,Drug/Chemical response · Chronic Myeloid Leukemia · FDX1
877,1109,increases T cell proliferation as measured by decreased CFSE fluorescence,Fitness / Proliferation / Viability,,Regulatory T cell,CD8+ T s (primary-derived),Phenotype Screen,Knockout,unidirectional,18975,Shifrut E (2018),30449619,train,554,554,0,0,"Drug/Chemical response · Lung Adenocarcinoma · NHEJ1, SLC35A2, SBNO2"
878,1110,increases T cell resistance to immunosuppressive factor as measured by increased T cell proliferation (CFSE dilution),Drug / Chemical / Environmental Response, under CGS-21680 treatment (20.0 µM),Regulatory T cell,CD8+ T s (primary-derived),Phenotype Screen,Knockout,unidirectional,19007,Shifrut E (2018),30449619,train,616,616,0,0,"Drug/Chemical response · Lung Adenocarcinoma · NHEJ1, SLC35A2, SBNO2"
879,1119,decreases phagocytosis as measured by reduced uptake of 4.3 μm superparamagnetic beads in the magnetic selection assay,Trafficking / Localization / Structural Phenotypes,,Lymphoma Cell Line,U-937,Phenotype Screen,Knockout,unidirectional,19456,Haney MS (2018),30397336,train,101,101,0,6,"Drug/Chemical response · Retinal Pigment Epithelium · E2F7, MAPK1, STAG2"
880,1121,"increases phagocytosis, i.e., uptake of 1.3 μm superparamagnetic beads as measured by enrichment in the magnetically bound fraction",Trafficking / Localization / Structural Phenotypes,,Lymphoma Cell Line,U-937,Phenotype Screen,Knockout,unidirectional,19451,Haney MS (2018),30397336,train,83,83,0,6,"Drug/Chemical response · Retinal Pigment Epithelium · E2F7, MAPK1, STAG2"
881,1123,decreases phagocytosis (uptake of 0.43 μm superparamagnetic beads),Trafficking / Localization / Structural Phenotypes,,Lymphoma Cell Line,U-937,Phenotype Screen,Knockout,unidirectional,19453,Haney MS (2018),30397336,train,90,90,0,6,"Drug/Chemical response · Retinal Pigment Epithelium · E2F7, MAPK1, STAG2"
882,1125,impacts phagocytosis,Trafficking / Localization / Structural Phenotypes,,Lymphoma Cell Line,U-937,Phenotype Screen,Knockout,recovered_bidirectional,19440,Haney MS (2018),30397336,train,127,127,0,6,"Drug/Chemical response · Retinal Pigment Epithelium · E2F7, MAPK1, STAG2"
883,1132,increases resistance to virus as measured by increased cell proliferation,Host-Pathogen / Infection Response, under Virus: Dengue virus 2 Jamaica/1409/1983 treatment (5 MOI),Chronic Myelogenous Leukemia Cell Line,HAP-1,Positive Selection,Knockout,unidirectional,18851,Labeau A (2020),31915280,train,17,17,0,6,"Drug/Chemical response · Retinal Pigment Epithelium · E2F7, MAPK1, STAG2"
884,1135,"decreases phagocytosis of IgG-opsonized, magnetically labeled red blood cells",Trafficking / Localization / Structural Phenotypes,,Lymphoma Cell Line,U-937,Phenotype Screen,Knockout,unidirectional,19453,Haney MS (2018),30397336,train,35,35,0,6,"Drug/Chemical response · Retinal Pigment Epithelium · E2F7, MAPK1, STAG2"
885,1137,decreases phagocytosis as measured by magnetic capture of IgG/complement-opsonized RBC–nanoparticle uptake,Trafficking / Localization / Structural Phenotypes,,Lymphoma Cell Line,U-937,Phenotype Screen,Knockout,unidirectional,19456,Haney MS (2018),30397336,train,169,169,0,6,"Drug/Chemical response · Retinal Pigment Epithelium · E2F7, MAPK1, STAG2"
886,1140,decreases phagocytosis (zymosan particle uptake),Trafficking / Localization / Structural Phenotypes,,Lymphoma Cell Line,U-937,Phenotype Screen,Knockout,unidirectional,19453,Haney MS (2018),30397336,train,254,254,0,6,"Drug/Chemical response · Retinal Pigment Epithelium · E2F7, MAPK1, STAG2"
887,1142,decreases phagocytosis of cationic 1.3 µm magnetic iron oxide nanoparticles,Trafficking / Localization / Structural Phenotypes,,Lymphoma Cell Line,U-937,Phenotype Screen,Knockout,unidirectional,19452,Haney MS (2018),30397336,train,84,84,0,6,"Drug/Chemical response · Retinal Pigment Epithelium · E2F7, MAPK1, STAG2"
888,1144,decreases inflammasome-induced pyroptotic cell death,Drug / Chemical / Environmental Response, under BAA473 (11-oxo-12S-hydroxylithocholic acid methyl ester) treatment (75 µM),Monocytic Leukemia Cell Line,THP-1,Phenotype Screen,Knockout,unidirectional,18922,Alimov I (2019),30647128,train,140,140,0,15,"Drug/Chemical response · Lung Adenocarcinoma · TBC1D3D, CHURC1-FNTB, ZNF626"
889,1145,increases sensitivity to high oxygen as measured by decreased cell proliferation,Drug / Chemical / Environmental Response, under High oxygen treatment (21.0 %),Chronic Myeloid Leukemia Cell Line,K-562,Negative Selection,Knockout,unidirectional,19007,Jain IH (2020),32259488,train,212,212,0,0,"Drug/Chemical response · Lung Adenocarcinoma · NHEJ1, SLC35A2, SBNO2"
890,1146,decreases cell proliferation in low oxygen (1%) conditions,Drug / Chemical / Environmental Response, under Low oxygen treatment (1.0 %),Chronic Myeloid Leukemia Cell Line,K-562,Negative Selection,Knockout,unidirectional,19007,Jain IH (2020),32259488,train,109,109,0,21,"Drug/Chemical response · Chronic Myeloid Leukemia · PFKP, GOT1, G6PD"
891,1148,increases resistance to virus as measured by increased cell proliferation after two rounds of infection,Host-Pathogen / Infection Response, under Virus: Influenza A virus (A/Viet Nam/1203/2004(H5N1)) treatment (5 MOI),Lung Cancer Cell Line,A-549,Positive Selection,Knockout,unidirectional,1665,Han J (2018),29642015,train,791,791,0,0,"Drug/Chemical response · Lung Adenocarcinoma · NHEJ1, SLC35A2, SBNO2"
892,1149,increases resistance to virus as measured by increased cell proliferation after repeated rounds of infection,Host-Pathogen / Infection Response, under Virus: Influenza A virus (A/Viet Nam/1203/2004(H5N1)) treatment (5 MOI),Lung Cancer Cell Line,A-549,Positive Selection,Knockout,unidirectional,508,Han J (2018),29642015,train,499,499,0,0,"Drug/Chemical response · Lung Adenocarcinoma · NHEJ1, SLC35A2, SBNO2"
893,1153,impacts response to chemicals,Drug / Chemical / Environmental Response, under GSK983 treatment (48.0 nM),Chronic Myeloid Leukemia Cell Line,K-562,Positive and Negative Selection,Knockout,recovered_bidirectional,18449,Deans RM (2016),27018887,train,1464,1464,0,9,"Fitness/Viability · Acute Myeloid Leukemia · SPDYE5, WASHC1, GOLGA8O"
894,1163,decreases HBV surface antigen (HBsAg) expression as measured by reduced HBsAg antibody staining in HepG2(HBV) cells,Host-Pathogen / Infection Response,,Hepatitis B virus genome integrated cell line,HepG2-NTCP1 HBV Cas9,Phenotype Screen,Knockout,unidirectional,18922,Hyrina A (2019),31801065,train,22,22,0,6,"Drug/Chemical response · Retinal Pigment Epithelium · E2F7, MAPK1, STAG2"
895,1164,increases hepatitis B virus surface antigen (HBsAg) expression,Host-Pathogen / Infection Response,,Hepatitis B virus genome integrated cell line,HepG2-NTCP1 HBV Cas9,Phenotype Screen,Knockout,unidirectional,18922,Hyrina A (2019),31801065,train,37,37,0,14,"Fitness/Viability · Oral Squamous Cell Carcinoma · TUBB4B, LAS1L, PGK1"
896,1165,decreases hepatitis B virus surface antigen (HBsAg) expression in RG7834-treated HBV-integrated cells,Host-Pathogen / Infection Response,,Hepatitis B virus genome integrated cell line,HepG2-NTCP1 HBV Cas9,Phenotype Screen,Knockout,unidirectional,18922,Hyrina A (2019),31801065,train,1,1,0,0,"Drug/Chemical response · Lung Adenocarcinoma · NHEJ1, SLC35A2, SBNO2"
897,1166,increases hepatitis B surface antigen (HBsAg) cell-surface expression in HBV-integrated cells treated with RG7834,Drug / Chemical / Environmental Response, under RG7834 treatment (30 nM),Hepatitis B virus genome integrated cell line,HepG2-NTCP1 HBV Cas9,Phenotype Screen,Knockout,unidirectional,18922,Hyrina A (2019),31801065,train,3,3,0,21,"Drug/Chemical response · Chronic Myeloid Leukemia · PFKP, GOT1, G6PD"
898,1167,increases resistance to virus,Host-Pathogen / Infection Response, under Virus: West Nile virus treatment (1 MOI),Embryonic Kidney Cell Line,HEK293T,Positive Selection,Knockout,unidirectional,18784,Zhang R (2016),27383988,train,12,12,0,6,"Drug/Chemical response · Retinal Pigment Epithelium · E2F7, MAPK1, STAG2"
899,1168,increases resistance to virus as indicated by enrichment among the top hits,Host-Pathogen / Infection Response, under Virus: Dengue virus 2 Thailand/16681/84 treatment (1 MOI),Huh-7 Cell,Huh-7.5.1,Positive Selection,Knockout,unidirectional,20592,Marceau CD (2016),27383987,train,30,30,0,6,"Drug/Chemical response · Retinal Pigment Epithelium · E2F7, MAPK1, STAG2"
900,1169,increases resistance to virus,Host-Pathogen / Infection Response, under Virus: Hepatitis C Virus JFH1 treatment (0.3 MOI),Huh-7 Cell,Huh-7.5.1,Positive Selection,Knockout,unidirectional,20592,Marceau CD (2016),27383987,train,30,30,0,3,"Drug/Chemical response · Retinal Pigment Epithelium · PDCD10, NF2, TAOK1"
901,1170,"increases resistance to rhinovirus C infection, conferring a protective effect in H1-HeLa+CHDR3 cells",Host-Pathogen / Infection Response, under Virus: Human rhinovirus C15 (RV-C15) treatment (1 MOI),HeLa,H1-HeLa+CHDR3,Positive Selection,Knockout,unidirectional,20583,Diep J (2019),31527793,train,1011,1011,0,0,"Drug/Chemical response · Lung Adenocarcinoma · NHEJ1, SLC35A2, SBNO2"
902,1171,increases resistance to Enterovirus 68 infection as measured by protection of H1-HeLa+CHDR3 cells,Host-Pathogen / Infection Response, under Virus: Enterovirus 68 treatment (1 MOI),HeLa,H1-HeLa+CHDR3,Positive Selection,Knockout,unidirectional,20583,Diep J (2019),31527793,train,979,979,0,0,"Drug/Chemical response · Lung Adenocarcinoma · NHEJ1, SLC35A2, SBNO2"
903,1172,increases resistance to viral infection,Host-Pathogen / Infection Response, under Virus: Zika virus treatment (1.0 MOI),iPSC derived cell line,iPSC derived neural progenitor,Positive Selection,Knockout,unidirectional,18337,Li Y (2019),31019072,train,133,133,0,11,"Host-Pathogen/Infection · Lung Adenocarcinoma · ACE2, TMPRSS2, RMC1"
904,1175,increases resistance to IAV infection,Host-Pathogen / Infection Response, under Virus: Influenza A (A/Puerto Rico/8/1934(H1N1) treatment (5 MOI),Lung Cancer Cell Line,A-549,Positive Selection,Activation,unidirectional,1169,Heaton BE (2017),28813663,train,25,25,0,4,"Drug/Chemical response · Chronic Myelogenous Leukemia · FBXW7, STUB1, RNF7"
905,U_1176_dec,decrease sensitivity to rigosertib,Drug / Chemical / Environmental Response, under rigosertib treatment (900.0 nM),Chronic Myeloid Leukemia Cell Line,K-562,bidirectional,Inhibition,bidirectional,15927,Jost M (2017),28985505,train,586,553,33,23,"Drug/Chemical response · Chronic Myeloid Leukemia · HPS5, TIMM23B, KICS2"
906,U_1176_inc,increase sensitivity to rigosertib,Drug / Chemical / Environmental Response, under rigosertib treatment (900.0 nM),Chronic Myeloid Leukemia Cell Line,K-562,bidirectional,Inhibition,bidirectional,15927,Jost M (2017),28985505,train,586,33,553,23,"Drug/Chemical response · Chronic Myeloid Leukemia · HPS5, TIMM23B, KICS2"
907,U_1176_merged,either increases or decreases sensitivity to rigosertib,Drug / Chemical / Environmental Response, under rigosertib treatment (900.0 nM),Chronic Myeloid Leukemia Cell Line,K-562,Positive and Negative Selection,Inhibition,bidirectional,15927,Jost M (2017),28985505,train,586,586,0,23,"Drug/Chemical response · Chronic Myeloid Leukemia · HPS5, TIMM23B, KICS2"
908,U_1177_dec,decrease cell sensitivity to rigosertib,Drug / Chemical / Environmental Response, under rigosertib treatment (900.0 nM),Chronic Myeloid Leukemia Cell Line,K-562,bidirectional,Activation,bidirectional,15927,Jost M (2017),28985505,train,542,385,157,17,"Reporter/Pathway activity · T cell · UBASH3A, FOXL2NB, FOXA3"
909,U_1177_inc,increase cell sensitivity to rigosertib,Drug / Chemical / Environmental Response, under rigosertib treatment (900.0 nM),Chronic Myeloid Leukemia Cell Line,K-562,bidirectional,Activation,bidirectional,15927,Jost M (2017),28985505,train,542,157,385,17,"Reporter/Pathway activity · T cell · UBASH3A, FOXL2NB, FOXA3"
910,U_1177_merged,either increases or decreases cell sensitivity to rigosertib,Drug / Chemical / Environmental Response, under rigosertib treatment (900.0 nM),Chronic Myeloid Leukemia Cell Line,K-562,Positive and Negative Selection,Activation,bidirectional,15927,Jost M (2017),28985505,train,542,542,0,17,"Reporter/Pathway activity · T cell · UBASH3A, FOXL2NB, FOXA3"
911,U_1178_dec,decrease sensitivity to Abt-751,Drug / Chemical / Environmental Response, under Abt-751 treatment (400.0 nM),Chronic Myeloid Leukemia Cell Line,K-562,bidirectional,Inhibition,bidirectional,514,Jost M (2017),28985505,train,383,359,24,23,"Drug/Chemical response · Chronic Myeloid Leukemia · HPS5, TIMM23B, KICS2"
912,U_1178_inc,increase sensitivity to Abt-751,Drug / Chemical / Environmental Response, under Abt-751 treatment (400.0 nM),Chronic Myeloid Leukemia Cell Line,K-562,bidirectional,Inhibition,bidirectional,514,Jost M (2017),28985505,train,383,24,359,23,"Drug/Chemical response · Chronic Myeloid Leukemia · HPS5, TIMM23B, KICS2"
913,U_1178_merged,either increases or decreases sensitivity to Abt-751,Drug / Chemical / Environmental Response, under Abt-751 treatment (400.0 nM),Chronic Myeloid Leukemia Cell Line,K-562,Positive and Negative Selection,Inhibition,bidirectional,514,Jost M (2017),28985505,train,383,383,0,23,"Drug/Chemical response · Chronic Myeloid Leukemia · HPS5, TIMM23B, KICS2"
914,U_1179_dec,decrease sensitivity to rigosertib,Drug / Chemical / Environmental Response, under rigosertib treatment (300.0 nM),Chronic Myeloid Leukemia Cell Line,K-562,bidirectional,Inhibition,bidirectional,514,Jost M (2017),28985505,train,335,303,32,23,"Drug/Chemical response · Chronic Myeloid Leukemia · HPS5, TIMM23B, KICS2"
915,U_1179_inc,increase sensitivity to rigosertib,Drug / Chemical / Environmental Response, under rigosertib treatment (300.0 nM),Chronic Myeloid Leukemia Cell Line,K-562,bidirectional,Inhibition,bidirectional,514,Jost M (2017),28985505,train,335,32,303,23,"Drug/Chemical response · Chronic Myeloid Leukemia · HPS5, TIMM23B, KICS2"
916,U_1179_merged,either increases or decreases sensitivity to rigosertib,Drug / Chemical / Environmental Response, under rigosertib treatment (300.0 nM),Chronic Myeloid Leukemia Cell Line,K-562,Positive and Negative Selection,Inhibition,bidirectional,514,Jost M (2017),28985505,train,335,335,0,23,"Drug/Chemical response · Chronic Myeloid Leukemia · HPS5, TIMM23B, KICS2"
917,U_1180_dec,decrease sensitivity to alisertib,Drug / Chemical / Environmental Response, under Alisertib treatment (450.0 nM),Chronic Myeloid Leukemia Cell Line,K-562,bidirectional,Inhibition,bidirectional,514,Jost M (2017),28985505,train,249,237,12,23,"Drug/Chemical response · Chronic Myeloid Leukemia · HPS5, TIMM23B, KICS2"
918,U_1180_inc,increase sensitivity to alisertib,Drug / Chemical / Environmental Response, under Alisertib treatment (450.0 nM),Chronic Myeloid Leukemia Cell Line,K-562,bidirectional,Inhibition,bidirectional,514,Jost M (2017),28985505,train,249,12,237,23,"Drug/Chemical response · Chronic Myeloid Leukemia · HPS5, TIMM23B, KICS2"
919,U_1180_merged,either increases or decreases sensitivity to alisertib,Drug / Chemical / Environmental Response, under Alisertib treatment (450.0 nM),Chronic Myeloid Leukemia Cell Line,K-562,Positive and Negative Selection,Inhibition,bidirectional,514,Jost M (2017),28985505,train,249,249,0,23,"Drug/Chemical response · Chronic Myeloid Leukemia · HPS5, TIMM23B, KICS2"
920,U_1181_dec,decrease BI-2536 sensitivity,Drug / Chemical / Environmental Response, under BI-2536 treatment (40 nM),Chronic Myeloid Leukemia Cell Line,K-562,bidirectional,Inhibition,bidirectional,514,Jost M (2017),28985505,train,287,268,19,23,"Drug/Chemical response · Chronic Myeloid Leukemia · HPS5, TIMM23B, KICS2"
921,U_1181_inc,increase BI-2536 sensitivity,Drug / Chemical / Environmental Response, under BI-2536 treatment (40 nM),Chronic Myeloid Leukemia Cell Line,K-562,bidirectional,Inhibition,bidirectional,514,Jost M (2017),28985505,train,287,19,268,23,"Drug/Chemical response · Chronic Myeloid Leukemia · HPS5, TIMM23B, KICS2"
922,U_1181_merged,either increases or decreases BI-2536 sensitivity,Drug / Chemical / Environmental Response, under BI-2536 treatment (40 nM),Chronic Myeloid Leukemia Cell Line,K-562,Positive and Negative Selection,Inhibition,bidirectional,514,Jost M (2017),28985505,train,287,287,0,23,"Drug/Chemical response · Chronic Myeloid Leukemia · HPS5, TIMM23B, KICS2"
923,U_1182_dec,decrease sensitivity to blebbistatin,Drug / Chemical / Environmental Response, under blebbistatin treatment (50.0 µM),Chronic Myeloid Leukemia Cell Line,K-562,bidirectional,Inhibition,bidirectional,514,Jost M (2017),28985505,train,316,308,8,23,"Drug/Chemical response · Chronic Myeloid Leukemia · HPS5, TIMM23B, KICS2"
924,U_1182_inc,increase sensitivity to blebbistatin,Drug / Chemical / Environmental Response, under blebbistatin treatment (50.0 µM),Chronic Myeloid Leukemia Cell Line,K-562,bidirectional,Inhibition,bidirectional,514,Jost M (2017),28985505,train,316,8,308,23,"Drug/Chemical response · Chronic Myeloid Leukemia · HPS5, TIMM23B, KICS2"
925,U_1182_merged,either increases or decreases sensitivity to blebbistatin,Drug / Chemical / Environmental Response, under blebbistatin treatment (50.0 µM),Chronic Myeloid Leukemia Cell Line,K-562,Positive and Negative Selection,Inhibition,bidirectional,514,Jost M (2017),28985505,train,316,316,0,23,"Drug/Chemical response · Chronic Myeloid Leukemia · HPS5, TIMM23B, KICS2"
926,U_1183_dec,decrease STLC sensitivity,Drug / Chemical / Environmental Response, under STLC (S-Trityl-L-cysteine) treatment (15.0 µM),Chronic Myeloid Leukemia Cell Line,K-562,bidirectional,Inhibition,bidirectional,514,Jost M (2017),28985505,train,302,281,21,23,"Drug/Chemical response · Chronic Myeloid Leukemia · HPS5, TIMM23B, KICS2"
927,U_1183_inc,increase STLC sensitivity,Drug / Chemical / Environmental Response, under STLC (S-Trityl-L-cysteine) treatment (15.0 µM),Chronic Myeloid Leukemia Cell Line,K-562,bidirectional,Inhibition,bidirectional,514,Jost M (2017),28985505,train,302,21,281,23,"Drug/Chemical response · Chronic Myeloid Leukemia · HPS5, TIMM23B, KICS2"
928,U_1183_merged,either increases or decreases STLC sensitivity,Drug / Chemical / Environmental Response, under STLC (S-Trityl-L-cysteine) treatment (15.0 µM),Chronic Myeloid Leukemia Cell Line,K-562,Positive and Negative Selection,Inhibition,bidirectional,514,Jost M (2017),28985505,train,302,302,0,23,"Drug/Chemical response · Chronic Myeloid Leukemia · HPS5, TIMM23B, KICS2"
929,U_1184_dec,decrease sensitivity to vinblastine,Drug / Chemical / Environmental Response, under Vinblastine treatment (10.0 nM),Chronic Myeloid Leukemia Cell Line,K-562,bidirectional,Inhibition,bidirectional,514,Jost M (2017),28985505,train,322,305,17,23,"Drug/Chemical response · Chronic Myeloid Leukemia · HPS5, TIMM23B, KICS2"
930,U_1184_inc,increase sensitivity to vinblastine,Drug / Chemical / Environmental Response, under Vinblastine treatment (10.0 nM),Chronic Myeloid Leukemia Cell Line,K-562,bidirectional,Inhibition,bidirectional,514,Jost M (2017),28985505,train,322,17,305,23,"Drug/Chemical response · Chronic Myeloid Leukemia · HPS5, TIMM23B, KICS2"
931,U_1184_merged,either increases or decreases sensitivity to vinblastine,Drug / Chemical / Environmental Response, under Vinblastine treatment (10.0 nM),Chronic Myeloid Leukemia Cell Line,K-562,Positive and Negative Selection,Inhibition,bidirectional,514,Jost M (2017),28985505,train,322,322,0,23,"Drug/Chemical response · Chronic Myeloid Leukemia · HPS5, TIMM23B, KICS2"
932,U_1185_dec,decrease sensitivity to Abt-751,Drug / Chemical / Environmental Response, under Abt-751 treatment (400.0 nM),Chronic Myeloid Leukemia Cell Line,K-562,bidirectional,Activation,bidirectional,257,Jost M (2017),28985505,train,147,85,62,17,"Reporter/Pathway activity · T cell · UBASH3A, FOXL2NB, FOXA3"
933,U_1185_inc,increase sensitivity to Abt-751,Drug / Chemical / Environmental Response, under Abt-751 treatment (400.0 nM),Chronic Myeloid Leukemia Cell Line,K-562,bidirectional,Activation,bidirectional,257,Jost M (2017),28985505,train,147,62,85,17,"Reporter/Pathway activity · T cell · UBASH3A, FOXL2NB, FOXA3"
934,U_1185_merged,either increases or decreases sensitivity to Abt-751,Drug / Chemical / Environmental Response, under Abt-751 treatment (400.0 nM),Chronic Myeloid Leukemia Cell Line,K-562,Positive and Negative Selection,Activation,bidirectional,257,Jost M (2017),28985505,train,147,147,0,17,"Reporter/Pathway activity · T cell · UBASH3A, FOXL2NB, FOXA3"
935,U_1186_dec,decrease sensitivity to rigosertib,Drug / Chemical / Environmental Response, under rigosertib treatment (300.0 nM),Chronic Myeloid Leukemia Cell Line,K-562,bidirectional,Activation,bidirectional,257,Jost M (2017),28985505,train,144,78,66,17,"Reporter/Pathway activity · T cell · UBASH3A, FOXL2NB, FOXA3"
936,U_1186_inc,increase sensitivity to rigosertib,Drug / Chemical / Environmental Response, under rigosertib treatment (300.0 nM),Chronic Myeloid Leukemia Cell Line,K-562,bidirectional,Activation,bidirectional,257,Jost M (2017),28985505,train,144,66,78,17,"Reporter/Pathway activity · T cell · UBASH3A, FOXL2NB, FOXA3"
937,U_1186_merged,either increases or decreases sensitivity to rigosertib,Drug / Chemical / Environmental Response, under rigosertib treatment (300.0 nM),Chronic Myeloid Leukemia Cell Line,K-562,Positive and Negative Selection,Activation,bidirectional,257,Jost M (2017),28985505,train,144,144,0,17,"Reporter/Pathway activity · T cell · UBASH3A, FOXL2NB, FOXA3"
938,1187,decreases lysosomal accumulation of NA-647 cargo mediated by biotinylated LYTACs,Trafficking / Localization / Structural Phenotypes,,Chronic Myeloid Leukemia Cell Line,K-562,Phenotype Screen,Inhibition,unidirectional,18564,Banik SM (2020),32728216,train,52,52,0,11,"Host-Pathogen/Infection · Lung Adenocarcinoma · ACE2, TMPRSS2, RMC1"
939,1188,impacts protein/peptide accumulation,Molecular Output / Reporter / Pathway Activity,,Chronic Myeloid Leukemia Cell Line,K-562,Phenotype Screen,Knockout,recovered_bidirectional,19446,Liu N (2018),29211708,train,25,25,0,3,"Drug/Chemical response · Retinal Pigment Epithelium · PDCD10, NF2, TAOK1"
940,1190,impacts protein/peptide accumulation,Molecular Output / Reporter / Pathway Activity,,Cervical Adenocarcinoma Cell Line,HeLa,Phenotype Screen,Knockout,recovered_bidirectional,19457,Liu N (2018),29211708,train,14,14,0,3,"Drug/Chemical response · Retinal Pigment Epithelium · PDCD10, NF2, TAOK1"
941,1191,increases resistance to DNMDP-induced cancer cell killing,Drug / Chemical / Environmental Response, under DNMDP treatment (25.0 nM),Acute Myeloid Leukemia Cell Line,Unknown,Positive Selection,Knockout,unidirectional,18675,Wu X (2020),32005668,train,4,4,0,3,"Drug/Chemical response · Retinal Pigment Epithelium · PDCD10, NF2, TAOK1"
942,1192,decreases cell proliferation,Fitness / Proliferation / Viability,,Breast Cancer Cell Line,T-47D,Negative Selection,Knockout,unidirectional,18419,Fei T (2019),31727847,train,528,528,0,14,"Fitness/Viability · Oral Squamous Cell Carcinoma · TUBB4B, LAS1L, PGK1"
943,1193,decreases cell proliferation,Fitness / Proliferation / Viability,,Prostate Cancer Cell Line,LNCaP,Negative Selection,Knockout,unidirectional,18419,Fei T (2019),31727847,train,281,281,0,14,"Fitness/Viability · Oral Squamous Cell Carcinoma · TUBB4B, LAS1L, PGK1"
944,1195,increases sensitivity to the erlotinib+THZ-1 drug combination,Drug / Chemical / Environmental Response, under Erlotinib (100nmol/L) + THZ-1(50nmol/L) treatment (100.0 nmol/L),Lung Adenocarcinoma Cell Line,PC-9,Negative Selection,Knockout,unidirectional,94,Terai H (2018),29259014,train,28,28,0,3,"Drug/Chemical response · Retinal Pigment Epithelium · PDCD10, NF2, TAOK1"
945,1196,"increases resistance to the chemotherapy drug combination erlotinib and THZ-1, evidenced by decreased drug sensitivity",Drug / Chemical / Environmental Response, under Erlotinib (100nmol/L) + THZ-1(50nmol/L) treatment (100.0 nmol/L),Lung Adenocarcinoma Cell Line,PC-9,Positive Selection,Knockout,unidirectional,93,Terai H (2018),29259014,train,17,17,0,10,"Host-Pathogen/Infection · Cervical Adenocarcinoma · JAK2, STAT1, B2M"
946,1199,increases phagophore accumulation as measured by elevated HT-LC3 expression,Trafficking / Localization / Structural Phenotypes,,Osteosarcoma Cell Line,U2OS,Phenotype Screen,Knockout,unidirectional,19007,Takahashi Y (2019),31519728,train,176,176,0,15,"Drug/Chemical response · Lung Adenocarcinoma · TBC1D3D, CHURC1-FNTB, ZNF626"
947,1205,decreases cell proliferation,Fitness / Proliferation / Viability,,Hepatoma Cell Line,PLC/PRF/5,Negative Selection,Knockout,unidirectional,18851,Liang J (2020),31551363,train,926,926,0,9,"Fitness/Viability · Acute Myeloid Leukemia · SPDYE5, WASHC1, GOLGA8O"
948,1208,increases resistance to influenza infection as measured by decreased viral HA expression,Host-Pathogen / Infection Response, under Virus: Influenza A (A/Puerto Rico/8/1934(H1N1) treatment (5 MOI),Non-Small Cell Lung Cancer Cell Line,A-549,Phenotype Screen,Knockout,unidirectional,874,Li B (2020),31919360,train,121,121,0,14,"Fitness/Viability · Oral Squamous Cell Carcinoma · TUBB4B, LAS1L, PGK1"
949,1215,increases yellow fever virus infection despite IFN-α treatment,Host-Pathogen / Infection Response, under Virus: Yellow Fever Virus 17D treatment (1 MOI),Huh-7 Cell,Huh-7.5,Phenotype Screen,Knockout,unidirectional,19007,Richardson RB (2018),30224801,train,17,17,0,10,"Host-Pathogen/Infection · Cervical Adenocarcinoma · JAK2, STAT1, B2M"
950,1218,decreases HIV infection as measured by decreased accumulation of HIV-encoded GFP,Host-Pathogen / Infection Response, under Virus: HIV (Human immunodeficiency virus) treatment (0.025 MOI),Lymphoma or Leukaemia Cell Line,GXRCas9,Phenotype Screen,Knockout,unidirectional,18338,Park RJ (2017),27992415,train,5,5,0,10,"Host-Pathogen/Infection · Cervical Adenocarcinoma · JAK2, STAT1, B2M"
951,1220,"increases resistance to SARS-CoV-2 infection, as measured by increased survival of infected Huh7.5.1 cells",Host-Pathogen / Infection Response, under Virus: SARS-CoV-2 (Severe acute respiratory syndrome coronavirus 2) treatment (0.01 MOI),Huh-7 Cell,Huh-7.5.1,Positive Selection,Knockout,unidirectional,20671,Wang R (2020),33333024,train,428,428,0,31,"Drug/Chemical response · Acute Myeloid Leukemia · TAS2R41, ZFR2, KRT26"
952,1221,increases resistance to HCoV-OC43 infection,Host-Pathogen / Infection Response, under Virus: HCoV-OC43 (Human coronavirus OC43) treatment (3.0 MOI),Huh-7 Cell,Huh-7.5.1,Positive Selection,Knockout,unidirectional,20671,Wang R (2020),33333024,train,556,556,0,0,"Drug/Chemical response · Lung Adenocarcinoma · NHEJ1, SLC35A2, SBNO2"
953,1222,increases resistance to HCoV-229E infection,Host-Pathogen / Infection Response, under Virus: HCoV-229E (Human coronavirus 229E) treatment (0.05 MOI),Huh-7 Cell,Huh-7.5.1,Positive Selection,Knockout,unidirectional,20671,Wang R (2020),33333024,train,593,593,0,0,"Drug/Chemical response · Lung Adenocarcinoma · NHEJ1, SLC35A2, SBNO2"
954,U_1223_inc,increase resistance to Dieldrin,Drug / Chemical / Environmental Response, under Dieldrin treatment (12.5 µM),Neuroblastoma Cell Line,SH-SY5Y,bidirectional,Knockout,bidirectional,4271,Russo M (2020),32421776,train,99,58,41,6,"Drug/Chemical response · Retinal Pigment Epithelium · E2F7, MAPK1, STAG2"
955,U_1223_dec,decrease resistance to Dieldrin,Drug / Chemical / Environmental Response, under Dieldrin treatment (12.5 µM),Neuroblastoma Cell Line,SH-SY5Y,bidirectional,Knockout,bidirectional,4271,Russo M (2020),32421776,train,99,41,58,6,"Drug/Chemical response · Retinal Pigment Epithelium · E2F7, MAPK1, STAG2"
956,U_1223_merged,either increases or decreases resistance to Dieldrin,Drug / Chemical / Environmental Response, under Dieldrin treatment (12.5 µM),Neuroblastoma Cell Line,SH-SY5Y,Positive and Negative Selection,Knockout,bidirectional,4271,Russo M (2020),32421776,train,99,99,0,6,"Drug/Chemical response · Retinal Pigment Epithelium · E2F7, MAPK1, STAG2"
957,1224,increases SQSTM1 protein accumulation,Trafficking / Localization / Structural Phenotypes,,Glioma Cell Line,H4,Phenotype Screen,Knockout,unidirectional,17969,DeJesus R (2016),27351204,train,100,100,0,25,"Reporter/Pathway activity · Chronic Myeloid Leukemia · ATG14, WIPI2, WDR45"
958,1225,decreases SQSTM1 protein accumulation as measured by FACS of GFP-tagged SQSTM1,Trafficking / Localization / Structural Phenotypes,,Glioma Cell Line,H4,Phenotype Screen,Knockout,unidirectional,17969,DeJesus R (2016),27351204,train,102,102,0,14,"Fitness/Viability · Oral Squamous Cell Carcinoma · TUBB4B, LAS1L, PGK1"
959,1228,increases cell proliferation in the presence of glycine-arginine dipeptide-repeat proteins (GR) derived from C9ORF72 expansion,Drug / Chemical / Environmental Response, under glycine–arginine (GR) dipeptide-repeat (DPR) protein treatment (10.0 µM),Chronic Myeloid Leukemia Cell Line,K-562,Positive and Negative Selection,Knockout,unidirectional,19270,Kramer NJ (2018),29507424,train,375,375,0,0,"Drug/Chemical response · Lung Adenocarcinoma · NHEJ1, SLC35A2, SBNO2"
960,1229,increases cell proliferation in the presence of proline-arginine dipeptide repeats derived from C9ORF72 expansion,Drug / Chemical / Environmental Response, under proline–arginine (PR) dipeptide-repeat (DPR) protein treatment (8.0 µM),Chronic Myeloid Leukemia Cell Line,K-562,Positive and Negative Selection,Knockout,unidirectional,19269,Kramer NJ (2018),29507424,train,205,205,0,0,"Drug/Chemical response · Lung Adenocarcinoma · NHEJ1, SLC35A2, SBNO2"
961,1230,"increases resistance to Enterohemorrhagic Escherichia coli, as measured by increased cell proliferation during espZ-mutant EHEC infection",Host-Pathogen / Infection Response, under Escherichia coli (str. EDL933) treatment (100.0 MOI),Colonic Adenocarcinoma Cell Line,HT-29,Positive Selection,Knockout,unidirectional,1039,Pacheco AR (2018),29921669,train,20,20,0,6,"Drug/Chemical response · Retinal Pigment Epithelium · E2F7, MAPK1, STAG2"
962,U_1238_inc,increase Cell Proliferation,Fitness / Proliferation / Viability,,Lung Adenocarcinoma Cell Line,NCI-H23,bidirectional,Knockout,bidirectional,19131,Han K (2020),32238925,train,2705,6,2699,0,"Drug/Chemical response · Lung Adenocarcinoma · NHEJ1, SLC35A2, SBNO2"
963,U_1238_dec,decrease Cell Proliferation,Fitness / Proliferation / Viability,,Lung Adenocarcinoma Cell Line,NCI-H23,bidirectional,Knockout,bidirectional,19131,Han K (2020),32238925,train,2705,2699,6,0,"Drug/Chemical response · Lung Adenocarcinoma · NHEJ1, SLC35A2, SBNO2"
964,U_1238_merged,either increases or decreases Cell Proliferation,Fitness / Proliferation / Viability,,Lung Adenocarcinoma Cell Line,NCI-H23,Positive and Negative Selection,Knockout,bidirectional,19131,Han K (2020),32238925,train,2705,2705,0,0,"Drug/Chemical response · Lung Adenocarcinoma · NHEJ1, SLC35A2, SBNO2"
965,U_1239_dec,decrease sensitivity to the KRAS inhibitor ARS-853,Drug / Chemical / Environmental Response, under ARS-853 treatment (5.0 µM),Lung Adenocarcinoma Cell Line,NCI-H23,bidirectional,Knockout,bidirectional,19062,Han K (2020),32238925,train,146,47,99,0,"Drug/Chemical response · Lung Adenocarcinoma · NHEJ1, SLC35A2, SBNO2"
966,U_1239_inc,increase sensitivity to the KRAS inhibitor ARS-853,Drug / Chemical / Environmental Response, under ARS-853 treatment (5.0 µM),Lung Adenocarcinoma Cell Line,NCI-H23,bidirectional,Knockout,bidirectional,19062,Han K (2020),32238925,train,146,99,47,0,"Drug/Chemical response · Lung Adenocarcinoma · NHEJ1, SLC35A2, SBNO2"
967,U_1239_merged,either increases or decreases sensitivity to the KRAS inhibitor ARS-853,Drug / Chemical / Environmental Response, under ARS-853 treatment (5.0 µM),Lung Adenocarcinoma Cell Line,NCI-H23,Positive and Negative Selection,Knockout,bidirectional,19062,Han K (2020),32238925,train,146,146,0,0,"Drug/Chemical response · Lung Adenocarcinoma · NHEJ1, SLC35A2, SBNO2"
968,U_1240_inc,increase spheroid cell proliferation,Fitness / Proliferation / Viability, under 3D spheroid growth treatment,Lung Adenocarcinoma Cell Line,NCI-H23,bidirectional,Knockout,bidirectional,19132,Han K (2020),32238925,train,2339,144,2195,0,"Drug/Chemical response · Lung Adenocarcinoma · NHEJ1, SLC35A2, SBNO2"
969,U_1240_dec,decrease spheroid cell proliferation,Fitness / Proliferation / Viability, under 3D spheroid growth treatment,Lung Adenocarcinoma Cell Line,NCI-H23,bidirectional,Knockout,bidirectional,19132,Han K (2020),32238925,train,2339,2195,144,0,"Drug/Chemical response · Lung Adenocarcinoma · NHEJ1, SLC35A2, SBNO2"
970,U_1240_merged,either increases or decreases spheroid cell proliferation,Fitness / Proliferation / Viability, under 3D spheroid growth treatment,Lung Adenocarcinoma Cell Line,NCI-H23,Positive and Negative Selection,Knockout,bidirectional,19132,Han K (2020),32238925,train,2339,2339,0,0,"Drug/Chemical response · Lung Adenocarcinoma · NHEJ1, SLC35A2, SBNO2"
971,U_1241_inc,increase sensitivity to KRAS inhibitor in 3D spheroid growth conditions,Drug / Chemical / Environmental Response, under ARS-853|3D spheroid growth treatment (5.0 µM),Lung Adenocarcinoma Cell Line,NCI-H23,bidirectional,Knockout,bidirectional,19054,Han K (2020),32238925,train,161,130,31,0,"Drug/Chemical response · Lung Adenocarcinoma · NHEJ1, SLC35A2, SBNO2"
972,U_1241_dec,increase resistance to KRAS inhibitor in 3D spheroid growth conditions,Drug / Chemical / Environmental Response, under ARS-853|3D spheroid growth treatment (5.0 µM),Lung Adenocarcinoma Cell Line,NCI-H23,bidirectional,Knockout,bidirectional,19054,Han K (2020),32238925,train,161,31,130,0,"Drug/Chemical response · Lung Adenocarcinoma · NHEJ1, SLC35A2, SBNO2"
973,U_1241_merged,either increases or decreases sensitivity to KRAS inhibitor in 3D spheroid growth conditions,Drug / Chemical / Environmental Response, under ARS-853|3D spheroid growth treatment (5.0 µM),Lung Adenocarcinoma Cell Line,NCI-H23,Positive and Negative Selection,Knockout,bidirectional,19054,Han K (2020),32238925,train,161,161,0,0,"Drug/Chemical response · Lung Adenocarcinoma · NHEJ1, SLC35A2, SBNO2"
974,U_1242_dec,decrease cell proliferation in 3D spheroid growth conditions relative to 2D monolayer growth,Fitness / Proliferation / Viability, under 3D spheroid growth treatment,Lung Adenocarcinoma Cell Line,NCI-H23,bidirectional,Knockout,bidirectional,19062,Han K (2020),32238925,train,602,273,329,0,"Drug/Chemical response · Lung Adenocarcinoma · NHEJ1, SLC35A2, SBNO2"
975,U_1242_inc,increase cell proliferation in 3D spheroid growth conditions relative to 2D monolayer growth,Fitness / Proliferation / Viability, under 3D spheroid growth treatment,Lung Adenocarcinoma Cell Line,NCI-H23,bidirectional,Knockout,bidirectional,19062,Han K (2020),32238925,train,602,329,273,0,"Drug/Chemical response · Lung Adenocarcinoma · NHEJ1, SLC35A2, SBNO2"
976,U_1242_merged,either increases or decreases cell proliferation in 3D spheroid growth conditions relative to 2D monolayer growth,Fitness / Proliferation / Viability, under 3D spheroid growth treatment,Lung Adenocarcinoma Cell Line,NCI-H23,Positive and Negative Selection,Knockout,bidirectional,19062,Han K (2020),32238925,train,602,602,0,0,"Drug/Chemical response · Lung Adenocarcinoma · NHEJ1, SLC35A2, SBNO2"
977,U_1243_dec,decrease cell proliferation,Fitness / Proliferation / Viability,,Lung Cancer Cell Line,NCI-H2009,bidirectional,Knockout,bidirectional,19140,Han K (2020),32238925,train,2613,2583,30,0,"Drug/Chemical response · Lung Adenocarcinoma · NHEJ1, SLC35A2, SBNO2"
978,U_1243_inc,increase cell proliferation,Fitness / Proliferation / Viability,,Lung Cancer Cell Line,NCI-H2009,bidirectional,Knockout,bidirectional,19140,Han K (2020),32238925,train,2613,30,2583,0,"Drug/Chemical response · Lung Adenocarcinoma · NHEJ1, SLC35A2, SBNO2"
979,U_1243_merged,either increases or decreases cell proliferation,Fitness / Proliferation / Viability,,Lung Cancer Cell Line,NCI-H2009,Positive and Negative Selection,Knockout,bidirectional,19140,Han K (2020),32238925,train,2613,2613,0,0,"Drug/Chemical response · Lung Adenocarcinoma · NHEJ1, SLC35A2, SBNO2"
980,U_1244_dec,decrease cell proliferation under 3D spheroid growth conditions,Fitness / Proliferation / Viability, under 3D spheroid growth treatment,Lung Cancer Cell Line,NCI-H2009,bidirectional,Knockout,bidirectional,19140,Han K (2020),32238925,train,1874,1801,73,0,"Drug/Chemical response · Lung Adenocarcinoma · NHEJ1, SLC35A2, SBNO2"
981,U_1244_inc,increase cell proliferation under 3D spheroid growth conditions,Fitness / Proliferation / Viability, under 3D spheroid growth treatment,Lung Cancer Cell Line,NCI-H2009,bidirectional,Knockout,bidirectional,19140,Han K (2020),32238925,train,1874,73,1801,0,"Drug/Chemical response · Lung Adenocarcinoma · NHEJ1, SLC35A2, SBNO2"
982,U_1244_merged,either increases or decreases cell proliferation under 3D spheroid growth conditions,Fitness / Proliferation / Viability, under 3D spheroid growth treatment,Lung Cancer Cell Line,NCI-H2009,Positive and Negative Selection,Knockout,bidirectional,19140,Han K (2020),32238925,train,1874,1874,0,0,"Drug/Chemical response · Lung Adenocarcinoma · NHEJ1, SLC35A2, SBNO2"
983,U_1245_dec,decrease cell proliferation in 3D spheroid growth conditions relative to 2D monolayer conditions,Fitness / Proliferation / Viability, under 3D spheroid growth treatment,Lung Cancer Cell Line,NCI-H2009,bidirectional,Knockout,bidirectional,19130,Han K (2020),32238925,train,484,283,201,0,"Drug/Chemical response · Lung Adenocarcinoma · NHEJ1, SLC35A2, SBNO2"
984,U_1245_inc,increase cell proliferation in 3D spheroid growth conditions relative to 2D monolayer conditions,Fitness / Proliferation / Viability, under 3D spheroid growth treatment,Lung Cancer Cell Line,NCI-H2009,bidirectional,Knockout,bidirectional,19130,Han K (2020),32238925,train,484,201,283,0,"Drug/Chemical response · Lung Adenocarcinoma · NHEJ1, SLC35A2, SBNO2"
985,U_1245_merged,either increases or decreases cell proliferation in 3D spheroid growth conditions relative to 2D monolayer conditions,Fitness / Proliferation / Viability, under 3D spheroid growth treatment,Lung Cancer Cell Line,NCI-H2009,Positive and Negative Selection,Knockout,bidirectional,19130,Han K (2020),32238925,train,484,484,0,0,"Drug/Chemical response · Lung Adenocarcinoma · NHEJ1, SLC35A2, SBNO2"
986,U_1246_dec,decrease cell proliferation,Fitness / Proliferation / Viability,,Non-Small Cell Lung Cancer Cell Line,NCI-H1975,bidirectional,Knockout,bidirectional,19137,Han K (2020),32238925,train,2802,2779,23,0,"Drug/Chemical response · Lung Adenocarcinoma · NHEJ1, SLC35A2, SBNO2"
987,U_1246_inc,increase cell proliferation,Fitness / Proliferation / Viability,,Non-Small Cell Lung Cancer Cell Line,NCI-H1975,bidirectional,Knockout,bidirectional,19137,Han K (2020),32238925,train,2802,23,2779,0,"Drug/Chemical response · Lung Adenocarcinoma · NHEJ1, SLC35A2, SBNO2"
988,U_1246_merged,either increases or decreases cell proliferation,Fitness / Proliferation / Viability,,Non-Small Cell Lung Cancer Cell Line,NCI-H1975,Positive and Negative Selection,Knockout,bidirectional,19137,Han K (2020),32238925,train,2802,2802,0,0,"Drug/Chemical response · Lung Adenocarcinoma · NHEJ1, SLC35A2, SBNO2"
989,U_1247_dec,decrease cell proliferation in 3D spheroid growth conditions,Fitness / Proliferation / Viability, under 3D spheroid growth treatment,Non-Small Cell Lung Cancer Cell Line,NCI-H1975,bidirectional,Knockout,bidirectional,19137,Han K (2020),32238925,train,2303,2232,71,0,"Drug/Chemical response · Lung Adenocarcinoma · NHEJ1, SLC35A2, SBNO2"
990,U_1247_inc,increase cell proliferation in 3D spheroid growth conditions,Fitness / Proliferation / Viability, under 3D spheroid growth treatment,Non-Small Cell Lung Cancer Cell Line,NCI-H1975,bidirectional,Knockout,bidirectional,19137,Han K (2020),32238925,train,2303,71,2232,0,"Drug/Chemical response · Lung Adenocarcinoma · NHEJ1, SLC35A2, SBNO2"
991,U_1247_merged,either increases or decreases cell proliferation in 3D spheroid growth conditions,Fitness / Proliferation / Viability, under 3D spheroid growth treatment,Non-Small Cell Lung Cancer Cell Line,NCI-H1975,Positive and Negative Selection,Knockout,bidirectional,19137,Han K (2020),32238925,train,2303,2303,0,0,"Drug/Chemical response · Lung Adenocarcinoma · NHEJ1, SLC35A2, SBNO2"
992,U_1248_dec,decrease proliferation in 3D spheroid growth conditions relative to 2D monolayer,Fitness / Proliferation / Viability, under 3D spheroid growth treatment,Non-Small Cell Lung Cancer Cell Line,NCI-H1975,bidirectional,Knockout,bidirectional,19029,Han K (2020),32238925,train,325,134,191,0,"Drug/Chemical response · Lung Adenocarcinoma · NHEJ1, SLC35A2, SBNO2"
993,U_1248_inc,increase proliferation in 3D spheroid growth conditions relative to 2D monolayer,Fitness / Proliferation / Viability, under 3D spheroid growth treatment,Non-Small Cell Lung Cancer Cell Line,NCI-H1975,bidirectional,Knockout,bidirectional,19029,Han K (2020),32238925,train,325,191,134,0,"Drug/Chemical response · Lung Adenocarcinoma · NHEJ1, SLC35A2, SBNO2"
994,U_1248_merged,either increases or decreases proliferation in 3D spheroid growth conditions relative to 2D monolayer,Fitness / Proliferation / Viability, under 3D spheroid growth treatment,Non-Small Cell Lung Cancer Cell Line,NCI-H1975,Positive and Negative Selection,Knockout,bidirectional,19029,Han K (2020),32238925,train,325,325,0,0,"Drug/Chemical response · Lung Adenocarcinoma · NHEJ1, SLC35A2, SBNO2"
995,1249,impacts response to chemicals,Drug / Chemical / Environmental Response, under Resveratrol treatment (16.0 µM),Pre-B Acute Lymphoblastic Leukemia Cell Line,NALM-6,Positive and Negative Selection,Knockout,recovered_bidirectional,18921,Benslimane Y (2020),32755594,train,391,391,0,9,"Fitness/Viability · Acute Myeloid Leukemia · SPDYE5, WASHC1, GOLGA8O"
996,1250,impacts response to chemicals,Drug / Chemical / Environmental Response, under Pterostilbene treatment (16.0 µM),Pre-B Acute Lymphoblastic Leukemia Cell Line,NALM-6,Positive and Negative Selection,Knockout,recovered_bidirectional,18931,Benslimane Y (2020),32755594,train,104,104,0,9,"Fitness/Viability · Acute Myeloid Leukemia · SPDYE5, WASHC1, GOLGA8O"
997,1251,impacts response to chemicals,Drug / Chemical / Environmental Response, under Hydroxyurea treatment (100.0 µM),Pre-B Acute Lymphoblastic Leukemia Cell Line,NALM-6,Positive and Negative Selection,Knockout,recovered_bidirectional,18926,Benslimane Y (2020),32755594,train,399,399,0,9,"Fitness/Viability · Acute Myeloid Leukemia · SPDYE5, WASHC1, GOLGA8O"
998,1252,impacts response to chemicals,Drug / Chemical / Environmental Response, under Resveratrol treatment (25 µM),T-lymphoblastic leukemia cell line,Jurkat,Positive and Negative Selection,Knockout,recovered_bidirectional,17754,Benslimane Y (2020),32755594,train,1,1,0,14,"Fitness/Viability · Oral Squamous Cell Carcinoma · TUBB4B, LAS1L, PGK1"
999,1255,increases resistance to the AR inhibitor apalutamide,Drug / Chemical / Environmental Response, under Apalutamide treatment (2.0 µM),Prostate Cancer Cell Line,LNCaP,Positive Selection,Knockout,unidirectional,20481,Palit SA (2019),31855178,train,1078,1078,0,0,"Drug/Chemical response · Lung Adenocarcinoma · NHEJ1, SLC35A2, SBNO2"
1000,1256,impacts response to chemicals,Drug / Chemical / Environmental Response, under ML-210 treatment (5 µM),Renal Cell Carcinoma Cell Line,786-O,Positive and Negative Selection,Knockout,recovered_bidirectional,21205,Zou Y (2019),30962421,train,1361,1361,0,0,"Drug/Chemical response · Lung Adenocarcinoma · NHEJ1, SLC35A2, SBNO2"
1001,1257,impacts response to chemicals,Drug / Chemical / Environmental Response, under ML-210 treatment (5 µM),Renal Cell Carcinoma Cell Line,786-O,Positive and Negative Selection,Knockout,recovered_bidirectional,21205,Zou Y (2019),30962421,train,1617,1617,0,9,"Fitness/Viability · Acute Myeloid Leukemia · SPDYE5, WASHC1, GOLGA8O"
1002,1258,impacts response to chemicals,Drug / Chemical / Environmental Response, under ML-210 treatment (5 µM),Renal Cell Carcinoma Cell Line,786-O,Positive and Negative Selection,Knockout,recovered_bidirectional,21205,Zou Y (2019),30962421,train,1692,1692,0,9,"Fitness/Viability · Acute Myeloid Leukemia · SPDYE5, WASHC1, GOLGA8O"
1003,U_1291_dec,decrease cell proliferation under doxorubicin treatment,Drug / Chemical / Environmental Response, under Doxorubicin treatment (3.0 nM),Retinal Pigment Epithelium Cell Line,hTERT-RPE1,bidirectional,Knockout,bidirectional,15577,Findlay S (2018),30154076,train,128,124,4,30,"Drug/Chemical response · Lung Adenocarcinoma · BGLAP, NTRK2, WNK3"
1004,U_1291_inc,increase cell proliferation under doxorubicin treatment,Drug / Chemical / Environmental Response, under Doxorubicin treatment (3.0 nM),Retinal Pigment Epithelium Cell Line,hTERT-RPE1,bidirectional,Knockout,bidirectional,15577,Findlay S (2018),30154076,train,128,4,124,30,"Drug/Chemical response · Lung Adenocarcinoma · BGLAP, NTRK2, WNK3"
1005,U_1291_merged,either increases or decreases cell proliferation under doxorubicin treatment,Drug / Chemical / Environmental Response, under Doxorubicin treatment (3.0 nM),Retinal Pigment Epithelium Cell Line,hTERT-RPE1,Positive and Negative Selection,Knockout,bidirectional,15577,Findlay S (2018),30154076,train,128,128,0,30,"Drug/Chemical response · Lung Adenocarcinoma · BGLAP, NTRK2, WNK3"
1006,1292,decreases cell proliferation (reduced fitness) in the oral squamous carcinoma cell line,Fitness / Proliferation / Viability,,Oral Squamous Cell Carcinoma Cell Line,ORL-48,Negative Selection,Knockout,unidirectional,17958,Chai AWY (2020),32990596,train,1139,1139,0,14,"Fitness/Viability · Oral Squamous Cell Carcinoma · TUBB4B, LAS1L, PGK1"
1007,1293,decreases cell proliferation as measured by decreased fitness in an oral squamous carcinoma cell line,Fitness / Proliferation / Viability,,Oral Squamous Cell Carcinoma Cell Line,ORL-115,Negative Selection,Knockout,unidirectional,17956,Chai AWY (2020),32990596,train,991,991,0,14,"Fitness/Viability · Oral Squamous Cell Carcinoma · TUBB4B, LAS1L, PGK1"
1008,1294,decreases cell proliferation in this oral squamous carcinoma cell line,Fitness / Proliferation / Viability,,Oral Squamous Cell Carcinoma Cell Line,ORL-136,Negative Selection,Knockout,unidirectional,17949,Chai AWY (2020),32990596,train,1108,1108,0,14,"Fitness/Viability · Oral Squamous Cell Carcinoma · TUBB4B, LAS1L, PGK1"
1009,1295,decreases cell proliferation (reduced fitness) in the oral squamous carcinoma cell line,Fitness / Proliferation / Viability,,Oral Squamous Cell Carcinoma Cell Line,ORL-150,Negative Selection,Knockout,unidirectional,17949,Chai AWY (2020),32990596,train,1190,1190,0,14,"Fitness/Viability · Oral Squamous Cell Carcinoma · TUBB4B, LAS1L, PGK1"
1010,1296,decreases cell proliferation as measured by decreased fitness,Fitness / Proliferation / Viability,,Oral Squamous Cell Carcinoma Cell Line,ORL-153,Negative Selection,Knockout,unidirectional,17949,Chai AWY (2020),32990596,train,1081,1081,0,14,"Fitness/Viability · Oral Squamous Cell Carcinoma · TUBB4B, LAS1L, PGK1"
1011,1297,decreases cell proliferation (fitness) in the oral squamous carcinoma cell line,Fitness / Proliferation / Viability,,Oral Squamous Cell Carcinoma Cell Line,ORL-166,Negative Selection,Knockout,unidirectional,17955,Chai AWY (2020),32990596,train,554,554,0,14,"Fitness/Viability · Oral Squamous Cell Carcinoma · TUBB4B, LAS1L, PGK1"
1012,1298,decreases cell fitness,Fitness / Proliferation / Viability,,Oral Squamous Cell Carcinoma Cell Line,ORL-156,Negative Selection,Knockout,unidirectional,17949,Chai AWY (2020),32990596,train,525,525,0,14,"Fitness/Viability · Oral Squamous Cell Carcinoma · TUBB4B, LAS1L, PGK1"
1013,1299,decreases cell proliferation (reduced fitness),Fitness / Proliferation / Viability,,Oral Squamous Cell Carcinoma Cell Line,ORL-174,Negative Selection,Knockout,unidirectional,17956,Chai AWY (2020),32990596,train,1232,1232,0,14,"Fitness/Viability · Oral Squamous Cell Carcinoma · TUBB4B, LAS1L, PGK1"
1014,1300,decreases cell proliferation in an oral squamous carcinoma cell line,Fitness / Proliferation / Viability,,Oral Squamous Cell Carcinoma Cell Line,ORL-188,Negative Selection,Knockout,unidirectional,17956,Chai AWY (2020),32990596,train,1132,1132,0,14,"Fitness/Viability · Oral Squamous Cell Carcinoma · TUBB4B, LAS1L, PGK1"
1015,1301,decreases cell proliferation (fitness) in the oral squamous carcinoma cell line,Fitness / Proliferation / Viability,,Oral Squamous Cell Carcinoma Cell Line,ORL-195,Negative Selection,Knockout,unidirectional,17956,Chai AWY (2020),32990596,train,1032,1032,0,14,"Fitness/Viability · Oral Squamous Cell Carcinoma · TUBB4B, LAS1L, PGK1"
1016,1302,decreases cell proliferation,Fitness / Proliferation / Viability,,Oral Squamous Cell Carcinoma Cell Line,ORL-204,Negative Selection,Knockout,unidirectional,17951,Chai AWY (2020),32990596,train,777,777,0,14,"Fitness/Viability · Oral Squamous Cell Carcinoma · TUBB4B, LAS1L, PGK1"
1017,1303,decreases cell proliferation as measured by decreased fitness in this oral squamous carcinoma cell line,Fitness / Proliferation / Viability,,Oral Squamous Cell Carcinoma Cell Line,ORL-207,Negative Selection,Knockout,unidirectional,17949,Chai AWY (2020),32990596,train,1267,1267,0,14,"Fitness/Viability · Oral Squamous Cell Carcinoma · TUBB4B, LAS1L, PGK1"
1018,1304,decreases cell proliferation/fitness in this oral squamous carcinoma cell line,Fitness / Proliferation / Viability,,Oral Squamous Cell Carcinoma Cell Line,ORL-214,Negative Selection,Knockout,unidirectional,17956,Chai AWY (2020),32990596,train,1130,1130,0,14,"Fitness/Viability · Oral Squamous Cell Carcinoma · TUBB4B, LAS1L, PGK1"
1019,1305,decreases cell proliferation as measured by decreased fitness in the oral squamous carcinoma cell line,Fitness / Proliferation / Viability,,Oral Squamous Cell Carcinoma Cell Line,ORL-215,Negative Selection,Knockout,unidirectional,17956,Chai AWY (2020),32990596,train,1398,1398,0,14,"Fitness/Viability · Oral Squamous Cell Carcinoma · TUBB4B, LAS1L, PGK1"
1020,1306,decreases cell proliferation as measured by decreased fitness in this oral squamous carcinoma cell line,Fitness / Proliferation / Viability,,Tongue Cancer Cell Line,PE/CA-PJ15,Negative Selection,Knockout,unidirectional,17949,Chai AWY (2020),32990596,train,1228,1228,0,14,"Fitness/Viability · Oral Squamous Cell Carcinoma · TUBB4B, LAS1L, PGK1"
1021,1307,decreases cell proliferation (cellular fitness),Fitness / Proliferation / Viability,,Tongue Cancer Cell Line,SAS,Negative Selection,Knockout,unidirectional,17949,Chai AWY (2020),32990596,train,1318,1318,0,14,"Fitness/Viability · Oral Squamous Cell Carcinoma · TUBB4B, LAS1L, PGK1"
1022,1308,decreases cell proliferation (fitness) in the oral squamous carcinoma cell line,Fitness / Proliferation / Viability,,Cancer Cell Line,SCC-9,Negative Selection,Knockout,unidirectional,17958,Chai AWY (2020),32990596,train,960,960,0,14,"Fitness/Viability · Oral Squamous Cell Carcinoma · TUBB4B, LAS1L, PGK1"
1023,1309,decreases cell proliferation as measured by decreased fitness,Fitness / Proliferation / Viability,,Oral Squamous Cell Carcinoma Cell Line,BICR 10,Negative Selection,Knockout,unidirectional,17956,Chai AWY (2020),32990596,train,1382,1382,0,14,"Fitness/Viability · Oral Squamous Cell Carcinoma · TUBB4B, LAS1L, PGK1"
1024,1310,decreases cell proliferation as measured by decreased fitness in the oral squamous carcinoma cell line,Fitness / Proliferation / Viability,,Oral Squamous Cell Carcinoma Cell Line,HO-1-u-1,Negative Selection,Knockout,unidirectional,17958,Chai AWY (2020),32990596,train,1027,1027,0,14,"Fitness/Viability · Oral Squamous Cell Carcinoma · TUBB4B, LAS1L, PGK1"
1025,1311,decreases cell proliferation (fitness) in the oral squamous carcinoma cell line,Fitness / Proliferation / Viability,,Oral Squamous Cell Carcinoma Cell Line,HSC-2,Negative Selection,Knockout,unidirectional,17956,Chai AWY (2020),32990596,train,1187,1187,0,14,"Fitness/Viability · Oral Squamous Cell Carcinoma · TUBB4B, LAS1L, PGK1"
1026,1312,decreases cell proliferation,Fitness / Proliferation / Viability,,Oral Squamous Cell Carcinoma Cell Line,HSC-4,Negative Selection,Knockout,unidirectional,17956,Chai AWY (2020),32990596,train,1360,1360,0,14,"Fitness/Viability · Oral Squamous Cell Carcinoma · TUBB4B, LAS1L, PGK1"
1027,U_1313_dec,decrease drug resistance,Drug / Chemical / Environmental Response, under Cisplatin treatment (1 mM),Retinal Pigment Epithelium Cell Line,hTERT-RPE1,bidirectional,Knockout,bidirectional,17322,Olivieri M (2020),32649862,train,72,72,0,3,"Drug/Chemical response · Retinal Pigment Epithelium · PDCD10, NF2, TAOK1"
1028,U_1314_dec,decrease drug resistance,Drug / Chemical / Environmental Response, under Camptothecin treatment (5 nM),Retinal Pigment Epithelium Cell Line,hTERT-RPE1,bidirectional,Knockout,bidirectional,17204,Olivieri M (2020),32649862,train,69,69,0,3,"Drug/Chemical response · Retinal Pigment Epithelium · PDCD10, NF2, TAOK1"
1029,U_1315_dec,decrease drug resistance,Drug / Chemical / Environmental Response, under Etoposide treatment (100.0 nM),Retinal Pigment Epithelium Cell Line,hTERT-RPE1,bidirectional,Knockout,bidirectional,17289,Olivieri M (2020),32649862,train,72,72,0,3,"Drug/Chemical response · Retinal Pigment Epithelium · PDCD10, NF2, TAOK1"
1030,U_1316_dec,decrease drug resistance,Drug / Chemical / Environmental Response, under Hydroxyurea treatment (100.0 µM),Retinal Pigment Epithelium Cell Line,hTERT-RPE1,bidirectional,Knockout,bidirectional,17290,Olivieri M (2020),32649862,train,37,37,0,3,"Drug/Chemical response · Retinal Pigment Epithelium · PDCD10, NF2, TAOK1"
1031,U_1317_dec,decrease radiation resistance,Drug / Chemical / Environmental Response, under Ionizing Radiation (IR) treatment (3.0 Gy),Retinal Pigment Epithelium Cell Line,hTERT-RPE1,bidirectional,Knockout,bidirectional,17255,Olivieri M (2020),32649862,train,50,50,0,3,"Drug/Chemical response · Retinal Pigment Epithelium · PDCD10, NF2, TAOK1"
1032,U_1318_dec,decrease drug resistance,Drug / Chemical / Environmental Response, under Doxorubicin treatment (5.0 nM),Retinal Pigment Epithelium Cell Line,hTERT-RPE1,bidirectional,Knockout,bidirectional,17309,Olivieri M (2020),32649862,train,93,93,0,3,"Drug/Chemical response · Retinal Pigment Epithelium · PDCD10, NF2, TAOK1"
1033,U_1319_dec,decrease drug resistance,Drug / Chemical / Environmental Response, under Hydrogen Peroxide (H2O2) treatment (15.0 µM),Retinal Pigment Epithelium Cell Line,hTERT-RPE1,bidirectional,Knockout,bidirectional,17310,Olivieri M (2020),32649862,train,37,37,0,3,"Drug/Chemical response · Retinal Pigment Epithelium · PDCD10, NF2, TAOK1"
1034,U_1320_dec,decrease resistance to the drug and confer drug sensitivity,Drug / Chemical / Environmental Response, under Methyl methanesulfonate (MMS) treatment (25 nM),Retinal Pigment Epithelium Cell Line,hTERT-RPE1,bidirectional,Knockout,bidirectional,17310,Olivieri M (2020),32649862,train,109,106,3,3,"Drug/Chemical response · Retinal Pigment Epithelium · PDCD10, NF2, TAOK1"
1035,U_1320_inc,increase resistance to the drug,Drug / Chemical / Environmental Response, under Methyl methanesulfonate (MMS) treatment (25 nM),Retinal Pigment Epithelium Cell Line,hTERT-RPE1,bidirectional,Knockout,bidirectional,17310,Olivieri M (2020),32649862,train,109,3,106,3,"Drug/Chemical response · Retinal Pigment Epithelium · PDCD10, NF2, TAOK1"
1036,U_1320_merged,either increases or decreases resistance to the drug and confer drug sensitivity,Drug / Chemical / Environmental Response, under Methyl methanesulfonate (MMS) treatment (25 nM),Retinal Pigment Epithelium Cell Line,hTERT-RPE1,Positive and Negative Selection,Knockout,bidirectional,17310,Olivieri M (2020),32649862,train,109,109,0,3,"Drug/Chemical response · Retinal Pigment Epithelium · PDCD10, NF2, TAOK1"
1037,U_1321_dec,decrease drug resistance,Drug / Chemical / Environmental Response, under Pyridostatin treatment (0.75 µM),Retinal Pigment Epithelium Cell Line,hTERT-RPE1,bidirectional,Knockout,bidirectional,17314,Olivieri M (2020),32649862,train,90,85,5,3,"Drug/Chemical response · Retinal Pigment Epithelium · PDCD10, NF2, TAOK1"
1038,U_1321_inc,increase drug resistance,Drug / Chemical / Environmental Response, under Pyridostatin treatment (0.75 µM),Retinal Pigment Epithelium Cell Line,hTERT-RPE1,bidirectional,Knockout,bidirectional,17314,Olivieri M (2020),32649862,train,90,5,85,3,"Drug/Chemical response · Retinal Pigment Epithelium · PDCD10, NF2, TAOK1"
1039,U_1321_merged,either increases or decreases drug resistance,Drug / Chemical / Environmental Response, under Pyridostatin treatment (0.75 µM),Retinal Pigment Epithelium Cell Line,hTERT-RPE1,Positive and Negative Selection,Knockout,bidirectional,17314,Olivieri M (2020),32649862,train,90,90,0,3,"Drug/Chemical response · Retinal Pigment Epithelium · PDCD10, NF2, TAOK1"
1040,U_1322_dec,decrease UV light resistance,Drug / Chemical / Environmental Response, under Ultraviolet Light (UV) treatment (5.0 J/m2),Retinal Pigment Epithelium Cell Line,hTERT-RPE1,bidirectional,Knockout,bidirectional,17301,Olivieri M (2020),32649862,train,127,127,0,3,"Drug/Chemical response · Retinal Pigment Epithelium · PDCD10, NF2, TAOK1"
1041,U_1323_dec,decrease drug resistance,Drug / Chemical / Environmental Response, under Bleomycin treatment (25.0 nM),Retinal Pigment Epithelium Cell Line,hTERT-RPE1,bidirectional,Knockout,bidirectional,17211,Olivieri M (2020),32649862,train,57,57,0,3,"Drug/Chemical response · Retinal Pigment Epithelium · PDCD10, NF2, TAOK1"
1042,U_1324_dec,decrease drug resistance,Drug / Chemical / Environmental Response, under Olaparib treatment (5.0 µM),Retinal Pigment Epithelium Cell Line,hTERT-RPE1,bidirectional,Knockout,bidirectional,17217,Olivieri M (2020),32649862,train,41,41,0,3,"Drug/Chemical response · Retinal Pigment Epithelium · PDCD10, NF2, TAOK1"
1043,U_1325_dec,decrease drug resistance,Drug / Chemical / Environmental Response, under AZD6738 treatment (0.5 µM),Retinal Pigment Epithelium Cell Line,hTERT-RPE1,bidirectional,Knockout,bidirectional,17212,Olivieri M (2020),32649862,train,99,99,0,3,"Drug/Chemical response · Retinal Pigment Epithelium · PDCD10, NF2, TAOK1"
1044,U_1328_dec,decrease drug resistance,Drug / Chemical / Environmental Response, under Dexrazoxane (ICRF-187) treatment (25.0 µM),Retinal Pigment Epithelium Cell Line,hTERT-RPE1,bidirectional,Knockout,bidirectional,17246,Olivieri M (2020),32649862,train,122,122,0,3,"Drug/Chemical response · Retinal Pigment Epithelium · PDCD10, NF2, TAOK1"
1045,U_1329_dec,decrease drug resistance,Drug / Chemical / Environmental Response, under Formaldehyde treatment (63.5 µM),Retinal Pigment Epithelium Cell Line,hTERT-RPE1,bidirectional,Knockout,bidirectional,17233,Olivieri M (2020),32649862,train,73,73,0,3,"Drug/Chemical response · Retinal Pigment Epithelium · PDCD10, NF2, TAOK1"
1046,U_1330_dec,decrease resistance to the screened drug,Drug / Chemical / Environmental Response, under Phen-DC3 treatment (1.0 µM),Retinal Pigment Epithelium Cell Line,hTERT-RPE1,bidirectional,Knockout,bidirectional,17238,Olivieri M (2020),32649862,train,67,59,8,3,"Drug/Chemical response · Retinal Pigment Epithelium · PDCD10, NF2, TAOK1"
1047,U_1330_inc,increase resistance to the screened drug,Drug / Chemical / Environmental Response, under Phen-DC3 treatment (1.0 µM),Retinal Pigment Epithelium Cell Line,hTERT-RPE1,bidirectional,Knockout,bidirectional,17238,Olivieri M (2020),32649862,train,67,8,59,3,"Drug/Chemical response · Retinal Pigment Epithelium · PDCD10, NF2, TAOK1"
1048,U_1330_merged,either increases or decreases resistance to the screened drug,Drug / Chemical / Environmental Response, under Phen-DC3 treatment (1.0 µM),Retinal Pigment Epithelium Cell Line,hTERT-RPE1,Positive and Negative Selection,Knockout,bidirectional,17238,Olivieri M (2020),32649862,train,67,67,0,3,"Drug/Chemical response · Retinal Pigment Epithelium · PDCD10, NF2, TAOK1"
1049,U_1331_dec,decrease drug resistance,Drug / Chemical / Environmental Response, under Duocarmycin sa treatment (1.0 nM),Retinal Pigment Epithelium Cell Line,hTERT-RPE1,bidirectional,Knockout,bidirectional,17237,Olivieri M (2020),32649862,train,61,58,3,3,"Drug/Chemical response · Retinal Pigment Epithelium · PDCD10, NF2, TAOK1"
1050,U_1331_inc,increase drug resistance,Drug / Chemical / Environmental Response, under Duocarmycin sa treatment (1.0 nM),Retinal Pigment Epithelium Cell Line,hTERT-RPE1,bidirectional,Knockout,bidirectional,17237,Olivieri M (2020),32649862,train,61,3,58,3,"Drug/Chemical response · Retinal Pigment Epithelium · PDCD10, NF2, TAOK1"
1051,U_1331_merged,either increases or decreases drug resistance,Drug / Chemical / Environmental Response, under Duocarmycin sa treatment (1.0 nM),Retinal Pigment Epithelium Cell Line,hTERT-RPE1,Positive and Negative Selection,Knockout,bidirectional,17237,Olivieri M (2020),32649862,train,61,61,0,3,"Drug/Chemical response · Retinal Pigment Epithelium · PDCD10, NF2, TAOK1"
1052,U_1332_dec,decrease drug resistance,Drug / Chemical / Environmental Response, under Trabectedin treatment (1.0 nM),Retinal Pigment Epithelium Cell Line,hTERT-RPE1,bidirectional,Knockout,bidirectional,17240,Olivieri M (2020),32649862,train,25,8,17,3,"Drug/Chemical response · Retinal Pigment Epithelium · PDCD10, NF2, TAOK1"
1053,U_1332_inc,increase drug resistance,Drug / Chemical / Environmental Response, under Trabectedin treatment (1.0 nM),Retinal Pigment Epithelium Cell Line,hTERT-RPE1,bidirectional,Knockout,bidirectional,17240,Olivieri M (2020),32649862,train,25,17,8,3,"Drug/Chemical response · Retinal Pigment Epithelium · PDCD10, NF2, TAOK1"
1054,U_1332_merged,either increases or decreases drug resistance,Drug / Chemical / Environmental Response, under Trabectedin treatment (1.0 nM),Retinal Pigment Epithelium Cell Line,hTERT-RPE1,Positive and Negative Selection,Knockout,bidirectional,17240,Olivieri M (2020),32649862,train,25,25,0,3,"Drug/Chemical response · Retinal Pigment Epithelium · PDCD10, NF2, TAOK1"
1055,U_1333_dec,decrease drug resistance,Drug / Chemical / Environmental Response, under Calicheamicin treatment (0.5 nM),Retinal Pigment Epithelium Cell Line,hTERT-RPE1,bidirectional,Knockout,bidirectional,17239,Olivieri M (2020),32649862,train,18,14,4,3,"Drug/Chemical response · Retinal Pigment Epithelium · PDCD10, NF2, TAOK1"
1056,U_1333_inc,increase drug resistance,Drug / Chemical / Environmental Response, under Calicheamicin treatment (0.5 nM),Retinal Pigment Epithelium Cell Line,hTERT-RPE1,bidirectional,Knockout,bidirectional,17239,Olivieri M (2020),32649862,train,18,4,14,3,"Drug/Chemical response · Retinal Pigment Epithelium · PDCD10, NF2, TAOK1"
1057,U_1333_merged,either increases or decreases drug resistance,Drug / Chemical / Environmental Response, under Calicheamicin treatment (0.5 nM),Retinal Pigment Epithelium Cell Line,hTERT-RPE1,Positive and Negative Selection,Knockout,bidirectional,17239,Olivieri M (2020),32649862,train,18,18,0,3,"Drug/Chemical response · Retinal Pigment Epithelium · PDCD10, NF2, TAOK1"
1058,U_1334_dec,decrease drug resistance,Drug / Chemical / Environmental Response, under Gemcitabine treatment (3.0 nM),Retinal Pigment Epithelium Cell Line,hTERT-RPE1,bidirectional,Knockout,bidirectional,17322,Olivieri M (2020),32649862,train,68,68,0,3,"Drug/Chemical response · Retinal Pigment Epithelium · PDCD10, NF2, TAOK1"
1059,U_1335_dec,decrease drug resistance,Drug / Chemical / Environmental Response, under Illudin S treatment (30.0 nM),Retinal Pigment Epithelium Cell Line,hTERT-RPE1,bidirectional,Knockout,bidirectional,17320,Olivieri M (2020),32649862,train,127,125,2,3,"Drug/Chemical response · Retinal Pigment Epithelium · PDCD10, NF2, TAOK1"
1060,U_1335_inc,increase drug resistance,Drug / Chemical / Environmental Response, under Illudin S treatment (30.0 nM),Retinal Pigment Epithelium Cell Line,hTERT-RPE1,bidirectional,Knockout,bidirectional,17320,Olivieri M (2020),32649862,train,127,2,125,3,"Drug/Chemical response · Retinal Pigment Epithelium · PDCD10, NF2, TAOK1"
1061,U_1335_merged,either increases or decreases drug resistance,Drug / Chemical / Environmental Response, under Illudin S treatment (30.0 nM),Retinal Pigment Epithelium Cell Line,hTERT-RPE1,Positive and Negative Selection,Knockout,bidirectional,17320,Olivieri M (2020),32649862,train,127,127,0,3,"Drug/Chemical response · Retinal Pigment Epithelium · PDCD10, NF2, TAOK1"
1062,U_1336_dec,decrease drug resistance,Drug / Chemical / Environmental Response, under MLN4924 (Pevonedistat) treatment (250.0 nM),Retinal Pigment Epithelium Cell Line,hTERT-RPE1,bidirectional,Knockout,bidirectional,17320,Olivieri M (2020),32649862,train,232,214,18,3,"Drug/Chemical response · Retinal Pigment Epithelium · PDCD10, NF2, TAOK1"
1063,U_1336_inc,increase drug resistance,Drug / Chemical / Environmental Response, under MLN4924 (Pevonedistat) treatment (250.0 nM),Retinal Pigment Epithelium Cell Line,hTERT-RPE1,bidirectional,Knockout,bidirectional,17320,Olivieri M (2020),32649862,train,232,18,214,3,"Drug/Chemical response · Retinal Pigment Epithelium · PDCD10, NF2, TAOK1"
1064,U_1336_merged,either increases or decreases drug resistance,Drug / Chemical / Environmental Response, under MLN4924 (Pevonedistat) treatment (250.0 nM),Retinal Pigment Epithelium Cell Line,hTERT-RPE1,Positive and Negative Selection,Knockout,bidirectional,17320,Olivieri M (2020),32649862,train,232,232,0,3,"Drug/Chemical response · Retinal Pigment Epithelium · PDCD10, NF2, TAOK1"
1065,U_1337_dec,decrease drug resistance,Drug / Chemical / Environmental Response, under MNNG treatment (100.0 nM),Retinal Pigment Epithelium Cell Line,hTERT-RPE1,bidirectional,Knockout,bidirectional,17320,Olivieri M (2020),32649862,train,137,135,2,3,"Drug/Chemical response · Retinal Pigment Epithelium · PDCD10, NF2, TAOK1"
1066,U_1337_inc,increase drug resistance,Drug / Chemical / Environmental Response, under MNNG treatment (100.0 nM),Retinal Pigment Epithelium Cell Line,hTERT-RPE1,bidirectional,Knockout,bidirectional,17320,Olivieri M (2020),32649862,train,137,2,135,3,"Drug/Chemical response · Retinal Pigment Epithelium · PDCD10, NF2, TAOK1"
1067,U_1337_merged,either increases or decreases drug resistance,Drug / Chemical / Environmental Response, under MNNG treatment (100.0 nM),Retinal Pigment Epithelium Cell Line,hTERT-RPE1,Positive and Negative Selection,Knockout,bidirectional,17320,Olivieri M (2020),32649862,train,137,137,0,3,"Drug/Chemical response · Retinal Pigment Epithelium · PDCD10, NF2, TAOK1"
1068,U_1338_dec,decrease drug resistance,Drug / Chemical / Environmental Response, under KBrO3 treatment (500.0 µM),Retinal Pigment Epithelium Cell Line,hTERT-RPE1,bidirectional,Knockout,bidirectional,17320,Olivieri M (2020),32649862,train,175,175,0,3,"Drug/Chemical response · Retinal Pigment Epithelium · PDCD10, NF2, TAOK1"
1069,U_1339_dec,decrease resistance to the drug,Drug / Chemical / Environmental Response, under CD437 treatment (200.0 nM),Retinal Pigment Epithelium Cell Line,hTERT-RPE1,bidirectional,Knockout,bidirectional,17320,Olivieri M (2020),32649862,train,117,116,1,3,"Drug/Chemical response · Retinal Pigment Epithelium · PDCD10, NF2, TAOK1"
1070,U_1339_inc,increase resistance to the drug,Drug / Chemical / Environmental Response, under CD437 treatment (200.0 nM),Retinal Pigment Epithelium Cell Line,hTERT-RPE1,bidirectional,Knockout,bidirectional,17320,Olivieri M (2020),32649862,train,117,1,116,3,"Drug/Chemical response · Retinal Pigment Epithelium · PDCD10, NF2, TAOK1"
1071,U_1339_merged,either increases or decreases resistance to the drug,Drug / Chemical / Environmental Response, under CD437 treatment (200.0 nM),Retinal Pigment Epithelium Cell Line,hTERT-RPE1,Positive and Negative Selection,Knockout,bidirectional,17320,Olivieri M (2020),32649862,train,117,117,0,3,"Drug/Chemical response · Retinal Pigment Epithelium · PDCD10, NF2, TAOK1"
1072,U_1340_dec,decrease drug resistance,Drug / Chemical / Environmental Response, under Camptothecin-2 treatment (6.0 nM),Retinal Pigment Epithelium Cell Line,hTERT-RPE1,bidirectional,Knockout,bidirectional,17320,Olivieri M (2020),32649862,train,140,140,0,3,"Drug/Chemical response · Retinal Pigment Epithelium · PDCD10, NF2, TAOK1"
1073,U_1341_dec,decrease drug resistance,Drug / Chemical / Environmental Response, under Benzo[a]pyrene Diol Epoxide (BPDE) treatment (200.0 nM),Retinal Pigment Epithelium Cell Line,hTERT-RPE1,bidirectional,Knockout,bidirectional,17319,Olivieri M (2020),32649862,train,69,69,0,3,"Drug/Chemical response · Retinal Pigment Epithelium · PDCD10, NF2, TAOK1"
1074,U_1342_dec,decrease drug resistance,Drug / Chemical / Environmental Response, under Hydroxyurea treatment (1.5 mM),Retinal Pigment Epithelium Cell Line,hTERT-RPE1,bidirectional,Knockout,bidirectional,17319,Olivieri M (2020),32649862,train,121,120,1,3,"Drug/Chemical response · Retinal Pigment Epithelium · PDCD10, NF2, TAOK1"
1075,U_1342_inc,increase drug resistance,Drug / Chemical / Environmental Response, under Hydroxyurea treatment (1.5 mM),Retinal Pigment Epithelium Cell Line,hTERT-RPE1,bidirectional,Knockout,bidirectional,17319,Olivieri M (2020),32649862,train,121,1,120,3,"Drug/Chemical response · Retinal Pigment Epithelium · PDCD10, NF2, TAOK1"
1076,U_1342_merged,either increases or decreases drug resistance,Drug / Chemical / Environmental Response, under Hydroxyurea treatment (1.5 mM),Retinal Pigment Epithelium Cell Line,hTERT-RPE1,Positive and Negative Selection,Knockout,bidirectional,17319,Olivieri M (2020),32649862,train,121,121,0,3,"Drug/Chemical response · Retinal Pigment Epithelium · PDCD10, NF2, TAOK1"
1077,U_1343_dec,decrease drug resistance,Drug / Chemical / Environmental Response, under Pladienolide B (PladB) treatment (0.5 nM),Retinal Pigment Epithelium Cell Line,hTERT-RPE1,bidirectional,Knockout,bidirectional,17320,Olivieri M (2020),32649862,train,67,67,0,3,"Drug/Chemical response · Retinal Pigment Epithelium · PDCD10, NF2, TAOK1"
1078,1344,increases drug resistance as measured by increased cell proliferation in the presence of the drug,Drug / Chemical / Environmental Response, under M3541 (ATM inhibitor) treatment (1 µM),Non-Small Cell Lung Adenocarcinoma Cell Line,A-549,Positive Selection,Knockout,unidirectional,1210,Cai MY (2020),32075772,train,36,36,0,3,"Drug/Chemical response · Retinal Pigment Epithelium · PDCD10, NF2, TAOK1"
1079,1345,increases drug sensitivity as measured by decreased cell proliferation in the presence of the drug,Drug / Chemical / Environmental Response, under M3541 (ATM inhibitor) treatment (1 µM),Non-Small Cell Lung Adenocarcinoma Cell Line,A-549,Negative Selection,Knockout,unidirectional,1250,Cai MY (2020),32075772,train,47,47,0,3,"Drug/Chemical response · Retinal Pigment Epithelium · PDCD10, NF2, TAOK1"
1080,1346,increases drug resistance as measured by increased proliferation in the presence of the drug,Drug / Chemical / Environmental Response, under M3541 (ATM inhibitor) treatment (1.0 µM),Large Cell Lung Cancer Cell Line,NCI-H460,Positive Selection,Knockout,unidirectional,1169,Cai MY (2020),32075772,train,19,19,0,3,"Drug/Chemical response · Retinal Pigment Epithelium · PDCD10, NF2, TAOK1"
1081,1347,increases drug sensitivity as measured by decreased cell proliferation in the presence of the drug,Drug / Chemical / Environmental Response, under M3541 (ATM inhibitor) treatment (1.0 µM),Large Cell Lung Cancer Cell Line,NCI-H460,Negative Selection,Knockout,unidirectional,1087,Cai MY (2020),32075772,train,15,15,0,3,"Drug/Chemical response · Retinal Pigment Epithelium · PDCD10, NF2, TAOK1"
1082,1351,"increases resistance to the PARP inhibitor Talazoparib in RNASEH2 mutant cells, as measured by increased proliferation",Drug / Chemical / Environmental Response, under Mutation: RNASEH2A (ETG0535) KO|  Talazoparib treatment (50 nM),Retinal Pigment Epithelium Cell Line,hTERT-RPE1,Positive Selection,Knockout,unidirectional,17191,Zimmermann M (2018),29973717,train,963,963,0,0,"Drug/Chemical response · Lung Adenocarcinoma · NHEJ1, SLC35A2, SBNO2"
1083,1352,"increases resistance to the PARP inhibitor talazoparib in RNASEH2-mutant cells, as measured by increased proliferation under drug treatment",Drug / Chemical / Environmental Response, under Mutation: RNASEH2A (ETG0535) KO|Talazoparib treatment (20 nM),Cervical Adenocarcinoma Cell Line,HeLa,Positive Selection,Knockout,unidirectional,17191,Zimmermann M (2018),29973717,train,982,982,0,0,"Drug/Chemical response · Lung Adenocarcinoma · NHEJ1, SLC35A2, SBNO2"
1084,1355,increases sensitivity to asparaginase,Drug / Chemical / Environmental Response, under Aspariginase treatment (10.0 U/L),Lymphoma or Leukaemia Cell Line,CCRF-CEM,Negative Selection,Knockout,unidirectional,20484,Hinze L (2019),30991026,train,127,127,0,3,"Drug/Chemical response · Retinal Pigment Epithelium · PDCD10, NF2, TAOK1"
1085,1360,increases cisplatin sensitivity in TP53 knockout cells,Drug / Chemical / Environmental Response, under Mutation: TP53 (ETG:7157) KO|Cisplatin treatment (200 nM),Embryonic Stem Cell Line,WA09,Negative Selection,Knockout,unidirectional,18749,Liu C (2019),30862715,train,136,136,0,26,"Fitness/Viability · Cervical Adenocarcinoma · SIRT6, KDM3B, JMJD7"
1086,1361,increases drug resistance to venetoclax,Drug / Chemical / Environmental Response, under Venetoclax treatment (1.0 μmol/L),Acute Myeloid Leukemia Cell Line,MOLM-13,Positive Selection,Knockout,unidirectional,17966,Nechiporuk T (2019),31048320,train,874,874,0,0,"Drug/Chemical response · Lung Adenocarcinoma · NHEJ1, SLC35A2, SBNO2"
1087,1362,increases venetoclax resistance,Drug / Chemical / Environmental Response, under Venetoclax treatment (1.0 μmol/L),Acute Myeloid Leukemia Cell Line,MOLM-13,Positive Selection,Knockout,unidirectional,17966,Nechiporuk T (2019),31048320,train,916,916,0,0,"Drug/Chemical response · Lung Adenocarcinoma · NHEJ1, SLC35A2, SBNO2"
1088,1363,increases resistance to venetoclax,Drug / Chemical / Environmental Response, under Venetoclax treatment (1.0 μmol/L),Acute Myeloid Leukemia Cell Line,MOLM-13,Positive Selection,Knockout,unidirectional,19007,Nechiporuk T (2019),31048320,train,949,949,0,0,"Drug/Chemical response · Lung Adenocarcinoma · NHEJ1, SLC35A2, SBNO2"
1089,U_1364_dec,decrease resistance to mitochondrial inhibitors,Drug / Chemical / Environmental Response, under Antimycin treatment (100.0 nM),Chronic Myeloid Leukemia Cell Line,K-562,bidirectional,Knockout,bidirectional,11020,To TL (2019),31730859,train,40,16,24,21,"Drug/Chemical response · Chronic Myeloid Leukemia · PFKP, GOT1, G6PD"
1090,U_1364_inc,increase resistance to mitochondrial inhibitors,Drug / Chemical / Environmental Response, under Antimycin treatment (100.0 nM),Chronic Myeloid Leukemia Cell Line,K-562,bidirectional,Knockout,bidirectional,11020,To TL (2019),31730859,train,40,24,16,21,"Drug/Chemical response · Chronic Myeloid Leukemia · PFKP, GOT1, G6PD"
1091,U_1364_merged,either increases or decreases resistance to mitochondrial inhibitors,Drug / Chemical / Environmental Response, under Antimycin treatment (100.0 nM),Chronic Myeloid Leukemia Cell Line,K-562,Positive and Negative Selection,Knockout,bidirectional,11020,To TL (2019),31730859,train,40,40,0,21,"Drug/Chemical response · Chronic Myeloid Leukemia · PFKP, GOT1, G6PD"
1092,1365,impacts response to chemicals,Drug / Chemical / Environmental Response, under ONC201 (TIC10) treatment (10.0 µM),Pre-B Acute Lymphoblastic Leukemia Cell Line,NALM-6,Positive and Negative Selection,Knockout,recovered_bidirectional,18917,Jacques S (2020),32094149,train,23,23,0,9,"Fitness/Viability · Acute Myeloid Leukemia · SPDYE5, WASHC1, GOLGA8O"
1093,1366,impacts response to chemicals,Drug / Chemical / Environmental Response, under ONC212 treatment (0.15 µM),Pre-B Acute Lymphoblastic Leukemia Cell Line,NALM-6,Positive and Negative Selection,Knockout,recovered_bidirectional,18919,Jacques S (2020),32094149,train,24,24,0,9,"Fitness/Viability · Acute Myeloid Leukemia · SPDYE5, WASHC1, GOLGA8O"
1094,U_1367_dec,decrease cell proliferation under mitochondrial inhibitor treatment,Drug / Chemical / Environmental Response, under Antimycin and Oligomycin treatment (10 nM),Chronic Myeloid Leukemia Cell Line,K-562,bidirectional,Knockout,bidirectional,11020,To TL (2019),31730859,train,80,15,65,21,"Drug/Chemical response · Chronic Myeloid Leukemia · PFKP, GOT1, G6PD"
1095,U_1367_inc,increase cell proliferation under mitochondrial inhibitor treatment,Drug / Chemical / Environmental Response, under Antimycin and Oligomycin treatment (10 nM),Chronic Myeloid Leukemia Cell Line,K-562,bidirectional,Knockout,bidirectional,11020,To TL (2019),31730859,train,80,65,15,21,"Drug/Chemical response · Chronic Myeloid Leukemia · PFKP, GOT1, G6PD"
1096,U_1367_merged,either increases or decreases cell proliferation under mitochondrial inhibitor treatment,Drug / Chemical / Environmental Response, under Antimycin and Oligomycin treatment (10 nM),Chronic Myeloid Leukemia Cell Line,K-562,Positive and Negative Selection,Knockout,bidirectional,11020,To TL (2019),31730859,train,80,80,0,21,"Drug/Chemical response · Chronic Myeloid Leukemia · PFKP, GOT1, G6PD"
1097,U_1368_dec,decrease cell proliferation under mitochondrial inhibitor treatment,Drug / Chemical / Environmental Response, under Chloramphenicol treatment (10.0 µg/mL),Chronic Myeloid Leukemia Cell Line,K-562,bidirectional,Knockout,bidirectional,11020,To TL (2019),31730859,train,6,5,1,21,"Drug/Chemical response · Chronic Myeloid Leukemia · PFKP, GOT1, G6PD"
1098,U_1368_inc,increase cell proliferation under mitochondrial inhibitor treatment,Drug / Chemical / Environmental Response, under Chloramphenicol treatment (10.0 µg/mL),Chronic Myeloid Leukemia Cell Line,K-562,bidirectional,Knockout,bidirectional,11020,To TL (2019),31730859,train,6,1,5,21,"Drug/Chemical response · Chronic Myeloid Leukemia · PFKP, GOT1, G6PD"
1099,U_1368_merged,either increases or decreases cell proliferation under mitochondrial inhibitor treatment,Drug / Chemical / Environmental Response, under Chloramphenicol treatment (10.0 µg/mL),Chronic Myeloid Leukemia Cell Line,K-562,Positive and Negative Selection,Knockout,bidirectional,11020,To TL (2019),31730859,train,6,6,0,21,"Drug/Chemical response · Chronic Myeloid Leukemia · PFKP, GOT1, G6PD"
1100,U_1369_dec,decrease cell proliferation under mitochondrial inhibitor treatment,Drug / Chemical / Environmental Response, under Ethidium bromide treatment (100.0 ng/mL),Chronic Myeloid Leukemia Cell Line,K-562,bidirectional,Knockout,bidirectional,11020,To TL (2019),31730859,train,56,15,41,21,"Drug/Chemical response · Chronic Myeloid Leukemia · PFKP, GOT1, G6PD"
1101,U_1369_inc,increase cell proliferation under mitochondrial inhibitor treatment,Drug / Chemical / Environmental Response, under Ethidium bromide treatment (100.0 ng/mL),Chronic Myeloid Leukemia Cell Line,K-562,bidirectional,Knockout,bidirectional,11020,To TL (2019),31730859,train,56,41,15,21,"Drug/Chemical response · Chronic Myeloid Leukemia · PFKP, GOT1, G6PD"
1102,U_1369_merged,either increases or decreases cell proliferation under mitochondrial inhibitor treatment,Drug / Chemical / Environmental Response, under Ethidium bromide treatment (100.0 ng/mL),Chronic Myeloid Leukemia Cell Line,K-562,Positive and Negative Selection,Knockout,bidirectional,11020,To TL (2019),31730859,train,56,56,0,21,"Drug/Chemical response · Chronic Myeloid Leukemia · PFKP, GOT1, G6PD"
1103,U_1370_dec,decrease cell proliferation under mitochondrial inhibitor treatment,Drug / Chemical / Environmental Response, under Metformin treatment (10.0 mM),Chronic Myeloid Leukemia Cell Line,K-562,bidirectional,Knockout,bidirectional,11020,To TL (2019),31730859,train,12,3,9,21,"Drug/Chemical response · Chronic Myeloid Leukemia · PFKP, GOT1, G6PD"
1104,U_1370_inc,increase cell proliferation under mitochondrial inhibitor treatment,Drug / Chemical / Environmental Response, under Metformin treatment (10.0 mM),Chronic Myeloid Leukemia Cell Line,K-562,bidirectional,Knockout,bidirectional,11020,To TL (2019),31730859,train,12,9,3,21,"Drug/Chemical response · Chronic Myeloid Leukemia · PFKP, GOT1, G6PD"
1105,U_1370_merged,either increases or decreases cell proliferation under mitochondrial inhibitor treatment,Drug / Chemical / Environmental Response, under Metformin treatment (10.0 mM),Chronic Myeloid Leukemia Cell Line,K-562,Positive and Negative Selection,Knockout,bidirectional,11020,To TL (2019),31730859,train,12,12,0,21,"Drug/Chemical response · Chronic Myeloid Leukemia · PFKP, GOT1, G6PD"
1106,U_1372_dec,decrease cell proliferation under mitochondrial inhibitor treatment,Drug / Chemical / Environmental Response, under Piericidin A treatment (10.0 nM),Chronic Myeloid Leukemia Cell Line,K-562,bidirectional,Knockout,bidirectional,11020,To TL (2019),31730859,train,12,9,3,21,"Drug/Chemical response · Chronic Myeloid Leukemia · PFKP, GOT1, G6PD"
1107,U_1372_inc,increase cell proliferation under mitochondrial inhibitor treatment,Drug / Chemical / Environmental Response, under Piericidin A treatment (10.0 nM),Chronic Myeloid Leukemia Cell Line,K-562,bidirectional,Knockout,bidirectional,11020,To TL (2019),31730859,train,12,3,9,21,"Drug/Chemical response · Chronic Myeloid Leukemia · PFKP, GOT1, G6PD"
1108,U_1372_merged,either increases or decreases cell proliferation under mitochondrial inhibitor treatment,Drug / Chemical / Environmental Response, under Piericidin A treatment (10.0 nM),Chronic Myeloid Leukemia Cell Line,K-562,Positive and Negative Selection,Knockout,bidirectional,11020,To TL (2019),31730859,train,12,12,0,21,"Drug/Chemical response · Chronic Myeloid Leukemia · PFKP, GOT1, G6PD"
1109,U_1387_dec,decrease SARS-CoV-2 infectivity,Host-Pathogen / Infection Response, under Virus: SARS-CoV-2 (Severe acute respiratory syndrome coronavirus 2) treatment (0.01 MOI),Colonic Adenocarcinoma Cell Line,C2BBe1,bidirectional,Knockout,bidirectional,287,Gordon DE (2020),33060197,train,45,41,4,11,"Host-Pathogen/Infection · Lung Adenocarcinoma · ACE2, TMPRSS2, RMC1"
1110,U_1387_inc,increase SARS-CoV-2 infectivity,Host-Pathogen / Infection Response, under Virus: SARS-CoV-2 (Severe acute respiratory syndrome coronavirus 2) treatment (0.01 MOI),Colonic Adenocarcinoma Cell Line,C2BBe1,bidirectional,Knockout,bidirectional,287,Gordon DE (2020),33060197,train,45,4,41,11,"Host-Pathogen/Infection · Lung Adenocarcinoma · ACE2, TMPRSS2, RMC1"
1111,U_1387_merged,either increases or decreases SARS-CoV-2 infectivity,Host-Pathogen / Infection Response, under Virus: SARS-CoV-2 (Severe acute respiratory syndrome coronavirus 2) treatment (0.01 MOI),Colonic Adenocarcinoma Cell Line,C2BBe1,Positive and Negative Selection,Knockout,bidirectional,287,Gordon DE (2020),33060197,train,45,45,0,11,"Host-Pathogen/Infection · Lung Adenocarcinoma · ACE2, TMPRSS2, RMC1"
1112,U_1388_dec,decrease extracellular bEXOmiR abundance and activate EV production,Trafficking / Localization / Structural Phenotypes,,Chronic Myeloid Leukemia Cell Line,K-562,bidirectional,Knockout,bidirectional,2291,Lu A (2018),30556811,train,73,34,39,11,"Host-Pathogen/Infection · Lung Adenocarcinoma · ACE2, TMPRSS2, RMC1"
1113,U_1388_inc,increase extracellular bEXOmiR abundance and suppress EV production,Trafficking / Localization / Structural Phenotypes,,Chronic Myeloid Leukemia Cell Line,K-562,bidirectional,Knockout,bidirectional,2291,Lu A (2018),30556811,train,73,39,34,11,"Host-Pathogen/Infection · Lung Adenocarcinoma · ACE2, TMPRSS2, RMC1"
1114,U_1388_merged,either increases or decreases extracellular bEXOmiR abundance and activate EV production,Trafficking / Localization / Structural Phenotypes,,Chronic Myeloid Leukemia Cell Line,K-562,Phenotype Screen,Knockout,bidirectional,2291,Lu A (2018),30556811,train,73,73,0,11,"Host-Pathogen/Infection · Lung Adenocarcinoma · ACE2, TMPRSS2, RMC1"
1115,U_1389_dec,decrease extracellular bEXOmiR abundance and activate EV production,Trafficking / Localization / Structural Phenotypes,,Chronic Myeloid Leukemia Cell Line,K-562,bidirectional,Knockout,bidirectional,16980,Lu A (2018),30556811,train,575,45,530,0,"Drug/Chemical response · Lung Adenocarcinoma · NHEJ1, SLC35A2, SBNO2"
1116,U_1389_inc,increase extracellular bEXOmiR abundance and suppress EV production,Trafficking / Localization / Structural Phenotypes,,Chronic Myeloid Leukemia Cell Line,K-562,bidirectional,Knockout,bidirectional,16980,Lu A (2018),30556811,train,575,530,45,0,"Drug/Chemical response · Lung Adenocarcinoma · NHEJ1, SLC35A2, SBNO2"
1117,U_1389_merged,either increases or decreases extracellular bEXOmiR abundance and activate EV production,Trafficking / Localization / Structural Phenotypes,,Chronic Myeloid Leukemia Cell Line,K-562,Phenotype Screen,Knockout,bidirectional,16980,Lu A (2018),30556811,train,575,575,0,0,"Drug/Chemical response · Lung Adenocarcinoma · NHEJ1, SLC35A2, SBNO2"
1118,U_1392_dec,decrease venetoclax resistance,Drug / Chemical / Environmental Response, under Venetoclax treatment (2.0 µM),Acute Myeloid Leukemia Cell Line,MOLM-13,bidirectional,Knockout,bidirectional,19009,Chen X (2019),31048321,train,679,677,2,31,"Drug/Chemical response · Acute Myeloid Leukemia · TAS2R41, ZFR2, KRT26"
1119,U_1392_inc,increase venetoclax resistance,Drug / Chemical / Environmental Response, under Venetoclax treatment (2.0 µM),Acute Myeloid Leukemia Cell Line,MOLM-13,bidirectional,Knockout,bidirectional,19009,Chen X (2019),31048321,train,679,2,677,31,"Drug/Chemical response · Acute Myeloid Leukemia · TAS2R41, ZFR2, KRT26"
1120,U_1392_merged,either increases or decreases venetoclax resistance,Drug / Chemical / Environmental Response, under Venetoclax treatment (2.0 µM),Acute Myeloid Leukemia Cell Line,MOLM-13,Positive and Negative Selection,Knockout,bidirectional,19009,Chen X (2019),31048321,train,679,679,0,31,"Drug/Chemical response · Acute Myeloid Leukemia · TAS2R41, ZFR2, KRT26"
1121,U_1393_dec,decrease venetoclax resistance,Drug / Chemical / Environmental Response, under Venetoclax treatment (2.0 µM),Acute Myeloid Leukemia Cell Line,MOLM-13,bidirectional,Knockout,bidirectional,19009,Chen X (2019),31048321,train,1136,1116,20,31,"Drug/Chemical response · Acute Myeloid Leukemia · TAS2R41, ZFR2, KRT26"
1122,U_1393_inc,increase venetoclax resistance,Drug / Chemical / Environmental Response, under Venetoclax treatment (2.0 µM),Acute Myeloid Leukemia Cell Line,MOLM-13,bidirectional,Knockout,bidirectional,19009,Chen X (2019),31048321,train,1136,20,1116,31,"Drug/Chemical response · Acute Myeloid Leukemia · TAS2R41, ZFR2, KRT26"
1123,U_1393_merged,either increases or decreases venetoclax resistance,Drug / Chemical / Environmental Response, under Venetoclax treatment (2.0 µM),Acute Myeloid Leukemia Cell Line,MOLM-13,Positive and Negative Selection,Knockout,bidirectional,19009,Chen X (2019),31048321,train,1136,1136,0,31,"Drug/Chemical response · Acute Myeloid Leukemia · TAS2R41, ZFR2, KRT26"
1124,U_1396_inc,increase formaldehyde resistance,Drug / Chemical / Environmental Response, under Formaldehyde treatment (100.0 µM),Chronic Myeloid Leukemia Cell Line,K-562,bidirectional,Knockout,bidirectional,19007,Zhao Y (2020),33189395,train,901,404,497,0,"Drug/Chemical response · Lung Adenocarcinoma · NHEJ1, SLC35A2, SBNO2"
1125,U_1396_dec,decrease formaldehyde resistance,Drug / Chemical / Environmental Response, under Formaldehyde treatment (100.0 µM),Chronic Myeloid Leukemia Cell Line,K-562,bidirectional,Knockout,bidirectional,19007,Zhao Y (2020),33189395,train,901,497,404,0,"Drug/Chemical response · Lung Adenocarcinoma · NHEJ1, SLC35A2, SBNO2"
1126,U_1396_merged,either increases or decreases formaldehyde resistance,Drug / Chemical / Environmental Response, under Formaldehyde treatment (100.0 µM),Chronic Myeloid Leukemia Cell Line,K-562,Positive and Negative Selection,Knockout,bidirectional,19007,Zhao Y (2020),33189395,train,901,901,0,0,"Drug/Chemical response · Lung Adenocarcinoma · NHEJ1, SLC35A2, SBNO2"
1127,U_1397_inc,increase formaldehyde resistance,Drug / Chemical / Environmental Response, under Formaldehyde treatment (150.0 µM),Chronic Myeloid Leukemia Cell Line,K-562,bidirectional,Knockout,bidirectional,19006,Zhao Y (2020),33189395,train,969,431,538,0,"Drug/Chemical response · Lung Adenocarcinoma · NHEJ1, SLC35A2, SBNO2"
1128,U_1397_dec,decrease formaldehyde resistance,Drug / Chemical / Environmental Response, under Formaldehyde treatment (150.0 µM),Chronic Myeloid Leukemia Cell Line,K-562,bidirectional,Knockout,bidirectional,19006,Zhao Y (2020),33189395,train,969,538,431,0,"Drug/Chemical response · Lung Adenocarcinoma · NHEJ1, SLC35A2, SBNO2"
1129,U_1397_merged,either increases or decreases formaldehyde resistance,Drug / Chemical / Environmental Response, under Formaldehyde treatment (150.0 µM),Chronic Myeloid Leukemia Cell Line,K-562,Positive and Negative Selection,Knockout,bidirectional,19006,Zhao Y (2020),33189395,train,969,969,0,0,"Drug/Chemical response · Lung Adenocarcinoma · NHEJ1, SLC35A2, SBNO2"
1130,U_1423_inc,increase cellular resistance to viral infection,Host-Pathogen / Infection Response, under Virus: SARS-CoV-2 (isolate USA-WA1/2020) treatment (0.1 MOI),Lung Adenocarcinoma Cell Line,Calu-3,bidirectional,Knockout,bidirectional,32,Wei J (2020),33147444,train,9,6,3,11,"Host-Pathogen/Infection · Lung Adenocarcinoma · ACE2, TMPRSS2, RMC1"
1131,U_1423_dec,decrease cellular resistance to viral infection,Host-Pathogen / Infection Response, under Virus: SARS-CoV-2 (isolate USA-WA1/2020) treatment (0.1 MOI),Lung Adenocarcinoma Cell Line,Calu-3,bidirectional,Knockout,bidirectional,32,Wei J (2020),33147444,train,9,3,6,11,"Host-Pathogen/Infection · Lung Adenocarcinoma · ACE2, TMPRSS2, RMC1"
1132,U_1423_merged,either increases or decreases cellular resistance to viral infection,Host-Pathogen / Infection Response, under Virus: SARS-CoV-2 (isolate USA-WA1/2020) treatment (0.1 MOI),Lung Adenocarcinoma Cell Line,Calu-3,Positive and Negative Selection,Knockout,bidirectional,32,Wei J (2020),33147444,train,9,9,0,11,"Host-Pathogen/Infection · Lung Adenocarcinoma · ACE2, TMPRSS2, RMC1"
1133,1429,decreases resistance to KSHV infection as measured by decreased cell growth in latently infected cells,Host-Pathogen / Infection Response, under Virus:  Human gammaherpesvirus 8 (Kaposi's sarcoma-associated herpesvirus KSHV) treatment,microvascular endothelial cell line,TIME,Negative Selection,Knockout,unidirectional,11450,Holmes DL (2020),33122441,train,146,146,0,32,"Host-Pathogen/Infection · Huh-7 Cell · HHLA1, ABHD4, NIPAL4"
1134,1430,decreases cell viability in KSHV-latently infected cells,Host-Pathogen / Infection Response, under Virus:  Human gammaherpesvirus 8 (Kaposi's sarcoma-associated herpesvirus KSHV) treatment,microvascular endothelial cell line,TIME,Positive Selection,Knockout,unidirectional,11450,Holmes DL (2020),33122441,train,1629,1629,0,0,"Drug/Chemical response · Lung Adenocarcinoma · NHEJ1, SLC35A2, SBNO2"
1135,1431,increases resistance to viral infection,Host-Pathogen / Infection Response, under Virus: SARS-CoV-2 (isolate USA-WA1/2020) treatment (0.01 MOI),Lung Cancer Cell Line,A-549,Positive Selection,Knockout,unidirectional,18838,Daniloski Z (2020),33147445,train,995,995,0,0,"Drug/Chemical response · Lung Adenocarcinoma · NHEJ1, SLC35A2, SBNO2"
1136,1433,increases resistance to virus infection,Host-Pathogen / Infection Response, under Virus: SARS-CoV-2 (isolate USA-WA1/2020) treatment (0.3 MOI),Lung Cancer Cell Line,A-549,Positive Selection,Knockout,unidirectional,18838,Daniloski Z (2020),33147445,train,995,995,0,0,"Drug/Chemical response · Lung Adenocarcinoma · NHEJ1, SLC35A2, SBNO2"
1137,1434,increases LDLR protein accumulation as measured by fluorescent-tagged antibody,Trafficking / Localization / Structural Phenotypes,,Immortal Cell Line,SV589j,Phenotype Screen,Knockout,unidirectional,18983,Trinh MN (2020),32690708,train,935,935,0,0,"Drug/Chemical response · Lung Adenocarcinoma · NHEJ1, SLC35A2, SBNO2"
1138,U_1441_dec,decrease Cell Proliferation,Fitness / Proliferation / Viability,,Breast Cancer Cell Line,SUM149PT,bidirectional,Knockout,bidirectional,18421,Shu S (2020),32416067,train,748,710,38,14,"Fitness/Viability · Oral Squamous Cell Carcinoma · TUBB4B, LAS1L, PGK1"
1139,U_1441_inc,increase Cell Proliferation,Fitness / Proliferation / Viability,,Breast Cancer Cell Line,SUM149PT,bidirectional,Knockout,bidirectional,18421,Shu S (2020),32416067,train,748,38,710,14,"Fitness/Viability · Oral Squamous Cell Carcinoma · TUBB4B, LAS1L, PGK1"
1140,U_1441_merged,either increases or decreases Cell Proliferation,Fitness / Proliferation / Viability,,Breast Cancer Cell Line,SUM149PT,Positive and Negative Selection,Knockout,bidirectional,18421,Shu S (2020),32416067,train,748,748,0,14,"Fitness/Viability · Oral Squamous Cell Carcinoma · TUBB4B, LAS1L, PGK1"
1141,U_1442_dec,decrease cell proliferation,Fitness / Proliferation / Viability,,Breast Cancer Cell Line,SUM159PT,bidirectional,Knockout,bidirectional,18421,Shu S (2020),32416067,train,586,550,36,14,"Fitness/Viability · Oral Squamous Cell Carcinoma · TUBB4B, LAS1L, PGK1"
1142,U_1442_inc,increase cell proliferation,Fitness / Proliferation / Viability,,Breast Cancer Cell Line,SUM159PT,bidirectional,Knockout,bidirectional,18421,Shu S (2020),32416067,train,586,36,550,14,"Fitness/Viability · Oral Squamous Cell Carcinoma · TUBB4B, LAS1L, PGK1"
1143,U_1442_merged,either increases or decreases cell proliferation,Fitness / Proliferation / Viability,,Breast Cancer Cell Line,SUM159PT,Positive and Negative Selection,Knockout,bidirectional,18421,Shu S (2020),32416067,train,586,586,0,14,"Fitness/Viability · Oral Squamous Cell Carcinoma · TUBB4B, LAS1L, PGK1"
1144,U_1443_dec,decrease Cell Proliferation,Fitness / Proliferation / Viability,,Breast Cancer Cell Line,SUM159R,bidirectional,Knockout,bidirectional,18421,Shu S (2020),32416067,train,593,550,43,14,"Fitness/Viability · Oral Squamous Cell Carcinoma · TUBB4B, LAS1L, PGK1"
1145,U_1443_inc,increase Cell Proliferation,Fitness / Proliferation / Viability,,Breast Cancer Cell Line,SUM159R,bidirectional,Knockout,bidirectional,18421,Shu S (2020),32416067,train,593,43,550,14,"Fitness/Viability · Oral Squamous Cell Carcinoma · TUBB4B, LAS1L, PGK1"
1146,U_1443_merged,either increases or decreases Cell Proliferation,Fitness / Proliferation / Viability,,Breast Cancer Cell Line,SUM159R,Positive and Negative Selection,Knockout,bidirectional,18421,Shu S (2020),32416067,train,593,593,0,14,"Fitness/Viability · Oral Squamous Cell Carcinoma · TUBB4B, LAS1L, PGK1"
1147,U_1444_dec,decrease Cell Proliferation,Fitness / Proliferation / Viability,,Breast Cancer Cell Line,SUM149PT,bidirectional,Knockout,bidirectional,18421,Shu S (2020),32416067,train,444,418,26,14,"Fitness/Viability · Oral Squamous Cell Carcinoma · TUBB4B, LAS1L, PGK1"
1148,U_1444_inc,increase Cell Proliferation,Fitness / Proliferation / Viability,,Breast Cancer Cell Line,SUM149PT,bidirectional,Knockout,bidirectional,18421,Shu S (2020),32416067,train,444,26,418,14,"Fitness/Viability · Oral Squamous Cell Carcinoma · TUBB4B, LAS1L, PGK1"
1149,U_1444_merged,either increases or decreases Cell Proliferation,Fitness / Proliferation / Viability,,Breast Cancer Cell Line,SUM149PT,Positive and Negative Selection,Knockout,bidirectional,18421,Shu S (2020),32416067,train,444,444,0,14,"Fitness/Viability · Oral Squamous Cell Carcinoma · TUBB4B, LAS1L, PGK1"
1150,U_1445_dec,decrease Cell Proliferation,Drug / Chemical / Environmental Response, under JQ1 treatment (800 nM),Breast Cancer Cell Line,SUM149PT,bidirectional,Knockout,bidirectional,18421,Shu S (2020),32416067,train,214,116,98,3,"Drug/Chemical response · Retinal Pigment Epithelium · PDCD10, NF2, TAOK1"
1151,U_1445_inc,increase Cell Proliferation,Drug / Chemical / Environmental Response, under JQ1 treatment (800 nM),Breast Cancer Cell Line,SUM149PT,bidirectional,Knockout,bidirectional,18421,Shu S (2020),32416067,train,214,98,116,3,"Drug/Chemical response · Retinal Pigment Epithelium · PDCD10, NF2, TAOK1"
1152,U_1445_merged,either increases or decreases Cell Proliferation,Drug / Chemical / Environmental Response, under JQ1 treatment (800 nM),Breast Cancer Cell Line,SUM149PT,Positive and Negative Selection,Knockout,bidirectional,18421,Shu S (2020),32416067,train,214,214,0,3,"Drug/Chemical response · Retinal Pigment Epithelium · PDCD10, NF2, TAOK1"
1153,U_1446_dec,decrease Cell Proliferation,Drug / Chemical / Environmental Response, under JQ1 treatment (1 µM),Breast Cancer Cell Line,SUM159PT,bidirectional,Knockout,bidirectional,18421,Shu S (2020),32416067,train,248,157,91,3,"Drug/Chemical response · Retinal Pigment Epithelium · PDCD10, NF2, TAOK1"
1154,U_1446_inc,increase Cell Proliferation,Drug / Chemical / Environmental Response, under JQ1 treatment (1 µM),Breast Cancer Cell Line,SUM159PT,bidirectional,Knockout,bidirectional,18421,Shu S (2020),32416067,train,248,91,157,3,"Drug/Chemical response · Retinal Pigment Epithelium · PDCD10, NF2, TAOK1"
1155,U_1446_merged,either increases or decreases Cell Proliferation,Drug / Chemical / Environmental Response, under JQ1 treatment (1 µM),Breast Cancer Cell Line,SUM159PT,Positive and Negative Selection,Knockout,bidirectional,18421,Shu S (2020),32416067,train,248,248,0,3,"Drug/Chemical response · Retinal Pigment Epithelium · PDCD10, NF2, TAOK1"
1156,U_1447_dec,decrease Cell Proliferation,Drug / Chemical / Environmental Response, under JQ1 treatment (10 µM),Breast Cancer Cell Line,SUM149R,bidirectional,Knockout,bidirectional,18421,Shu S (2020),32416067,train,111,55,56,3,"Drug/Chemical response · Retinal Pigment Epithelium · PDCD10, NF2, TAOK1"
1157,U_1447_inc,increase Cell Proliferation,Drug / Chemical / Environmental Response, under JQ1 treatment (10 µM),Breast Cancer Cell Line,SUM149R,bidirectional,Knockout,bidirectional,18421,Shu S (2020),32416067,train,111,56,55,3,"Drug/Chemical response · Retinal Pigment Epithelium · PDCD10, NF2, TAOK1"
1158,U_1447_merged,either increases or decreases Cell Proliferation,Drug / Chemical / Environmental Response, under JQ1 treatment (10 µM),Breast Cancer Cell Line,SUM149R,Positive and Negative Selection,Knockout,bidirectional,18421,Shu S (2020),32416067,train,111,111,0,3,"Drug/Chemical response · Retinal Pigment Epithelium · PDCD10, NF2, TAOK1"
1159,U_1448_dec,decrease JQ1 resistance in a BBDI-resistant cell line,Drug / Chemical / Environmental Response, under JQ1 treatment (20 µM),Breast Cancer Cell Line,SUM159R,bidirectional,Knockout,bidirectional,18421,Shu S (2020),32416067,train,123,74,49,3,"Drug/Chemical response · Retinal Pigment Epithelium · PDCD10, NF2, TAOK1"
1160,U_1448_inc,increase JQ1 resistance in a BBDI-resistant cell line,Drug / Chemical / Environmental Response, under JQ1 treatment (20 µM),Breast Cancer Cell Line,SUM159R,bidirectional,Knockout,bidirectional,18421,Shu S (2020),32416067,train,123,49,74,3,"Drug/Chemical response · Retinal Pigment Epithelium · PDCD10, NF2, TAOK1"
1161,U_1448_merged,either increases or decreases JQ1 resistance in a BBDI-resistant cell line,Drug / Chemical / Environmental Response, under JQ1 treatment (20 µM),Breast Cancer Cell Line,SUM159R,Positive and Negative Selection,Knockout,bidirectional,18421,Shu S (2020),32416067,train,123,123,0,3,"Drug/Chemical response · Retinal Pigment Epithelium · PDCD10, NF2, TAOK1"
1162,1449,increases resistance to jellyfish venom as measured by increased growth in the presence of venom,Drug / Chemical / Environmental Response, under CfTX-1 (Chironex fleckeri toxin) treatment (1 µg/mL),Chronic Myelogenous Leukemia Cell Line,HAP-1,Positive Selection,Knockout,unidirectional,20663,Lau MT (2019),31040274,train,1004,1004,0,0,"Drug/Chemical response · Lung Adenocarcinoma · NHEJ1, SLC35A2, SBNO2"
1163,1451,"increases resistance to rituximab-mediated complement-dependent cytotoxicity, as measured by increased cell survival",Drug / Chemical / Environmental Response, under Rituximab treatment (10 µg/mL),Diffuse Large B-cell Lymphoma Cell,OCI-Ly7,Positive Selection,Knockout,unidirectional,18736,Thomsen EA (2020),32585766,train,44,44,0,6,"Drug/Chemical response · Retinal Pigment Epithelium · E2F7, MAPK1, STAG2"
1164,1452,increases resistance to the anti-CD20 monoclonal antibody rituximab under complement-dependent cytotoxicity conditions,Drug / Chemical / Environmental Response, under Rituximab treatment (25 µg/mL),Diffuse Large B-cell Lymphoma Cell,OCI-Ly7,Positive Selection,Knockout,unidirectional,18737,Thomsen EA (2020),32585766,train,47,47,0,6,"Drug/Chemical response · Retinal Pigment Epithelium · E2F7, MAPK1, STAG2"
1165,1453,increases sensitivity to the PRMT5 inhibitor EPZ015666,Drug / Chemical / Environmental Response, under EPZ015666 (GSK3235025) treatment (0.5 µM),Lung Cancer Cell Line,NCI-H2171,Negative Selection,Knockout,unidirectional,1117,Gao G (2019),30916320,train,8,8,0,29,"Fitness/Viability · Acute Myeloid Leukemia · TIMM50, CTDSPL2, PMM2"
1166,1454,impacts response to chemicals,Drug / Chemical / Environmental Response, under Hydrogen Peroxide (H2O2) treatment (0.5 mM),Embryonic Kidney Cell Line,HEK-293,Positive and Negative Selection,Knockout,recovered_bidirectional,13920,Li H (2021),33110234,validation,965,965,0,0,"Drug/Chemical response · Lung Adenocarcinoma · NHEJ1, SLC35A2, SBNO2"
1167,1455,increases sensitivity to Olaparib as measured by decreased cell proliferation in the presence of Olaparib,Drug / Chemical / Environmental Response, under Olaparib treatment (5 µM),Cervical Adenocarcinoma Cell Line,HeLa,Negative Selection,Knockout,unidirectional,19007,Clements KE (2020),33257658,train,960,960,0,0,"Drug/Chemical response · Lung Adenocarcinoma · NHEJ1, SLC35A2, SBNO2"
1168,1456,increases Olaparib resistance in BRCA2 knockout cells as measured by increased proliferation,Drug / Chemical / Environmental Response, under Mutation: BRCA2 (ETG675) KO | Olaparib treatment (4 µM),Cervical Adenocarcinoma Cell Line,HeLa,Positive Selection,Knockout,unidirectional,19007,Clements KE (2020),33257658,train,214,214,0,15,"Drug/Chemical response · Lung Adenocarcinoma · TBC1D3D, CHURC1-FNTB, ZNF626"
1169,1457,increases resistance to Olaparib in a BRCA2 mutant background,Drug / Chemical / Environmental Response, under Mutation: BRCA2 (ETG675) KO | Olaparib treatment (4 µM),Cervical Adenocarcinoma Cell Line,HeLa,Positive Selection,Activation,unidirectional,18755,Clements KE (2020),33257658,train,4,4,0,6,"Drug/Chemical response · Retinal Pigment Epithelium · E2F7, MAPK1, STAG2"
1170,1458,decreases cell proliferation,Fitness / Proliferation / Viability,,Chronic Myelogenous Leukemia Cell Line,HAP-1,Negative Selection,Knockout,unidirectional,18320,Henkel L (2020),33228647,train,1937,1937,0,9,"Fitness/Viability · Acute Myeloid Leukemia · SPDYE5, WASHC1, GOLGA8O"
1171,1459,decreases cell proliferation,Fitness / Proliferation / Viability,,Chronic Myelogenous Leukemia Cell Line,HAP-1,Negative Selection,Knockout,unidirectional,18320,Henkel L (2020),33228647,train,1924,1924,0,9,"Fitness/Viability · Acute Myeloid Leukemia · SPDYE5, WASHC1, GOLGA8O"
1172,1461,increases ERAD substrate accumulation (GFP-tagged CYP51A1TM reporter),Trafficking / Localization / Structural Phenotypes,,Embryonic Kidney Cell Line,HEK293T,Phenotype Screen,Knockout,unidirectional,17987,van de Weijer ML (2020),32738194,train,16,16,0,4,"Drug/Chemical response · Chronic Myelogenous Leukemia · FBXW7, STUB1, RNF7"
1173,U_1471_dec,decrease resistance to the specified drug,Drug / Chemical / Environmental Response, under Pictilisib treatment (500 nM),Chronic Myelogenous Leukemia Cell Line,HAP-1,bidirectional,Knockout,bidirectional,681,Hundley FV (2021),33539788,validation,16,9,7,4,"Drug/Chemical response · Chronic Myelogenous Leukemia · FBXW7, STUB1, RNF7"
1174,U_1471_inc,increase resistance to the specified drug,Drug / Chemical / Environmental Response, under Pictilisib treatment (500 nM),Chronic Myelogenous Leukemia Cell Line,HAP-1,bidirectional,Knockout,bidirectional,681,Hundley FV (2021),33539788,validation,16,7,9,4,"Drug/Chemical response · Chronic Myelogenous Leukemia · FBXW7, STUB1, RNF7"
1175,U_1471_merged,either increases or decreases resistance to the specified drug,Drug / Chemical / Environmental Response, under Pictilisib treatment (500 nM),Chronic Myelogenous Leukemia Cell Line,HAP-1,Positive and Negative Selection,Knockout,bidirectional,681,Hundley FV (2021),33539788,validation,16,16,0,4,"Drug/Chemical response · Chronic Myelogenous Leukemia · FBXW7, STUB1, RNF7"
1176,U_1472_dec,decrease drug resistance to the specified drug,Drug / Chemical / Environmental Response, under Palbociclib treatment (1.5 µM),Chronic Myelogenous Leukemia Cell Line,HAP-1,bidirectional,Knockout,bidirectional,681,Hundley FV (2021),33539788,validation,22,7,15,4,"Drug/Chemical response · Chronic Myelogenous Leukemia · FBXW7, STUB1, RNF7"
1177,U_1472_inc,increase drug resistance to the specified drug,Drug / Chemical / Environmental Response, under Palbociclib treatment (1.5 µM),Chronic Myelogenous Leukemia Cell Line,HAP-1,bidirectional,Knockout,bidirectional,681,Hundley FV (2021),33539788,validation,22,15,7,4,"Drug/Chemical response · Chronic Myelogenous Leukemia · FBXW7, STUB1, RNF7"
1178,U_1472_merged,either increases or decreases drug resistance to the specified drug,Drug / Chemical / Environmental Response, under Palbociclib treatment (1.5 µM),Chronic Myelogenous Leukemia Cell Line,HAP-1,Positive and Negative Selection,Knockout,bidirectional,681,Hundley FV (2021),33539788,validation,22,22,0,4,"Drug/Chemical response · Chronic Myelogenous Leukemia · FBXW7, STUB1, RNF7"
1179,U_1473_dec,decrease resistance to the specified drug,Drug / Chemical / Environmental Response, under Ribociclib treatment (2.5 µM),Chronic Myelogenous Leukemia Cell Line,HAP-1,bidirectional,Knockout,bidirectional,681,Hundley FV (2021),33539788,validation,11,4,7,4,"Drug/Chemical response · Chronic Myelogenous Leukemia · FBXW7, STUB1, RNF7"
1180,U_1473_inc,increase resistance to the specified drug,Drug / Chemical / Environmental Response, under Ribociclib treatment (2.5 µM),Chronic Myelogenous Leukemia Cell Line,HAP-1,bidirectional,Knockout,bidirectional,681,Hundley FV (2021),33539788,validation,11,7,4,4,"Drug/Chemical response · Chronic Myelogenous Leukemia · FBXW7, STUB1, RNF7"
1181,U_1473_merged,either increases or decreases resistance to the specified drug,Drug / Chemical / Environmental Response, under Ribociclib treatment (2.5 µM),Chronic Myelogenous Leukemia Cell Line,HAP-1,Positive and Negative Selection,Knockout,bidirectional,681,Hundley FV (2021),33539788,validation,11,11,0,4,"Drug/Chemical response · Chronic Myelogenous Leukemia · FBXW7, STUB1, RNF7"
1182,U_1474_dec,decrease resistance to the specified drug,Drug / Chemical / Environmental Response, under Ipatasertib treatment (1 µM),Chronic Myelogenous Leukemia Cell Line,HAP-1,bidirectional,Knockout,bidirectional,681,Hundley FV (2021),33539788,validation,7,5,2,4,"Drug/Chemical response · Chronic Myelogenous Leukemia · FBXW7, STUB1, RNF7"
1183,U_1474_inc,increase resistance to the specified drug,Drug / Chemical / Environmental Response, under Ipatasertib treatment (1 µM),Chronic Myelogenous Leukemia Cell Line,HAP-1,bidirectional,Knockout,bidirectional,681,Hundley FV (2021),33539788,validation,7,2,5,4,"Drug/Chemical response · Chronic Myelogenous Leukemia · FBXW7, STUB1, RNF7"
1184,U_1474_merged,either increases or decreases resistance to the specified drug,Drug / Chemical / Environmental Response, under Ipatasertib treatment (1 µM),Chronic Myelogenous Leukemia Cell Line,HAP-1,Positive and Negative Selection,Knockout,bidirectional,681,Hundley FV (2021),33539788,validation,7,7,0,4,"Drug/Chemical response · Chronic Myelogenous Leukemia · FBXW7, STUB1, RNF7"
1185,U_1475_dec,decrease resistance to the specified drug,Drug / Chemical / Environmental Response, under Methyl methanesulfonate (MMS) treatment (88.5 µM),Chronic Myelogenous Leukemia Cell Line,HAP-1,bidirectional,Knockout,bidirectional,681,Hundley FV (2021),33539788,validation,7,6,1,4,"Drug/Chemical response · Chronic Myelogenous Leukemia · FBXW7, STUB1, RNF7"
1186,U_1475_inc,increase resistance to the specified drug,Drug / Chemical / Environmental Response, under Methyl methanesulfonate (MMS) treatment (88.5 µM),Chronic Myelogenous Leukemia Cell Line,HAP-1,bidirectional,Knockout,bidirectional,681,Hundley FV (2021),33539788,validation,7,1,6,4,"Drug/Chemical response · Chronic Myelogenous Leukemia · FBXW7, STUB1, RNF7"
1187,U_1475_merged,either increases or decreases resistance to the specified drug,Drug / Chemical / Environmental Response, under Methyl methanesulfonate (MMS) treatment (88.5 µM),Chronic Myelogenous Leukemia Cell Line,HAP-1,Positive and Negative Selection,Knockout,bidirectional,681,Hundley FV (2021),33539788,validation,7,7,0,4,"Drug/Chemical response · Chronic Myelogenous Leukemia · FBXW7, STUB1, RNF7"
1188,U_1476_dec,decrease resistance to the specified DNA-damaging drug,Drug / Chemical / Environmental Response, under Camptothecin treatment (1 nM),Chronic Myelogenous Leukemia Cell Line,HAP-1,bidirectional,Knockout,bidirectional,681,Hundley FV (2021),33539788,validation,18,15,3,4,"Drug/Chemical response · Chronic Myelogenous Leukemia · FBXW7, STUB1, RNF7"
1189,U_1476_inc,increase resistance to the specified DNA-damaging drug,Drug / Chemical / Environmental Response, under Camptothecin treatment (1 nM),Chronic Myelogenous Leukemia Cell Line,HAP-1,bidirectional,Knockout,bidirectional,681,Hundley FV (2021),33539788,validation,18,3,15,4,"Drug/Chemical response · Chronic Myelogenous Leukemia · FBXW7, STUB1, RNF7"
1190,U_1476_merged,either increases or decreases resistance to the specified DNA-damaging drug,Drug / Chemical / Environmental Response, under Camptothecin treatment (1 nM),Chronic Myelogenous Leukemia Cell Line,HAP-1,Positive and Negative Selection,Knockout,bidirectional,681,Hundley FV (2021),33539788,validation,18,18,0,4,"Drug/Chemical response · Chronic Myelogenous Leukemia · FBXW7, STUB1, RNF7"
1191,U_1477_dec,decrease drug resistance to the specified drug,Drug / Chemical / Environmental Response, under Cisplatin treatment (200 nM),Chronic Myelogenous Leukemia Cell Line,HAP-1,bidirectional,Knockout,bidirectional,681,Hundley FV (2021),33539788,validation,6,6,0,4,"Drug/Chemical response · Chronic Myelogenous Leukemia · FBXW7, STUB1, RNF7"
1192,U_1478_dec,decrease resistance to the specified drug,Drug / Chemical / Environmental Response, under Bleocin treatment (20 ng/mL),Chronic Myelogenous Leukemia Cell Line,HAP-1,bidirectional,Knockout,bidirectional,681,Hundley FV (2021),33539788,validation,1,1,0,4,"Drug/Chemical response · Chronic Myelogenous Leukemia · FBXW7, STUB1, RNF7"
1193,1479,increases resistance to Salmonella-induced cytotoxicity as measured by improved growth in the presence of Salmonella enterica serovar Typhimurium,Host-Pathogen / Infection Response, under Salmonella enterica serovar Typhimurium treatment (300.0 MOI),Colonic Adenocarcinoma Cell Line,HT-29,Positive Selection,Knockout,unidirectional,18376,Zhang H (2020),33172989,train,154,154,0,10,"Host-Pathogen/Infection · Cervical Adenocarcinoma · JAK2, STAT1, B2M"
1194,1480,increases resistance to Salmonella-induced cytotoxicity as measured by improved cell growth in the presence of Salmonella enterica serovar Typhimurium,Host-Pathogen / Infection Response, under Salmonella enterica serovar Typhimurium treatment (300.0 MOI),Colonic Adenocarcinoma Cell Line,HT-29,Positive Selection,Knockout,unidirectional,18376,Zhang H (2020),33172989,train,147,147,0,10,"Host-Pathogen/Infection · Cervical Adenocarcinoma · JAK2, STAT1, B2M"
1195,U_1491_dec,decrease drug resistance to the specified drug,Drug / Chemical / Environmental Response, under Flavopiridol treatment (185 nM),Chronic Myelogenous Leukemia Cell Line,HAP-1,bidirectional,Knockout,bidirectional,681,Hundley FV (2021),33539788,validation,17,11,6,4,"Drug/Chemical response · Chronic Myelogenous Leukemia · FBXW7, STUB1, RNF7"
1196,U_1491_inc,increase drug resistance to the specified drug,Drug / Chemical / Environmental Response, under Flavopiridol treatment (185 nM),Chronic Myelogenous Leukemia Cell Line,HAP-1,bidirectional,Knockout,bidirectional,681,Hundley FV (2021),33539788,validation,17,6,11,4,"Drug/Chemical response · Chronic Myelogenous Leukemia · FBXW7, STUB1, RNF7"
1197,U_1491_merged,either increases or decreases drug resistance to the specified drug,Drug / Chemical / Environmental Response, under Flavopiridol treatment (185 nM),Chronic Myelogenous Leukemia Cell Line,HAP-1,Positive and Negative Selection,Knockout,bidirectional,681,Hundley FV (2021),33539788,validation,17,17,0,4,"Drug/Chemical response · Chronic Myelogenous Leukemia · FBXW7, STUB1, RNF7"
1198,U_1492_dec,decrease drug resistance to the specified drug,Drug / Chemical / Environmental Response, under Pladienolide B (PladB) treatment (10 nM),Chronic Myelogenous Leukemia Cell Line,HAP-1,bidirectional,Knockout,bidirectional,681,Hundley FV (2021),33539788,validation,18,9,9,4,"Drug/Chemical response · Chronic Myelogenous Leukemia · FBXW7, STUB1, RNF7"
1199,U_1492_inc,increase drug resistance to the specified drug,Drug / Chemical / Environmental Response, under Pladienolide B (PladB) treatment (10 nM),Chronic Myelogenous Leukemia Cell Line,HAP-1,bidirectional,Knockout,bidirectional,681,Hundley FV (2021),33539788,validation,18,9,9,4,"Drug/Chemical response · Chronic Myelogenous Leukemia · FBXW7, STUB1, RNF7"
1200,U_1492_merged,either increases or decreases drug resistance to the specified drug,Drug / Chemical / Environmental Response, under Pladienolide B (PladB) treatment (10 nM),Chronic Myelogenous Leukemia Cell Line,HAP-1,Positive and Negative Selection,Knockout,bidirectional,681,Hundley FV (2021),33539788,validation,18,18,0,4,"Drug/Chemical response · Chronic Myelogenous Leukemia · FBXW7, STUB1, RNF7"
1201,U_1493_dec,decrease drug resistance to the specified drug,Drug / Chemical / Environmental Response, under Nicotinamide treatment (12 mM),Chronic Myelogenous Leukemia Cell Line,HAP-1,bidirectional,Knockout,bidirectional,681,Hundley FV (2021),33539788,validation,6,5,1,4,"Drug/Chemical response · Chronic Myelogenous Leukemia · FBXW7, STUB1, RNF7"
1202,U_1493_inc,increase drug resistance to the specified drug,Drug / Chemical / Environmental Response, under Nicotinamide treatment (12 mM),Chronic Myelogenous Leukemia Cell Line,HAP-1,bidirectional,Knockout,bidirectional,681,Hundley FV (2021),33539788,validation,6,1,5,4,"Drug/Chemical response · Chronic Myelogenous Leukemia · FBXW7, STUB1, RNF7"
1203,U_1493_merged,either increases or decreases drug resistance to the specified drug,Drug / Chemical / Environmental Response, under Nicotinamide treatment (12 mM),Chronic Myelogenous Leukemia Cell Line,HAP-1,Positive and Negative Selection,Knockout,bidirectional,681,Hundley FV (2021),33539788,validation,6,6,0,4,"Drug/Chemical response · Chronic Myelogenous Leukemia · FBXW7, STUB1, RNF7"
1204,U_1494_dec,decrease resistance to the specified drug,Drug / Chemical / Environmental Response, under Vorinostat/SAHA treatment (0.9 µM),Chronic Myelogenous Leukemia Cell Line,HAP-1,bidirectional,Knockout,bidirectional,681,Hundley FV (2021),33539788,validation,3,1,2,4,"Drug/Chemical response · Chronic Myelogenous Leukemia · FBXW7, STUB1, RNF7"
1205,U_1494_inc,increase resistance to the specified drug,Drug / Chemical / Environmental Response, under Vorinostat/SAHA treatment (0.9 µM),Chronic Myelogenous Leukemia Cell Line,HAP-1,bidirectional,Knockout,bidirectional,681,Hundley FV (2021),33539788,validation,3,2,1,4,"Drug/Chemical response · Chronic Myelogenous Leukemia · FBXW7, STUB1, RNF7"
1206,U_1494_merged,either increases or decreases resistance to the specified drug,Drug / Chemical / Environmental Response, under Vorinostat/SAHA treatment (0.9 µM),Chronic Myelogenous Leukemia Cell Line,HAP-1,Positive and Negative Selection,Knockout,bidirectional,681,Hundley FV (2021),33539788,validation,3,3,0,4,"Drug/Chemical response · Chronic Myelogenous Leukemia · FBXW7, STUB1, RNF7"
1207,U_1495_dec,decrease resistance to the specified drug,Drug / Chemical / Environmental Response, under BI-2536 treatment (8 nM),Chronic Myelogenous Leukemia Cell Line,HAP-1,bidirectional,Knockout,bidirectional,681,Hundley FV (2021),33539788,validation,62,39,23,4,"Drug/Chemical response · Chronic Myelogenous Leukemia · FBXW7, STUB1, RNF7"
1208,U_1495_inc,increase resistance to the specified drug,Drug / Chemical / Environmental Response, under BI-2536 treatment (8 nM),Chronic Myelogenous Leukemia Cell Line,HAP-1,bidirectional,Knockout,bidirectional,681,Hundley FV (2021),33539788,validation,62,23,39,4,"Drug/Chemical response · Chronic Myelogenous Leukemia · FBXW7, STUB1, RNF7"
1209,U_1495_merged,either increases or decreases resistance to the specified drug,Drug / Chemical / Environmental Response, under BI-2536 treatment (8 nM),Chronic Myelogenous Leukemia Cell Line,HAP-1,Positive and Negative Selection,Knockout,bidirectional,681,Hundley FV (2021),33539788,validation,62,62,0,4,"Drug/Chemical response · Chronic Myelogenous Leukemia · FBXW7, STUB1, RNF7"
1210,U_1496_dec,decrease resistance to the specified drug,Drug / Chemical / Environmental Response, under Colchicine treatment (15 nM),Chronic Myelogenous Leukemia Cell Line,HAP-1,bidirectional,Knockout,bidirectional,681,Hundley FV (2021),33539788,validation,34,24,10,4,"Drug/Chemical response · Chronic Myelogenous Leukemia · FBXW7, STUB1, RNF7"
1211,U_1496_inc,increase resistance to the specified drug,Drug / Chemical / Environmental Response, under Colchicine treatment (15 nM),Chronic Myelogenous Leukemia Cell Line,HAP-1,bidirectional,Knockout,bidirectional,681,Hundley FV (2021),33539788,validation,34,10,24,4,"Drug/Chemical response · Chronic Myelogenous Leukemia · FBXW7, STUB1, RNF7"
1212,U_1496_merged,either increases or decreases resistance to the specified drug,Drug / Chemical / Environmental Response, under Colchicine treatment (15 nM),Chronic Myelogenous Leukemia Cell Line,HAP-1,Positive and Negative Selection,Knockout,bidirectional,681,Hundley FV (2021),33539788,validation,34,34,0,4,"Drug/Chemical response · Chronic Myelogenous Leukemia · FBXW7, STUB1, RNF7"
1213,U_1497_dec,decrease drug resistance,Drug / Chemical / Environmental Response, under TAK-901 treatment (200 nM),Chronic Myelogenous Leukemia Cell Line,HAP-1,bidirectional,Knockout,bidirectional,681,Hundley FV (2021),33539788,validation,16,8,8,4,"Drug/Chemical response · Chronic Myelogenous Leukemia · FBXW7, STUB1, RNF7"
1214,U_1497_inc,increase drug resistance,Drug / Chemical / Environmental Response, under TAK-901 treatment (200 nM),Chronic Myelogenous Leukemia Cell Line,HAP-1,bidirectional,Knockout,bidirectional,681,Hundley FV (2021),33539788,validation,16,8,8,4,"Drug/Chemical response · Chronic Myelogenous Leukemia · FBXW7, STUB1, RNF7"
1215,U_1497_merged,either increases or decreases drug resistance,Drug / Chemical / Environmental Response, under TAK-901 treatment (200 nM),Chronic Myelogenous Leukemia Cell Line,HAP-1,Positive and Negative Selection,Knockout,bidirectional,681,Hundley FV (2021),33539788,validation,16,16,0,4,"Drug/Chemical response · Chronic Myelogenous Leukemia · FBXW7, STUB1, RNF7"
1216,U_1498_dec,decrease resistance to the specified drug,Drug / Chemical / Environmental Response, under Paclitaxel (Taxol) treatment (25 nM),Chronic Myelogenous Leukemia Cell Line,HAP-1,bidirectional,Knockout,bidirectional,681,Hundley FV (2021),33539788,validation,1,1,0,4,"Drug/Chemical response · Chronic Myelogenous Leukemia · FBXW7, STUB1, RNF7"
1217,U_1499_dec,decrease resistance to the specified drug,Drug / Chemical / Environmental Response, under RO-3306 treatment (1.5 µM),Chronic Myelogenous Leukemia Cell Line,HAP-1,bidirectional,Knockout,bidirectional,681,Hundley FV (2021),33539788,validation,1,1,0,9,"Fitness/Viability · Acute Myeloid Leukemia · SPDYE5, WASHC1, GOLGA8O"
1218,U_1500_dec,decrease resistance to the specified drug,Drug / Chemical / Environmental Response, under JG-231 treatment (1.5 µM),Chronic Myelogenous Leukemia Cell Line,HAP-1,bidirectional,Knockout,bidirectional,681,Hundley FV (2021),33539788,validation,34,24,10,4,"Drug/Chemical response · Chronic Myelogenous Leukemia · FBXW7, STUB1, RNF7"
1219,U_1500_inc,increase resistance to the specified drug,Drug / Chemical / Environmental Response, under JG-231 treatment (1.5 µM),Chronic Myelogenous Leukemia Cell Line,HAP-1,bidirectional,Knockout,bidirectional,681,Hundley FV (2021),33539788,validation,34,10,24,4,"Drug/Chemical response · Chronic Myelogenous Leukemia · FBXW7, STUB1, RNF7"
1220,U_1500_merged,either increases or decreases resistance to the specified drug,Drug / Chemical / Environmental Response, under JG-231 treatment (1.5 µM),Chronic Myelogenous Leukemia Cell Line,HAP-1,Positive and Negative Selection,Knockout,bidirectional,681,Hundley FV (2021),33539788,validation,34,34,0,4,"Drug/Chemical response · Chronic Myelogenous Leukemia · FBXW7, STUB1, RNF7"
1221,U_1501_dec,decrease resistance to the specified drug,Drug / Chemical / Environmental Response, under 17-AAG/Tanespimycin treatment (500 nM),Chronic Myelogenous Leukemia Cell Line,HAP-1,bidirectional,Knockout,bidirectional,681,Hundley FV (2021),33539788,validation,16,13,3,4,"Drug/Chemical response · Chronic Myelogenous Leukemia · FBXW7, STUB1, RNF7"
1222,U_1501_inc,increase resistance to the specified drug,Drug / Chemical / Environmental Response, under 17-AAG/Tanespimycin treatment (500 nM),Chronic Myelogenous Leukemia Cell Line,HAP-1,bidirectional,Knockout,bidirectional,681,Hundley FV (2021),33539788,validation,16,3,13,4,"Drug/Chemical response · Chronic Myelogenous Leukemia · FBXW7, STUB1, RNF7"
1223,U_1501_merged,either increases or decreases resistance to the specified drug,Drug / Chemical / Environmental Response, under 17-AAG/Tanespimycin treatment (500 nM),Chronic Myelogenous Leukemia Cell Line,HAP-1,Positive and Negative Selection,Knockout,bidirectional,681,Hundley FV (2021),33539788,validation,16,16,0,4,"Drug/Chemical response · Chronic Myelogenous Leukemia · FBXW7, STUB1, RNF7"
1224,U_1502_dec,decrease resistance to the specified drug,Drug / Chemical / Environmental Response, under CB-5083 treatment (300 nM),Chronic Myelogenous Leukemia Cell Line,HAP-1,bidirectional,Knockout,bidirectional,681,Hundley FV (2021),33539788,validation,5,3,2,4,"Drug/Chemical response · Chronic Myelogenous Leukemia · FBXW7, STUB1, RNF7"
1225,U_1502_inc,increase resistance to the specified drug,Drug / Chemical / Environmental Response, under CB-5083 treatment (300 nM),Chronic Myelogenous Leukemia Cell Line,HAP-1,bidirectional,Knockout,bidirectional,681,Hundley FV (2021),33539788,validation,5,2,3,4,"Drug/Chemical response · Chronic Myelogenous Leukemia · FBXW7, STUB1, RNF7"
1226,U_1502_merged,either increases or decreases resistance to the specified drug,Drug / Chemical / Environmental Response, under CB-5083 treatment (300 nM),Chronic Myelogenous Leukemia Cell Line,HAP-1,Positive and Negative Selection,Knockout,bidirectional,681,Hundley FV (2021),33539788,validation,5,5,0,4,"Drug/Chemical response · Chronic Myelogenous Leukemia · FBXW7, STUB1, RNF7"
1227,U_1503_dec,decrease resistance to the specified drug,Drug / Chemical / Environmental Response, under Pravastatin Sodium treatment (0.8 nM),Chronic Myelogenous Leukemia Cell Line,HAP-1,bidirectional,Knockout,bidirectional,681,Hundley FV (2021),33539788,validation,26,11,15,4,"Drug/Chemical response · Chronic Myelogenous Leukemia · FBXW7, STUB1, RNF7"
1228,U_1503_inc,increase resistance to the specified drug,Drug / Chemical / Environmental Response, under Pravastatin Sodium treatment (0.8 nM),Chronic Myelogenous Leukemia Cell Line,HAP-1,bidirectional,Knockout,bidirectional,681,Hundley FV (2021),33539788,validation,26,15,11,4,"Drug/Chemical response · Chronic Myelogenous Leukemia · FBXW7, STUB1, RNF7"
1229,U_1503_merged,either increases or decreases resistance to the specified drug,Drug / Chemical / Environmental Response, under Pravastatin Sodium treatment (0.8 nM),Chronic Myelogenous Leukemia Cell Line,HAP-1,Positive and Negative Selection,Knockout,bidirectional,681,Hundley FV (2021),33539788,validation,26,26,0,4,"Drug/Chemical response · Chronic Myelogenous Leukemia · FBXW7, STUB1, RNF7"
1230,U_1504_dec,decrease resistance to the specified drug,Drug / Chemical / Environmental Response, under Dichloroacetic acid (DCA) treatment (7.5 mM),Chronic Myelogenous Leukemia Cell Line,HAP-1,bidirectional,Knockout,bidirectional,681,Hundley FV (2021),33539788,validation,11,7,4,4,"Drug/Chemical response · Chronic Myelogenous Leukemia · FBXW7, STUB1, RNF7"
1231,U_1504_inc,increase resistance to the specified drug,Drug / Chemical / Environmental Response, under Dichloroacetic acid (DCA) treatment (7.5 mM),Chronic Myelogenous Leukemia Cell Line,HAP-1,bidirectional,Knockout,bidirectional,681,Hundley FV (2021),33539788,validation,11,4,7,4,"Drug/Chemical response · Chronic Myelogenous Leukemia · FBXW7, STUB1, RNF7"
1232,U_1504_merged,either increases or decreases resistance to the specified drug,Drug / Chemical / Environmental Response, under Dichloroacetic acid (DCA) treatment (7.5 mM),Chronic Myelogenous Leukemia Cell Line,HAP-1,Positive and Negative Selection,Knockout,bidirectional,681,Hundley FV (2021),33539788,validation,11,11,0,4,"Drug/Chemical response · Chronic Myelogenous Leukemia · FBXW7, STUB1, RNF7"
1233,U_1505_dec,decrease drug resistance to the specified drug,Drug / Chemical / Environmental Response, under Brefeldin A treatment (80 nM),Chronic Myelogenous Leukemia Cell Line,HAP-1,bidirectional,Knockout,bidirectional,681,Hundley FV (2021),33539788,validation,22,10,12,4,"Drug/Chemical response · Chronic Myelogenous Leukemia · FBXW7, STUB1, RNF7"
1234,U_1505_inc,increase drug resistance to the specified drug,Drug / Chemical / Environmental Response, under Brefeldin A treatment (80 nM),Chronic Myelogenous Leukemia Cell Line,HAP-1,bidirectional,Knockout,bidirectional,681,Hundley FV (2021),33539788,validation,22,12,10,4,"Drug/Chemical response · Chronic Myelogenous Leukemia · FBXW7, STUB1, RNF7"
1235,U_1505_merged,either increases or decreases drug resistance to the specified drug,Drug / Chemical / Environmental Response, under Brefeldin A treatment (80 nM),Chronic Myelogenous Leukemia Cell Line,HAP-1,Positive and Negative Selection,Knockout,bidirectional,681,Hundley FV (2021),33539788,validation,22,22,0,4,"Drug/Chemical response · Chronic Myelogenous Leukemia · FBXW7, STUB1, RNF7"
1236,U_1506_dec,decrease resistance to the specified drug,Drug / Chemical / Environmental Response, under Leptomycin B treatment (1.4 nM),Chronic Myelogenous Leukemia Cell Line,HAP-1,bidirectional,Knockout,bidirectional,681,Hundley FV (2021),33539788,validation,3,3,0,4,"Drug/Chemical response · Chronic Myelogenous Leukemia · FBXW7, STUB1, RNF7"
1237,U_1507_dec,decrease drug resistance to the specified drug,Drug / Chemical / Environmental Response, under 2-Thenoyltrifluoroacetone (TTFA) treatment (15 µM),Chronic Myelogenous Leukemia Cell Line,HAP-1,bidirectional,Knockout,bidirectional,681,Hundley FV (2021),33539788,validation,45,14,31,4,"Drug/Chemical response · Chronic Myelogenous Leukemia · FBXW7, STUB1, RNF7"
1238,U_1507_inc,increase drug resistance to the specified drug,Drug / Chemical / Environmental Response, under 2-Thenoyltrifluoroacetone (TTFA) treatment (15 µM),Chronic Myelogenous Leukemia Cell Line,HAP-1,bidirectional,Knockout,bidirectional,681,Hundley FV (2021),33539788,validation,45,31,14,4,"Drug/Chemical response · Chronic Myelogenous Leukemia · FBXW7, STUB1, RNF7"
1239,U_1507_merged,either increases or decreases drug resistance to the specified drug,Drug / Chemical / Environmental Response, under 2-Thenoyltrifluoroacetone (TTFA) treatment (15 µM),Chronic Myelogenous Leukemia Cell Line,HAP-1,Positive and Negative Selection,Knockout,bidirectional,681,Hundley FV (2021),33539788,validation,45,45,0,4,"Drug/Chemical response · Chronic Myelogenous Leukemia · FBXW7, STUB1, RNF7"
1240,U_1508_inc,increase drug sensitivity),Drug / Chemical / Environmental Response, under BAPTA-AM treatment (9 µM),Chronic Myelogenous Leukemia Cell Line,HAP-1,bidirectional,Knockout,bidirectional,681,Hundley FV (2021),33539788,validation,9,5,4,4,"Drug/Chemical response · Chronic Myelogenous Leukemia · FBXW7, STUB1, RNF7"
1241,U_1508_dec,increase resistance to the specified drug (decrease drug sensitivity),Drug / Chemical / Environmental Response, under BAPTA-AM treatment (9 µM),Chronic Myelogenous Leukemia Cell Line,HAP-1,bidirectional,Knockout,bidirectional,681,Hundley FV (2021),33539788,validation,9,4,5,4,"Drug/Chemical response · Chronic Myelogenous Leukemia · FBXW7, STUB1, RNF7"
1242,U_1508_merged,either increases or decreases drug sensitivity),Drug / Chemical / Environmental Response, under BAPTA-AM treatment (9 µM),Chronic Myelogenous Leukemia Cell Line,HAP-1,Positive and Negative Selection,Knockout,bidirectional,681,Hundley FV (2021),33539788,validation,9,9,0,4,"Drug/Chemical response · Chronic Myelogenous Leukemia · FBXW7, STUB1, RNF7"
1243,U_1509_dec,decrease resistance to the specified drug,Drug / Chemical / Environmental Response, under Imatinib mesylate treatment (35 µM),Chronic Myelogenous Leukemia Cell Line,HAP-1,bidirectional,Knockout,bidirectional,681,Hundley FV (2021),33539788,validation,4,3,1,4,"Drug/Chemical response · Chronic Myelogenous Leukemia · FBXW7, STUB1, RNF7"
1244,U_1509_inc,increase resistance to the specified drug,Drug / Chemical / Environmental Response, under Imatinib mesylate treatment (35 µM),Chronic Myelogenous Leukemia Cell Line,HAP-1,bidirectional,Knockout,bidirectional,681,Hundley FV (2021),33539788,validation,4,1,3,4,"Drug/Chemical response · Chronic Myelogenous Leukemia · FBXW7, STUB1, RNF7"
1245,U_1509_merged,either increases or decreases resistance to the specified drug,Drug / Chemical / Environmental Response, under Imatinib mesylate treatment (35 µM),Chronic Myelogenous Leukemia Cell Line,HAP-1,Positive and Negative Selection,Knockout,bidirectional,681,Hundley FV (2021),33539788,validation,4,4,0,4,"Drug/Chemical response · Chronic Myelogenous Leukemia · FBXW7, STUB1, RNF7"
1246,U_1510_dec,decrease resistance to the specified drug,Drug / Chemical / Environmental Response, under Vismodegib (GDC-0449) treatment (83 µM),Chronic Myelogenous Leukemia Cell Line,HAP-1,bidirectional,Knockout,bidirectional,681,Hundley FV (2021),33539788,validation,2,1,1,4,"Drug/Chemical response · Chronic Myelogenous Leukemia · FBXW7, STUB1, RNF7"
1247,U_1510_inc,increase resistance to the specified drug,Drug / Chemical / Environmental Response, under Vismodegib (GDC-0449) treatment (83 µM),Chronic Myelogenous Leukemia Cell Line,HAP-1,bidirectional,Knockout,bidirectional,681,Hundley FV (2021),33539788,validation,2,1,1,4,"Drug/Chemical response · Chronic Myelogenous Leukemia · FBXW7, STUB1, RNF7"
1248,U_1510_merged,either increases or decreases resistance to the specified drug,Drug / Chemical / Environmental Response, under Vismodegib (GDC-0449) treatment (83 µM),Chronic Myelogenous Leukemia Cell Line,HAP-1,Positive and Negative Selection,Knockout,bidirectional,681,Hundley FV (2021),33539788,validation,2,2,0,4,"Drug/Chemical response · Chronic Myelogenous Leukemia · FBXW7, STUB1, RNF7"
1249,U_1511_dec,decrease resistance to the specified drug,Drug / Chemical / Environmental Response, under Bisindolylm. (bisindolylmaleimide/GF109203X) treatment (5 µM),Chronic Myelogenous Leukemia Cell Line,HAP-1,bidirectional,Knockout,bidirectional,681,Hundley FV (2021),33539788,validation,1,1,0,4,"Drug/Chemical response · Chronic Myelogenous Leukemia · FBXW7, STUB1, RNF7"
1250,U_1512_inc,increase drug resistance to the specified drug,Drug / Chemical / Environmental Response, under Pimasertib (AS-703026) treatment (19.9 µM),Chronic Myelogenous Leukemia Cell Line,HAP-1,bidirectional,Knockout,bidirectional,681,Hundley FV (2021),33539788,validation,1,1,0,24,"Reporter/Pathway activity · Embryonic Kidney · FEM1C, FEM1A, CUL2"
1251,U_1513_inc,increase resistance to the specified drug,Drug / Chemical / Environmental Response, under Rapamycin treatment (1.5 nM),Chronic Myelogenous Leukemia Cell Line,HAP-1,bidirectional,Knockout,bidirectional,681,Hundley FV (2021),33539788,validation,1,1,0,4,"Drug/Chemical response · Chronic Myelogenous Leukemia · FBXW7, STUB1, RNF7"
1252,U_1514_dec,decrease drug resistance to the specified drug,Drug / Chemical / Environmental Response, under Thapsigargin treatment (4 nM),Chronic Myelogenous Leukemia Cell Line,HAP-1,bidirectional,Knockout,bidirectional,681,Hundley FV (2021),33539788,validation,1,1,0,4,"Drug/Chemical response · Chronic Myelogenous Leukemia · FBXW7, STUB1, RNF7"
1253,U_1515_dec,decrease resistance to the specified drug,Drug / Chemical / Environmental Response, under Tunicamycin treatment (0.15 nM),Chronic Myelogenous Leukemia Cell Line,HAP-1,bidirectional,Knockout,bidirectional,681,Hundley FV (2021),33539788,validation,1,1,0,4,"Drug/Chemical response · Chronic Myelogenous Leukemia · FBXW7, STUB1, RNF7"
1254,U_1516_dec,decrease drug resistance to the specified drug,Drug / Chemical / Environmental Response, under Harringtonine treatment (35 nM),Chronic Myelogenous Leukemia Cell Line,HAP-1,bidirectional,Knockout,bidirectional,681,Hundley FV (2021),33539788,validation,7,4,3,4,"Drug/Chemical response · Chronic Myelogenous Leukemia · FBXW7, STUB1, RNF7"
1255,U_1516_inc,increase drug resistance to the specified drug,Drug / Chemical / Environmental Response, under Harringtonine treatment (35 nM),Chronic Myelogenous Leukemia Cell Line,HAP-1,bidirectional,Knockout,bidirectional,681,Hundley FV (2021),33539788,validation,7,3,4,4,"Drug/Chemical response · Chronic Myelogenous Leukemia · FBXW7, STUB1, RNF7"
1256,U_1516_merged,either increases or decreases drug resistance to the specified drug,Drug / Chemical / Environmental Response, under Harringtonine treatment (35 nM),Chronic Myelogenous Leukemia Cell Line,HAP-1,Positive and Negative Selection,Knockout,bidirectional,681,Hundley FV (2021),33539788,validation,7,7,0,4,"Drug/Chemical response · Chronic Myelogenous Leukemia · FBXW7, STUB1, RNF7"
1257,U_1517_dec,decrease drug resistance to the specified drug,Drug / Chemical / Environmental Response, under Cycloheximide treatment (0.34 µM),Chronic Myelogenous Leukemia Cell Line,HAP-1,bidirectional,Knockout,bidirectional,681,Hundley FV (2021),33539788,validation,13,1,12,4,"Drug/Chemical response · Chronic Myelogenous Leukemia · FBXW7, STUB1, RNF7"
1258,U_1517_inc,increase drug resistance to the specified drug,Drug / Chemical / Environmental Response, under Cycloheximide treatment (0.34 µM),Chronic Myelogenous Leukemia Cell Line,HAP-1,bidirectional,Knockout,bidirectional,681,Hundley FV (2021),33539788,validation,13,12,1,4,"Drug/Chemical response · Chronic Myelogenous Leukemia · FBXW7, STUB1, RNF7"
1259,U_1517_merged,either increases or decreases drug resistance to the specified drug,Drug / Chemical / Environmental Response, under Cycloheximide treatment (0.34 µM),Chronic Myelogenous Leukemia Cell Line,HAP-1,Positive and Negative Selection,Knockout,bidirectional,681,Hundley FV (2021),33539788,validation,13,13,0,4,"Drug/Chemical response · Chronic Myelogenous Leukemia · FBXW7, STUB1, RNF7"
1260,U_1518_dec,decrease resistance to the specified drug,Drug / Chemical / Environmental Response, under Cytochalasin D treatment (140 nM),Chronic Myelogenous Leukemia Cell Line,HAP-1,bidirectional,Knockout,bidirectional,681,Hundley FV (2021),33539788,validation,1,1,0,4,"Drug/Chemical response · Chronic Myelogenous Leukemia · FBXW7, STUB1, RNF7"
1261,1519,impacts response to chemicals,Drug / Chemical / Environmental Response, under AZD4547 treatment (100 nM),Cancer Cell Line,KATO III,Positive and Negative Selection,Knockout,recovered_bidirectional,507,Chen J (2019),31076567,train,20,20,0,18,"Fitness/Viability · Hepatoma · CDK11B, PRP4K, STK11"
1262,1520,increases resistance to VSV-H18 infection (bat IAV haemagglutinin-expressing virus),Host-Pathogen / Infection Response, under Virus: VSV-H18 treatment (10 MOI),Glioblastoma Cell Line,U-87MG ATCC,Positive Selection,Knockout,unidirectional,19008,Karakus U (2019),30787439,train,19,19,0,25,"Reporter/Pathway activity · Chronic Myeloid Leukemia · ATG14, WIPI2, WDR45"
1263,1524,increases viral infection as measured by increased viral reporter signal in FACS-sorted cells,Host-Pathogen / Infection Response, under Virus: Influenza A (A/Puerto Rico/8/1934(H1N1) treatment (0.1 MOI),Embryonic Kidney Cell Line,HEK293SF,Phenotype Screen,Knockout,unidirectional,18999,Sharon DM (2020),32699298,train,124,124,0,14,"Fitness/Viability · Oral Squamous Cell Carcinoma · TUBB4B, LAS1L, PGK1"
1264,1561,"increases resistance to Hepatitis A virus (HM175/18f), as measured by increased cell growth in the presence of the virus",Host-Pathogen / Infection Response, under Virus: Human hepatitis A virus HM175 treatment (10.0 MOI),Huh-7 Cell,Huh-7.5.1,Positive Selection,Knockout,unidirectional,20671,Kulsuptrakul J (2021),33730579,validation,205,205,0,22,"Fitness/Viability · Cervical Adenocarcinoma · NEDD8-MDP1, CWC15, ZNF808"
1265,1566,decreases LC3B protein levels as measured by a fluorescent reporter and FACS,Trafficking / Localization / Structural Phenotypes,,Glioma Cell Line,H4,Phenotype Screen,Knockout,unidirectional,660,Jia R (2021),33577797,validation,13,13,0,4,"Drug/Chemical response · Chronic Myelogenous Leukemia · FBXW7, STUB1, RNF7"
1266,1567,increases resistance to HCV infection as measured by decreased HCV infection,Host-Pathogen / Infection Response, under Virus: Hepatitis C Virus treatment (0.1 MOI),Huh-7 Cell,Huh-7.5,Phenotype Screen,Knockout,unidirectional,17605,Liang Y (2021),33523994,validation,14,14,0,3,"Drug/Chemical response · Retinal Pigment Epithelium · PDCD10, NF2, TAOK1"
1267,1568,increases resistance to TAK-243 as measured by improved growth,Drug / Chemical / Environmental Response, under TAK-243 treatment (25 nM),Acute Myeloid Leukemia Cell Line,OCI-AML-2,Positive Selection,Knockout,unidirectional,17189,Barghout SH (2021),33476303,validation,33,33,0,10,"Host-Pathogen/Infection · Cervical Adenocarcinoma · JAK2, STAT1, B2M"
1268,1569,increases resistance to TAK-243 as measured by improved cell growth in the presence of the drug,Drug / Chemical / Environmental Response, under TAK-243 treatment (30 nM),Acute Myeloid Leukemia Cell Line,OCI-AML-2,Positive Selection,Knockout,unidirectional,17189,Barghout SH (2021),33476303,validation,11,11,0,10,"Host-Pathogen/Infection · Cervical Adenocarcinoma · JAK2, STAT1, B2M"
1269,1571,increases Wnt signaling activity as measured by increased STF-GFP reporter signal,Molecular Output / Reporter / Pathway Activity, under Wnt3a conditioned medium treatment (5.0 %),Embryonic Kidney Cell Line,HEK293T,Phenotype Screen,Knockout,unidirectional,17926,Ji L (2019),31519875,train,3848,3848,0,0,"Drug/Chemical response · Lung Adenocarcinoma · NHEJ1, SLC35A2, SBNO2"
1270,1573,increases protein/peptide accumulation as measured by increased GFP reporter due to decreased autophagy flux,Molecular Output / Reporter / Pathway Activity,,Glioma Cell Line,H4,Phenotype Screen,Knockout,unidirectional,20461,Jia R (2019),31692446,train,913,913,0,0,"Drug/Chemical response · Lung Adenocarcinoma · NHEJ1, SLC35A2, SBNO2"
1271,1574,"increases autophagy reporter GFP accumulation, indicating decreased autophagy flux",Trafficking / Localization / Structural Phenotypes,,Glioma Cell Line,H4,Phenotype Screen,Knockout,unidirectional,433,Jia R (2019),31692446,train,10,10,0,25,"Reporter/Pathway activity · Chronic Myeloid Leukemia · ATG14, WIPI2, WDR45"
1272,1575,increases LC3B protein accumulation as measured by increased GFP-LC3B reporter signal,Trafficking / Localization / Structural Phenotypes,,Glioma Cell Line,H4,Phenotype Screen,Knockout,unidirectional,660,Jia R (2019),31692446,train,22,22,0,25,"Reporter/Pathway activity · Chronic Myeloid Leukemia · ATG14, WIPI2, WDR45"
1273,1580,decreases cell proliferation in the CDC34 (UBE2R1)/UBE2R2 mutant background,Fitness / Proliferation / Viability, under Mutation: CDC34 (ETG997)/UBE2R2 (ETG54926) Double KO treatment,Pre-B Acute Lymphoblastic Leukemia Cell Line,NALM-6,Negative Selection,Knockout,unidirectional,18940,Hill S (2019),31868589,train,1,1,0,10,"Host-Pathogen/Infection · Cervical Adenocarcinoma · JAK2, STAT1, B2M"
1274,1581,increases resistance to virus infection,Host-Pathogen / Infection Response, under Virus: SARS-CoV-2 (Severe acute respiratory syndrome coronavirus 2) treatment (0.1 MOI),Hepatoma Cell Line,HuH-7,Positive Selection,Knockout,unidirectional,18994,Baggen J (2021),33686287,validation,382,382,0,0,"Drug/Chemical response · Lung Adenocarcinoma · NHEJ1, SLC35A2, SBNO2"
1275,1582,increases resistance to viral infection,Host-Pathogen / Infection Response, under Virus: HCoV-229E (Human coronavirus 229E) treatment (0.5 MOI),Hepatoma Cell Line,HuH-7,Positive Selection,Knockout,unidirectional,18981,Baggen J (2021),33686287,validation,7,7,0,10,"Host-Pathogen/Infection · Cervical Adenocarcinoma · JAK2, STAT1, B2M"
1276,1583,increases resistance to viral infection as indicated by enrichment under high-stringency infection conditions,Host-Pathogen / Infection Response, under Virus: SARS-CoV-2 (Severe acute respiratory syndrome coronavirus 2) treatment (2.5 MOI),Hepatoma Cell Line,HuH-7,Positive Selection,Knockout,unidirectional,18994,Baggen J (2021),33686287,validation,2,2,0,26,"Fitness/Viability · Cervical Adenocarcinoma · SIRT6, KDM3B, JMJD7"
1277,1584,"increases resistance to viral infection, as indicated by enrichment of infected cells",Host-Pathogen / Infection Response, under Virus: SARS-CoV-2 (Severe acute respiratory syndrome coronavirus 2) treatment (0.1 MOI),Hepatoma Cell Line,HuH-7,Positive Selection,Knockout,unidirectional,18111,Baggen J (2021),33686287,validation,376,376,0,0,"Drug/Chemical response · Lung Adenocarcinoma · NHEJ1, SLC35A2, SBNO2"
1278,1586,"increases drug resistance to TH588, rescuing cells from its cytotoxic effect",Drug / Chemical / Environmental Response, under TH588 treatment (4 µM),Large Cell Lung Cancer Cell Line,NCI-H460,Positive Selection,Knockout,unidirectional,1480,Gul N (2019),31604991,train,42,42,0,18,"Fitness/Viability · Hepatoma · CDK11B, PRP4K, STK11"
1279,1588,decreases ASCL1 protein accumulation,Molecular Output / Reporter / Pathway Activity,,T-lymphoblastic leukemia cell line,Jurkat,Phenotype Screen,Knockout,unidirectional,354,Koduri V (2021),33547076,validation,7,7,0,10,"Host-Pathogen/Infection · Cervical Adenocarcinoma · JAK2, STAT1, B2M"
1280,1589,decreases ASCL1 protein accumulation,Drug / Chemical / Environmental Response,,T-lymphoblastic leukemia cell line,Jurkat,Phenotype Screen,Knockout,unidirectional,387,Koduri V (2021),33547076,validation,5,5,0,21,"Drug/Chemical response · Chronic Myeloid Leukemia · PFKP, GOT1, G6PD"
1281,U_1591_inc,increase tf-NBR1 accumulation (defective autophagy),Molecular Output / Reporter / Pathway Activity, under Mutation: ATG7 (ETG10533) KO treatment,Chronic Myeloid Leukemia Cell Line,K-562,bidirectional,Knockout,bidirectional,19007,Ohnstad AE (2020),33226137,train,216,98,118,25,"Reporter/Pathway activity · Chronic Myeloid Leukemia · ATG14, WIPI2, WDR45"
1282,U_1591_dec,decrease tf-NBR1 accumulation (defective autophagy),Molecular Output / Reporter / Pathway Activity, under Mutation: ATG7 (ETG10533) KO treatment,Chronic Myeloid Leukemia Cell Line,K-562,bidirectional,Knockout,bidirectional,19007,Ohnstad AE (2020),33226137,train,216,118,98,25,"Reporter/Pathway activity · Chronic Myeloid Leukemia · ATG14, WIPI2, WDR45"
1283,U_1591_merged,either increases or decreases tf-NBR1 accumulation (defective autophagy),Molecular Output / Reporter / Pathway Activity, under Mutation: ATG7 (ETG10533) KO treatment,Chronic Myeloid Leukemia Cell Line,K-562,Phenotype Screen,Knockout,bidirectional,19007,Ohnstad AE (2020),33226137,train,216,216,0,25,"Reporter/Pathway activity · Chronic Myeloid Leukemia · ATG14, WIPI2, WDR45"
1284,U_1592_inc,increase tf-NBR1 reporter accumulation,Molecular Output / Reporter / Pathway Activity, under Mutation: ATG3 (ETG64422) KO treatment,Chronic Myeloid Leukemia Cell Line,K-562,bidirectional,Knockout,bidirectional,19007,Ohnstad AE (2020),33226137,train,200,51,149,25,"Reporter/Pathway activity · Chronic Myeloid Leukemia · ATG14, WIPI2, WDR45"
1285,U_1592_dec,decrease tf-NBR1 reporter accumulation,Molecular Output / Reporter / Pathway Activity, under Mutation: ATG3 (ETG64422) KO treatment,Chronic Myeloid Leukemia Cell Line,K-562,bidirectional,Knockout,bidirectional,19007,Ohnstad AE (2020),33226137,train,200,149,51,25,"Reporter/Pathway activity · Chronic Myeloid Leukemia · ATG14, WIPI2, WDR45"
1286,U_1592_merged,either increases or decreases tf-NBR1 reporter accumulation,Molecular Output / Reporter / Pathway Activity, under Mutation: ATG3 (ETG64422) KO treatment,Chronic Myeloid Leukemia Cell Line,K-562,Phenotype Screen,Knockout,bidirectional,19007,Ohnstad AE (2020),33226137,train,200,200,0,25,"Reporter/Pathway activity · Chronic Myeloid Leukemia · ATG14, WIPI2, WDR45"
1287,U_1593_inc,increase tf-NBR1 reporter accumulation (defective autophagy),Molecular Output / Reporter / Pathway Activity, under Mutation: ATG10 (ETG83734) KO treatment,Chronic Myeloid Leukemia Cell Line,K-562,bidirectional,Knockout,bidirectional,19007,Ohnstad AE (2020),33226137,train,197,91,106,25,"Reporter/Pathway activity · Chronic Myeloid Leukemia · ATG14, WIPI2, WDR45"
1288,U_1593_dec,decrease tf-NBR1 reporter accumulation (defective autophagy),Molecular Output / Reporter / Pathway Activity, under Mutation: ATG10 (ETG83734) KO treatment,Chronic Myeloid Leukemia Cell Line,K-562,bidirectional,Knockout,bidirectional,19007,Ohnstad AE (2020),33226137,train,197,106,91,25,"Reporter/Pathway activity · Chronic Myeloid Leukemia · ATG14, WIPI2, WDR45"
1289,U_1593_merged,either increases or decreases tf-NBR1 reporter accumulation (defective autophagy),Molecular Output / Reporter / Pathway Activity, under Mutation: ATG10 (ETG83734) KO treatment,Chronic Myeloid Leukemia Cell Line,K-562,Phenotype Screen,Knockout,bidirectional,19007,Ohnstad AE (2020),33226137,train,197,197,0,25,"Reporter/Pathway activity · Chronic Myeloid Leukemia · ATG14, WIPI2, WDR45"
1290,1608,increases beta-arrestin accumulation at S1PR1,Molecular Output / Reporter / Pathway Activity,,Osteosarcoma Cell Line,U2OS,Phenotype Screen,Activation,unidirectional,18836,Hisano Y (2019),31147448,train,11,11,0,11,"Host-Pathogen/Infection · Lung Adenocarcinoma · ACE2, TMPRSS2, RMC1"
1291,1609,increases MYC protein accumulation as indicated by high GFP expression,Trafficking / Localization / Structural Phenotypes,,Embryonic Kidney Cell Line,HEK293-A,Phenotype Screen,Knockout,unidirectional,1047,Schukur L (2020),33208877,train,45,45,0,4,"Drug/Chemical response · Chronic Myelogenous Leukemia · FBXW7, STUB1, RNF7"
1292,1618,increases accumulation of autophagy substrates (protein/peptide),Trafficking / Localization / Structural Phenotypes,,Embryonic Kidney Cell Line,HEK293T,Phenotype Screen,Knockout,unidirectional,20495,Morita K (2018),30093494,train,17,17,0,6,"Drug/Chemical response · Retinal Pigment Epithelium · E2F7, MAPK1, STAG2"
1293,1619,decreases MYC protein accumulation,Molecular Output / Reporter / Pathway Activity,,Embryonic Kidney Cell Line,HEK293-A,Phenotype Screen,Knockout,unidirectional,1047,Schukur L (2020),33208877,train,21,21,0,4,"Drug/Chemical response · Chronic Myelogenous Leukemia · FBXW7, STUB1, RNF7"
1294,1623,increases resistance to the ATR inhibitor AZD6738,Drug / Chemical / Environmental Response, under AZD6738 treatment (3.6 µM),Cervical Adenocarcinoma Cell Line,HeLa,Positive Selection,Knockout,unidirectional,19006,Schleicher EM (2020),33137164,train,456,456,0,15,"Drug/Chemical response · Lung Adenocarcinoma · TBC1D3D, CHURC1-FNTB, ZNF626"
1295,1624,increases drug resistance to the ATR inhibitor VE822,Drug / Chemical / Environmental Response, under Berzosertib (VE822) treatment (1.5 µM),Cervical Adenocarcinoma Cell Line,HeLa,Positive Selection,Knockout,unidirectional,19006,Schleicher EM (2020),33137164,train,390,390,0,15,"Drug/Chemical response · Lung Adenocarcinoma · TBC1D3D, CHURC1-FNTB, ZNF626"
1296,1625,increases resistance to the ATR inhibitor AZD6738,Drug / Chemical / Environmental Response, under AZD6738 treatment (3.6 µM),Cervical Adenocarcinoma Cell Line,HeLa,Positive Selection,Activation,unidirectional,18754,Schleicher EM (2020),33137164,train,235,235,0,17,"Reporter/Pathway activity · T cell · UBASH3A, FOXL2NB, FOXA3"
1297,1626,increases resistance to the ATR inhibitor AZD6738,Drug / Chemical / Environmental Response, under AZD6738 treatment (3.6 µM),Mammary Epithelial Cell Line,MCF-10A,Positive Selection,Activation,unidirectional,18754,Schleicher EM (2020),33137164,train,207,207,0,0,"Drug/Chemical response · Lung Adenocarcinoma · NHEJ1, SLC35A2, SBNO2"
1298,1627,increases resistance to the ATR inhibitor VE822,Drug / Chemical / Environmental Response, under Berzosertib (VE822) treatment (1.5 µM),Cervical Adenocarcinoma Cell Line,HeLa,Positive Selection,Activation,unidirectional,18754,Schleicher EM (2020),33137164,train,239,239,0,17,"Reporter/Pathway activity · T cell · UBASH3A, FOXL2NB, FOXA3"
1299,1628,increases resistance to the ATR inhibitor VE822,Drug / Chemical / Environmental Response, under Berzosertib (VE822) treatment (1.5 µM),Mammary Epithelial Cell Line,MCF-10A,Positive Selection,Activation,unidirectional,18754,Schleicher EM (2020),33137164,train,279,279,0,0,"Drug/Chemical response · Lung Adenocarcinoma · NHEJ1, SLC35A2, SBNO2"
1300,1629,increases sorafenib resistance as measured by enrichment in the presence of sorafenib,Drug / Chemical / Environmental Response, under sorafenib treatment (5 µM),Huh-7 Cell,HUH-7 SR,Positive Selection,Knockout,unidirectional,20273,Zheng A (2019),31903165,train,1,1,0,4,"Drug/Chemical response · Chronic Myelogenous Leukemia · FBXW7, STUB1, RNF7"
1301,U_1631_inc,increase JQ1 resistance,Drug / Chemical / Environmental Response, under JQ1 treatment (1.0 µM),Non-Small Cell Lung Adenocarcinoma Cell Line,A-549,bidirectional,Knockout,bidirectional,3538,Gobbi G (2019),31406246,train,147,13,134,28,"Fitness/Viability · Non-Small Cell Lung Adenocarcinoma · MIR548I3, H2AB2, PTGES3L-AARSD1"
1302,U_1631_dec,decrease JQ1 resistance,Drug / Chemical / Environmental Response, under JQ1 treatment (1.0 µM),Non-Small Cell Lung Adenocarcinoma Cell Line,A-549,bidirectional,Knockout,bidirectional,3538,Gobbi G (2019),31406246,train,147,134,13,28,"Fitness/Viability · Non-Small Cell Lung Adenocarcinoma · MIR548I3, H2AB2, PTGES3L-AARSD1"
1303,U_1631_merged,either increases or decreases JQ1 resistance,Drug / Chemical / Environmental Response, under JQ1 treatment (1.0 µM),Non-Small Cell Lung Adenocarcinoma Cell Line,A-549,Positive and Negative Selection,Knockout,bidirectional,3538,Gobbi G (2019),31406246,train,147,147,0,28,"Fitness/Viability · Non-Small Cell Lung Adenocarcinoma · MIR548I3, H2AB2, PTGES3L-AARSD1"
1304,U_1632_dec,decrease JQ1 resistance,Drug / Chemical / Environmental Response, under JQ1 treatment (1.0 µM),Non-Small Cell Lung Adenocarcinoma Cell Line,A-549,bidirectional,Knockout,bidirectional,9415,Gobbi G (2019),31406246,train,428,153,275,28,"Fitness/Viability · Non-Small Cell Lung Adenocarcinoma · MIR548I3, H2AB2, PTGES3L-AARSD1"
1305,U_1632_inc,increase JQ1 resistance,Drug / Chemical / Environmental Response, under JQ1 treatment (1.0 µM),Non-Small Cell Lung Adenocarcinoma Cell Line,A-549,bidirectional,Knockout,bidirectional,9415,Gobbi G (2019),31406246,train,428,275,153,28,"Fitness/Viability · Non-Small Cell Lung Adenocarcinoma · MIR548I3, H2AB2, PTGES3L-AARSD1"
1306,U_1632_merged,either increases or decreases JQ1 resistance,Drug / Chemical / Environmental Response, under JQ1 treatment (1.0 µM),Non-Small Cell Lung Adenocarcinoma Cell Line,A-549,Positive and Negative Selection,Knockout,bidirectional,9415,Gobbi G (2019),31406246,train,428,428,0,28,"Fitness/Viability · Non-Small Cell Lung Adenocarcinoma · MIR548I3, H2AB2, PTGES3L-AARSD1"
1307,U_1633_dec,decrease JQ1 resistance,Drug / Chemical / Environmental Response, under JQ1 treatment (1.0 µM),Non-Small Cell Lung Adenocarcinoma Cell Line,A-549,bidirectional,Knockout,bidirectional,14419,Gobbi G (2019),31406246,train,3450,533,2917,0,"Drug/Chemical response · Lung Adenocarcinoma · NHEJ1, SLC35A2, SBNO2"
1308,U_1633_inc,increase JQ1 resistance,Drug / Chemical / Environmental Response, under JQ1 treatment (1.0 µM),Non-Small Cell Lung Adenocarcinoma Cell Line,A-549,bidirectional,Knockout,bidirectional,14419,Gobbi G (2019),31406246,train,3450,2917,533,0,"Drug/Chemical response · Lung Adenocarcinoma · NHEJ1, SLC35A2, SBNO2"
1309,U_1633_merged,either increases or decreases JQ1 resistance,Drug / Chemical / Environmental Response, under JQ1 treatment (1.0 µM),Non-Small Cell Lung Adenocarcinoma Cell Line,A-549,Positive and Negative Selection,Knockout,bidirectional,14419,Gobbi G (2019),31406246,train,3450,3450,0,0,"Drug/Chemical response · Lung Adenocarcinoma · NHEJ1, SLC35A2, SBNO2"
1310,U_1634_dec,decrease cell proliferation,Fitness / Proliferation / Viability,,Non-Small Cell Lung Adenocarcinoma Cell Line,A-549,bidirectional,Knockout,bidirectional,3645,Gobbi G (2019),31406246,train,185,177,8,28,"Fitness/Viability · Non-Small Cell Lung Adenocarcinoma · MIR548I3, H2AB2, PTGES3L-AARSD1"
1311,U_1634_inc,increase cell proliferation,Fitness / Proliferation / Viability,,Non-Small Cell Lung Adenocarcinoma Cell Line,A-549,bidirectional,Knockout,bidirectional,3645,Gobbi G (2019),31406246,train,185,8,177,28,"Fitness/Viability · Non-Small Cell Lung Adenocarcinoma · MIR548I3, H2AB2, PTGES3L-AARSD1"
1312,U_1634_merged,either increases or decreases cell proliferation,Fitness / Proliferation / Viability,,Non-Small Cell Lung Adenocarcinoma Cell Line,A-549,Positive and Negative Selection,Knockout,bidirectional,3645,Gobbi G (2019),31406246,train,185,185,0,28,"Fitness/Viability · Non-Small Cell Lung Adenocarcinoma · MIR548I3, H2AB2, PTGES3L-AARSD1"
1313,U_1635_dec,decrease cell fitness under chemical treatment,Fitness / Proliferation / Viability,,Non-Small Cell Lung Adenocarcinoma Cell Line,A-549,bidirectional,Knockout,bidirectional,7888,Gobbi G (2019),31406246,train,383,295,88,28,"Fitness/Viability · Non-Small Cell Lung Adenocarcinoma · MIR548I3, H2AB2, PTGES3L-AARSD1"
1314,U_1635_inc,increase cell fitness under chemical treatment,Fitness / Proliferation / Viability,,Non-Small Cell Lung Adenocarcinoma Cell Line,A-549,bidirectional,Knockout,bidirectional,7888,Gobbi G (2019),31406246,train,383,88,295,28,"Fitness/Viability · Non-Small Cell Lung Adenocarcinoma · MIR548I3, H2AB2, PTGES3L-AARSD1"
1315,U_1635_merged,either increases or decreases cell fitness under chemical treatment,Fitness / Proliferation / Viability,,Non-Small Cell Lung Adenocarcinoma Cell Line,A-549,Positive and Negative Selection,Knockout,bidirectional,7888,Gobbi G (2019),31406246,train,383,383,0,28,"Fitness/Viability · Non-Small Cell Lung Adenocarcinoma · MIR548I3, H2AB2, PTGES3L-AARSD1"
1316,U_1636_dec,decrease cell proliferation,Fitness / Proliferation / Viability,,Non-Small Cell Lung Adenocarcinoma Cell Line,A-549,bidirectional,Knockout,bidirectional,11712,Gobbi G (2019),31406246,train,1260,388,872,28,"Fitness/Viability · Non-Small Cell Lung Adenocarcinoma · MIR548I3, H2AB2, PTGES3L-AARSD1"
1317,U_1636_inc,increase cell proliferation,Fitness / Proliferation / Viability,,Non-Small Cell Lung Adenocarcinoma Cell Line,A-549,bidirectional,Knockout,bidirectional,11712,Gobbi G (2019),31406246,train,1260,872,388,28,"Fitness/Viability · Non-Small Cell Lung Adenocarcinoma · MIR548I3, H2AB2, PTGES3L-AARSD1"
1318,U_1636_merged,either increases or decreases cell proliferation,Fitness / Proliferation / Viability,,Non-Small Cell Lung Adenocarcinoma Cell Line,A-549,Positive and Negative Selection,Knockout,bidirectional,11712,Gobbi G (2019),31406246,train,1260,1260,0,28,"Fitness/Viability · Non-Small Cell Lung Adenocarcinoma · MIR548I3, H2AB2, PTGES3L-AARSD1"
1319,1639,increases drug resistance to gemcitabine in PANC-1 cells,Drug / Chemical / Environmental Response, under Gemcitabine treatment (25.0 nM),Pancreatic Cancer Cell Line,PANC-1,Positive Selection,Activation,unidirectional,18424,Ramaker RC (2021),34049503,validation,2709,2709,0,0,"Drug/Chemical response · Lung Adenocarcinoma · NHEJ1, SLC35A2, SBNO2"
1320,1640,increases resistance to irinotecan,Drug / Chemical / Environmental Response, under Irinotecan treatment (500.0 nM),Pancreatic Cancer Cell Line,PANC-1,Positive Selection,Activation,unidirectional,17736,Ramaker RC (2021),34049503,validation,3688,3688,0,0,"Drug/Chemical response · Lung Adenocarcinoma · NHEJ1, SLC35A2, SBNO2"
1321,1641,increases resistance to oxaliplatin in PANC-1 cells,Drug / Chemical / Environmental Response, under Oxaliplatin treatment (2.5 µM),Pancreatic Cancer Cell Line,PANC-1,Positive Selection,Activation,unidirectional,18485,Ramaker RC (2021),34049503,validation,2924,2924,0,0,"Drug/Chemical response · Lung Adenocarcinoma · NHEJ1, SLC35A2, SBNO2"
1322,1642,increases resistance to 5-FU in PANC-1 cells,Drug / Chemical / Environmental Response, under 5-fluorouracil treatment (7.5 µM),Pancreatic Cancer Cell Line,PANC-1,Positive Selection,Activation,unidirectional,18397,Ramaker RC (2021),34049503,validation,2974,2974,0,0,"Drug/Chemical response · Lung Adenocarcinoma · NHEJ1, SLC35A2, SBNO2"
1323,1643,increases resistance to gemcitabine,Drug / Chemical / Environmental Response, under Gemcitabine treatment (25.0 nM),Pancreatic Adenocarcinoma Cell Line,BxPC-3,Positive Selection,Activation,unidirectional,18835,Ramaker RC (2021),34049503,validation,1008,1008,0,0,"Drug/Chemical response · Lung Adenocarcinoma · NHEJ1, SLC35A2, SBNO2"
1324,1644,increases resistance to irinotecan in Bx-PC3 cells,Drug / Chemical / Environmental Response, under Irinotecan treatment (250.0 nM),Pancreatic Adenocarcinoma Cell Line,BxPC-3,Positive Selection,Activation,unidirectional,18835,Ramaker RC (2021),34049503,validation,958,958,0,0,"Drug/Chemical response · Lung Adenocarcinoma · NHEJ1, SLC35A2, SBNO2"
1325,1645,increases resistance to oxaliplatin in Bx-PC3 cells,Drug / Chemical / Environmental Response, under Oxaliplatin treatment (2.5 µM),Pancreatic Adenocarcinoma Cell Line,BxPC-3,Positive Selection,Activation,unidirectional,18835,Ramaker RC (2021),34049503,validation,1052,1052,0,0,"Drug/Chemical response · Lung Adenocarcinoma · NHEJ1, SLC35A2, SBNO2"
1326,1646,increases resistance to 5-FU in Bx-PC3 cells,Drug / Chemical / Environmental Response, under 5-fluorouracil treatment (5.0 µM),Pancreatic Adenocarcinoma Cell Line,BxPC-3,Positive Selection,Activation,unidirectional,18835,Ramaker RC (2021),34049503,validation,1121,1121,0,0,"Drug/Chemical response · Lung Adenocarcinoma · NHEJ1, SLC35A2, SBNO2"
1327,1647,increases drug resistance to gemcitabine in PANC-1 cells,Drug / Chemical / Environmental Response, under Gemcitabine treatment (25.0 nM),Pancreatic Cancer Cell Line,PANC-1,Positive Selection,Knockout,unidirectional,20438,Ramaker RC (2021),34049503,validation,228,228,0,0,"Drug/Chemical response · Lung Adenocarcinoma · NHEJ1, SLC35A2, SBNO2"
1328,1648,increases oxaliplatin resistance in PANC-1 cells,Drug / Chemical / Environmental Response, under Oxaliplatin treatment (2.5 µM),Pancreatic Cancer Cell Line,PANC-1,Positive Selection,Knockout,unidirectional,20466,Ramaker RC (2021),34049503,validation,480,480,0,0,"Drug/Chemical response · Lung Adenocarcinoma · NHEJ1, SLC35A2, SBNO2"
1329,1649,increases resistance to irinotecan,Drug / Chemical / Environmental Response, under Irinotecan treatment (500.0 nM),Pancreatic Cancer Cell Line,PANC-1,Positive Selection,Knockout,unidirectional,20418,Ramaker RC (2021),34049503,validation,338,338,0,0,"Drug/Chemical response · Lung Adenocarcinoma · NHEJ1, SLC35A2, SBNO2"
1330,1650,increases drug resistance to 5-fluorouracil (5-FU) in PANC-1 cells,Drug / Chemical / Environmental Response, under 5-fluorouracil treatment (7.5 µM),Pancreatic Cancer Cell Line,PANC-1,Positive Selection,Knockout,unidirectional,20408,Ramaker RC (2021),34049503,validation,256,256,0,0,"Drug/Chemical response · Lung Adenocarcinoma · NHEJ1, SLC35A2, SBNO2"
1331,1651,increases resistance to gemcitabine in BxPC-3 cells,Drug / Chemical / Environmental Response, under Gemcitabine treatment (25.0 nM),Pancreatic Adenocarcinoma Cell Line,BxPC-3,Positive Selection,Knockout,unidirectional,20459,Ramaker RC (2021),34049503,validation,328,328,0,0,"Drug/Chemical response · Lung Adenocarcinoma · NHEJ1, SLC35A2, SBNO2"
1332,1652,increases oxaliplatin resistance in BxPC-3 cells,Drug / Chemical / Environmental Response, under Oxaliplatin treatment (2.5 µM),Pancreatic Adenocarcinoma Cell Line,BxPC-3,Positive Selection,Knockout,unidirectional,20461,Ramaker RC (2021),34049503,validation,247,247,0,0,"Drug/Chemical response · Lung Adenocarcinoma · NHEJ1, SLC35A2, SBNO2"
1333,1653,increases resistance to irinotecan in BxPC-3 cells,Drug / Chemical / Environmental Response, under Irinotecan treatment (250.0 nM),Pancreatic Adenocarcinoma Cell Line,BxPC-3,Positive Selection,Knockout,unidirectional,20450,Ramaker RC (2021),34049503,validation,179,179,0,0,"Drug/Chemical response · Lung Adenocarcinoma · NHEJ1, SLC35A2, SBNO2"
1334,1654,increases drug resistance to 5-FU,Drug / Chemical / Environmental Response, under 5-fluorouracil treatment (5.0 µM),Pancreatic Adenocarcinoma Cell Line,BxPC-3,Positive Selection,Knockout,unidirectional,20458,Ramaker RC (2021),34049503,validation,272,272,0,0,"Drug/Chemical response · Lung Adenocarcinoma · NHEJ1, SLC35A2, SBNO2"
1335,1686,increases autophagic flux as measured by the GFP-LC3-RFP reporter,Molecular Output / Reporter / Pathway Activity,,Embryonic Kidney Cell Line,HEK293T,Phenotype Screen,Knockout,unidirectional,20495,Mimura K (1970),34000301,train,17,17,0,6,"Drug/Chemical response · Retinal Pigment Epithelium · E2F7, MAPK1, STAG2"
1336,1687,decreases cell proliferation,Fitness / Proliferation / Viability,,Cancer Cell Line,KYSE-270,Negative Selection,Knockout,unidirectional,178,Ehrenhöfer-Wölfer K (2019),31406271,train,78,78,0,26,"Fitness/Viability · Cervical Adenocarcinoma · SIRT6, KDM3B, JMJD7"
1337,1688,decreases cell proliferation,Fitness / Proliferation / Viability,,Esophageal Squamous Cell Carcinoma Cell Line,T.T,Negative Selection,Knockout,unidirectional,178,Ehrenhöfer-Wölfer K (2019),31406271,train,82,82,0,26,"Fitness/Viability · Cervical Adenocarcinoma · SIRT6, KDM3B, JMJD7"
1338,1689,decreases cell proliferation,Fitness / Proliferation / Viability,,Esophageal Squamous Cell Carcinoma Cell Line,KYSE-30,Negative Selection,Knockout,unidirectional,178,Ehrenhöfer-Wölfer K (2019),31406271,train,85,85,0,26,"Fitness/Viability · Cervical Adenocarcinoma · SIRT6, KDM3B, JMJD7"
1339,1690,decreases cell proliferation,Fitness / Proliferation / Viability,,Esophageal Squamous Cell Carcinoma Cell Line,KYSE-410,Negative Selection,Knockout,unidirectional,178,Ehrenhöfer-Wölfer K (2019),31406271,train,77,77,0,26,"Fitness/Viability · Cervical Adenocarcinoma · SIRT6, KDM3B, JMJD7"
1340,1691,decreases cell proliferation,Fitness / Proliferation / Viability,,Cancer Cell Line,KYSE-510,Negative Selection,Knockout,unidirectional,178,Ehrenhöfer-Wölfer K (2019),31406271,train,81,81,0,26,"Fitness/Viability · Cervical Adenocarcinoma · SIRT6, KDM3B, JMJD7"
1341,1692,decreases cell proliferation,Fitness / Proliferation / Viability,,Esophageal Cancer Cell Line,COLO 680N,Negative Selection,Knockout,unidirectional,178,Ehrenhöfer-Wölfer K (2019),31406271,train,82,82,0,26,"Fitness/Viability · Cervical Adenocarcinoma · SIRT6, KDM3B, JMJD7"
1342,1693,decreases cell proliferation,Fitness / Proliferation / Viability,,Esophageal Squamous Cell Carcinoma Cell Line,KYSE-150,Negative Selection,Knockout,unidirectional,178,Ehrenhöfer-Wölfer K (2019),31406271,train,75,75,0,26,"Fitness/Viability · Cervical Adenocarcinoma · SIRT6, KDM3B, JMJD7"
1343,1694,decreases cell proliferation,Fitness / Proliferation / Viability,,Cancer Cell Line,KYSE-70,Negative Selection,Knockout,unidirectional,178,Ehrenhöfer-Wölfer K (2019),31406271,train,84,84,0,26,"Fitness/Viability · Cervical Adenocarcinoma · SIRT6, KDM3B, JMJD7"
1344,1695,decreases cell proliferation,Fitness / Proliferation / Viability,,Cancer Cell Line,KYSE-140,Negative Selection,Knockout,unidirectional,178,Ehrenhöfer-Wölfer K (2019),31406271,train,71,71,0,26,"Fitness/Viability · Cervical Adenocarcinoma · SIRT6, KDM3B, JMJD7"
1345,1696,decreases cell proliferation,Fitness / Proliferation / Viability,,Cancer Cell Line,KYSE-450,Negative Selection,Knockout,unidirectional,178,Ehrenhöfer-Wölfer K (2019),31406271,train,77,77,0,26,"Fitness/Viability · Cervical Adenocarcinoma · SIRT6, KDM3B, JMJD7"
1346,1702,increases drug resistance,Drug / Chemical / Environmental Response, under Olaparib treatment,Cancer Cell Line,COV362,Positive Selection,Knockout,unidirectional,703,He YJ (2018),30464262,train,18,18,0,3,"Drug/Chemical response · Retinal Pigment Epithelium · PDCD10, NF2, TAOK1"
1347,1703,increases drug resistance,Drug / Chemical / Environmental Response, under Cisplatin treatment,Cancer Cell Line,COV362,Positive Selection,Knockout,unidirectional,231,He YJ (2018),30464262,train,61,61,0,3,"Drug/Chemical response · Retinal Pigment Epithelium · PDCD10, NF2, TAOK1"
1348,1704,increases resistance to SARS-CoV-2 infection (decreased viral infection),Host-Pathogen / Infection Response, under Virus: SARS-CoV-2 (isolate USA-WA1/2020) treatment (0.05 MOI),Lung Adenocarcinoma Cell Line,Calu-3,Positive Selection,Knockout,unidirectional,19006,Biering SB (2022),35879412,test,60,60,0,11,"Host-Pathogen/Infection · Lung Adenocarcinoma · ACE2, TMPRSS2, RMC1"
1349,1705,increases resistance to cisplatin,Drug / Chemical / Environmental Response, under Cisplatin treatment (3 µM),Urinary Bladder Cancer Cell Line,MGH-U4,Positive Selection,Knockout,unidirectional,16386,Goodspeed A (2019),30414698,train,7303,7303,0,0,"Drug/Chemical response · Lung Adenocarcinoma · NHEJ1, SLC35A2, SBNO2"
1350,1706,decreases resistance to SARS-CoV-2 infection,Host-Pathogen / Infection Response, under Virus: SARS-CoV-2 (isolate USA-WA1/2020) treatment (0.05 MOI),Lung Adenocarcinoma Cell Line,Calu-3,Negative Selection,Activation,unidirectional,18754,Biering SB (2022),35879412,test,43,43,0,27,"Host-Pathogen/Infection · Lung Adenocarcinoma · ACE2, FOSL2, LY6E"
1351,1708,increases resistance to SARS-CoV-2 infection as measured by decreased viral infection,Host-Pathogen / Infection Response, under Virus: SARS-CoV-2 (isolate USA-WA1/2020) treatment (0.05 MOI),Lung Adenocarcinoma Cell Line,Calu-3,Positive Selection,Activation,unidirectional,18754,Biering SB (2022),35879412,test,91,91,0,27,"Host-Pathogen/Infection · Lung Adenocarcinoma · ACE2, FOSL2, LY6E"
1352,1710,increases resistance to the drug vemurafenib,Drug / Chemical / Environmental Response, under Vemurafenib treatment (2.0 µM),Melanoma Cell Line,A-375,Positive Selection,Knockout,unidirectional,18857,Goh CJH (2021),33604667,validation,33,33,0,3,"Drug/Chemical response · Retinal Pigment Epithelium · PDCD10, NF2, TAOK1"
1353,U_1712_dec,decrease SARS-CoV-2 Spike-RBD binding to human cells,Host-Pathogen / Infection Response, under SARS-CoV-2 Spike-RBD treatment (10.0 nM),Lung Adenocarcinoma Cell Line,Calu-3,bidirectional,Inhibition,bidirectional,2318,Tian (2021),10.1101/2021.01.19.427194,validation,251,47,204,30,"Drug/Chemical response · Lung Adenocarcinoma · BGLAP, NTRK2, WNK3"
1354,U_1712_inc,increase SARS-CoV-2 Spike-RBD binding to human cells,Host-Pathogen / Infection Response, under SARS-CoV-2 Spike-RBD treatment (10.0 nM),Lung Adenocarcinoma Cell Line,Calu-3,bidirectional,Inhibition,bidirectional,2318,Tian (2021),10.1101/2021.01.19.427194,validation,251,204,47,30,"Drug/Chemical response · Lung Adenocarcinoma · BGLAP, NTRK2, WNK3"
1355,U_1712_merged,either increases or decreases SARS-CoV-2 Spike-RBD binding to human cells,Host-Pathogen / Infection Response, under SARS-CoV-2 Spike-RBD treatment (10.0 nM),Lung Adenocarcinoma Cell Line,Calu-3,Positive and Negative Selection,Inhibition,bidirectional,2318,Tian (2021),10.1101/2021.01.19.427194,validation,251,251,0,30,"Drug/Chemical response · Lung Adenocarcinoma · BGLAP, NTRK2, WNK3"
1356,U_1718_dec,decrease cell-surface TFRC/CD71 levels,Trafficking / Localization / Structural Phenotypes, under Transferrin receptor (TFRC/CD71) treatment (10.0 nM),Lung Adenocarcinoma Cell Line,Calu-3,bidirectional,Inhibition,bidirectional,2315,Tian (2021),10.1101/2021.01.19.427194,validation,359,138,221,30,"Drug/Chemical response · Lung Adenocarcinoma · BGLAP, NTRK2, WNK3"
1357,U_1718_inc,increase cell-surface TFRC/CD71 levels,Trafficking / Localization / Structural Phenotypes, under Transferrin receptor (TFRC/CD71) treatment (10.0 nM),Lung Adenocarcinoma Cell Line,Calu-3,bidirectional,Inhibition,bidirectional,2315,Tian (2021),10.1101/2021.01.19.427194,validation,359,221,138,30,"Drug/Chemical response · Lung Adenocarcinoma · BGLAP, NTRK2, WNK3"
1358,U_1718_merged,either increases or decreases cell-surface TFRC/CD71 levels,Trafficking / Localization / Structural Phenotypes, under Transferrin receptor (TFRC/CD71) treatment (10.0 nM),Lung Adenocarcinoma Cell Line,Calu-3,Positive and Negative Selection,Inhibition,bidirectional,2315,Tian (2021),10.1101/2021.01.19.427194,validation,359,359,0,30,"Drug/Chemical response · Lung Adenocarcinoma · BGLAP, NTRK2, WNK3"
1359,U_1719_dec,decrease cell proliferation,Fitness / Proliferation / Viability, under Doxycycline treatment (5.0 µg/mL),Lung Cancer Cell Line,A549-SunTag,bidirectional,Activation,bidirectional,414,Danziger O (2022),35421191,test,23,22,1,10,"Host-Pathogen/Infection · Cervical Adenocarcinoma · JAK2, STAT1, B2M"
1360,U_1719_inc,increase cell proliferation,Fitness / Proliferation / Viability, under Doxycycline treatment (5.0 µg/mL),Lung Cancer Cell Line,A549-SunTag,bidirectional,Activation,bidirectional,414,Danziger O (2022),35421191,test,23,1,22,10,"Host-Pathogen/Infection · Cervical Adenocarcinoma · JAK2, STAT1, B2M"
1361,U_1719_merged,either increases or decreases cell proliferation,Fitness / Proliferation / Viability, under Doxycycline treatment (5.0 µg/mL),Lung Cancer Cell Line,A549-SunTag,Positive and Negative Selection,Activation,bidirectional,414,Danziger O (2022),35421191,test,23,23,0,10,"Host-Pathogen/Infection · Cervical Adenocarcinoma · JAK2, STAT1, B2M"
1362,U_1722_dec,decrease cell proliferation in STAT1 knockout A549-deltaSTAT1-SunTag lung cancer cells,Fitness / Proliferation / Viability, under Doxycycline treatment (5.0 µg/mL),Lung Cancer Cell Line,A549-deltaSTAT1-SunTag,bidirectional,Activation,bidirectional,414,Danziger O (2022),35421191,test,79,76,3,10,"Host-Pathogen/Infection · Cervical Adenocarcinoma · JAK2, STAT1, B2M"
1363,U_1722_inc,increase cell proliferation in STAT1 knockout A549-deltaSTAT1-SunTag lung cancer cells,Fitness / Proliferation / Viability, under Doxycycline treatment (5.0 µg/mL),Lung Cancer Cell Line,A549-deltaSTAT1-SunTag,bidirectional,Activation,bidirectional,414,Danziger O (2022),35421191,test,79,3,76,10,"Host-Pathogen/Infection · Cervical Adenocarcinoma · JAK2, STAT1, B2M"
1364,U_1722_merged,either increases or decreases cell proliferation in STAT1 knockout A549-deltaSTAT1-SunTag lung cancer cells,Fitness / Proliferation / Viability, under Doxycycline treatment (5.0 µg/mL),Lung Cancer Cell Line,A549-deltaSTAT1-SunTag,Positive and Negative Selection,Activation,bidirectional,414,Danziger O (2022),35421191,test,79,79,0,10,"Host-Pathogen/Infection · Cervical Adenocarcinoma · JAK2, STAT1, B2M"
1365,1725,decreases mTORC1 activity as measured by reduced rpS6 phosphorylation,Molecular Output / Reporter / Pathway Activity,,Embryonic Kidney Cell Line,HEK293T,Phenotype Screen,Knockout,unidirectional,18485,Condon KJ (2021),33483422,validation,173,173,0,14,"Fitness/Viability · Oral Squamous Cell Carcinoma · TUBB4B, LAS1L, PGK1"
1366,U_1732_dec,decrease RelA nuclear translocation upon TNFalpha stimulation,Molecular Output / Reporter / Pathway Activity, under IFN-β (Interferon beta) treatment (75 ng/µL),Cervical Adenocarcinoma Cell Line,HeLa RelA-mNeonGreen,bidirectional,Knockout,bidirectional,1067,Schraivogel D (2022),35050652,test,76,62,14,26,"Fitness/Viability · Cervical Adenocarcinoma · SIRT6, KDM3B, JMJD7"
1367,U_1732_inc,increase RelA nuclear translocation upon TNFalpha stimulation,Molecular Output / Reporter / Pathway Activity, under IFN-β (Interferon beta) treatment (75 ng/µL),Cervical Adenocarcinoma Cell Line,HeLa RelA-mNeonGreen,bidirectional,Knockout,bidirectional,1067,Schraivogel D (2022),35050652,test,76,14,62,26,"Fitness/Viability · Cervical Adenocarcinoma · SIRT6, KDM3B, JMJD7"
1368,U_1732_merged,either increases or decreases RelA nuclear translocation upon TNFalpha stimulation,Molecular Output / Reporter / Pathway Activity, under IFN-β (Interferon beta) treatment (75 ng/µL),Cervical Adenocarcinoma Cell Line,HeLa RelA-mNeonGreen,Positive and Negative Selection,Knockout,bidirectional,1067,Schraivogel D (2022),35050652,test,76,76,0,26,"Fitness/Viability · Cervical Adenocarcinoma · SIRT6, KDM3B, JMJD7"
1369,U_1733_dec,decrease RelA nuclear translocation upon TNFα stimulation,Molecular Output / Reporter / Pathway Activity, under IFN-β (Interferon beta) treatment (75 ng/µL),Cervical Adenocarcinoma Cell Line,HeLa RelA-mNeonGreen,bidirectional,Knockout,bidirectional,18385,Schraivogel D (2022),35050652,test,169,133,36,26,"Fitness/Viability · Cervical Adenocarcinoma · SIRT6, KDM3B, JMJD7"
1370,U_1733_inc,increase RelA nuclear translocation upon TNFα stimulation,Molecular Output / Reporter / Pathway Activity, under IFN-β (Interferon beta) treatment (75 ng/µL),Cervical Adenocarcinoma Cell Line,HeLa RelA-mNeonGreen,bidirectional,Knockout,bidirectional,18385,Schraivogel D (2022),35050652,test,169,36,133,26,"Fitness/Viability · Cervical Adenocarcinoma · SIRT6, KDM3B, JMJD7"
1371,U_1733_merged,either increases or decreases RelA nuclear translocation upon TNFα stimulation,Molecular Output / Reporter / Pathway Activity, under IFN-β (Interferon beta) treatment (75 ng/µL),Cervical Adenocarcinoma Cell Line,HeLa RelA-mNeonGreen,Positive and Negative Selection,Knockout,bidirectional,18385,Schraivogel D (2022),35050652,test,169,169,0,26,"Fitness/Viability · Cervical Adenocarcinoma · SIRT6, KDM3B, JMJD7"
1372,U_1735_dec,decrease cell proliferation in DMSO-treated control conditions,Fitness / Proliferation / Viability, under Dimethyl sulfoxide (DMSO) treatment,Colonic Adenocarcinoma Cell Line,HT-29,bidirectional,Knockout,bidirectional,19008,Akinci E (2022),https://www.biorxiv.org/content/10.1101/2020.08.27.270819v1.full,test,127,126,1,15,"Drug/Chemical response · Lung Adenocarcinoma · TBC1D3D, CHURC1-FNTB, ZNF626"
1373,U_1735_inc,increase cell proliferation in DMSO-treated control conditions,Fitness / Proliferation / Viability, under Dimethyl sulfoxide (DMSO) treatment,Colonic Adenocarcinoma Cell Line,HT-29,bidirectional,Knockout,bidirectional,19008,Akinci E (2022),https://www.biorxiv.org/content/10.1101/2020.08.27.270819v1.full,test,127,1,126,15,"Drug/Chemical response · Lung Adenocarcinoma · TBC1D3D, CHURC1-FNTB, ZNF626"
1374,U_1735_merged,either increases or decreases cell proliferation in DMSO-treated control conditions,Fitness / Proliferation / Viability, under Dimethyl sulfoxide (DMSO) treatment,Colonic Adenocarcinoma Cell Line,HT-29,Positive and Negative Selection,Knockout,bidirectional,19008,Akinci E (2022),https://www.biorxiv.org/content/10.1101/2020.08.27.270819v1.full,test,127,127,0,15,"Drug/Chemical response · Lung Adenocarcinoma · TBC1D3D, CHURC1-FNTB, ZNF626"
1375,U_1736_dec,decrease resistance to hydroxychloroquine,Drug / Chemical / Environmental Response, under Hydroxychloroquine treatment (30.0 µM),Colonic Adenocarcinoma Cell Line,HT-29,bidirectional,Knockout,bidirectional,19008,Akinci E (2022),https://www.biorxiv.org/content/10.1101/2020.08.27.270819v1.full,test,1324,1189,135,15,"Drug/Chemical response · Lung Adenocarcinoma · TBC1D3D, CHURC1-FNTB, ZNF626"
1376,U_1736_inc,increase resistance to hydroxychloroquine,Drug / Chemical / Environmental Response, under Hydroxychloroquine treatment (30.0 µM),Colonic Adenocarcinoma Cell Line,HT-29,bidirectional,Knockout,bidirectional,19008,Akinci E (2022),https://www.biorxiv.org/content/10.1101/2020.08.27.270819v1.full,test,1324,135,1189,15,"Drug/Chemical response · Lung Adenocarcinoma · TBC1D3D, CHURC1-FNTB, ZNF626"
1377,U_1736_merged,either increases or decreases resistance to hydroxychloroquine,Drug / Chemical / Environmental Response, under Hydroxychloroquine treatment (30.0 µM),Colonic Adenocarcinoma Cell Line,HT-29,Positive and Negative Selection,Knockout,bidirectional,19008,Akinci E (2022),https://www.biorxiv.org/content/10.1101/2020.08.27.270819v1.full,test,1324,1324,0,15,"Drug/Chemical response · Lung Adenocarcinoma · TBC1D3D, CHURC1-FNTB, ZNF626"
1378,U_1737_dec,decrease resistance to remdesivir,Drug / Chemical / Environmental Response, under Remdesivir treatment (1.67 µM),Colonic Adenocarcinoma Cell Line,HT-29,bidirectional,Knockout,bidirectional,19008,Akinci E (2022),https://www.biorxiv.org/content/10.1101/2020.08.27.270819v1.full,test,1228,1127,101,15,"Drug/Chemical response · Lung Adenocarcinoma · TBC1D3D, CHURC1-FNTB, ZNF626"
1379,U_1737_inc,increase resistance to remdesivir,Drug / Chemical / Environmental Response, under Remdesivir treatment (1.67 µM),Colonic Adenocarcinoma Cell Line,HT-29,bidirectional,Knockout,bidirectional,19008,Akinci E (2022),https://www.biorxiv.org/content/10.1101/2020.08.27.270819v1.full,test,1228,101,1127,15,"Drug/Chemical response · Lung Adenocarcinoma · TBC1D3D, CHURC1-FNTB, ZNF626"
1380,U_1737_merged,either increases or decreases resistance to remdesivir,Drug / Chemical / Environmental Response, under Remdesivir treatment (1.67 µM),Colonic Adenocarcinoma Cell Line,HT-29,Positive and Negative Selection,Knockout,bidirectional,19008,Akinci E (2022),https://www.biorxiv.org/content/10.1101/2020.08.27.270819v1.full,test,1228,1228,0,15,"Drug/Chemical response · Lung Adenocarcinoma · TBC1D3D, CHURC1-FNTB, ZNF626"
1381,U_1738_dec,decrease resistance to hydroxychloroquine,Drug / Chemical / Environmental Response, under Hydroxychloroquine treatment (30.0 µM),Colonic Adenocarcinoma Cell Line,HT-29,bidirectional,Knockout,bidirectional,19008,Akinci E (2022),https://www.biorxiv.org/content/10.1101/2020.08.27.270819v1.full,test,173,8,165,0,"Drug/Chemical response · Lung Adenocarcinoma · NHEJ1, SLC35A2, SBNO2"
1382,U_1738_inc,increase resistance to hydroxychloroquine,Drug / Chemical / Environmental Response, under Hydroxychloroquine treatment (30.0 µM),Colonic Adenocarcinoma Cell Line,HT-29,bidirectional,Knockout,bidirectional,19008,Akinci E (2022),https://www.biorxiv.org/content/10.1101/2020.08.27.270819v1.full,test,173,165,8,0,"Drug/Chemical response · Lung Adenocarcinoma · NHEJ1, SLC35A2, SBNO2"
1383,U_1738_merged,either increases or decreases resistance to hydroxychloroquine,Drug / Chemical / Environmental Response, under Hydroxychloroquine treatment (30.0 µM),Colonic Adenocarcinoma Cell Line,HT-29,Positive and Negative Selection,Knockout,bidirectional,19008,Akinci E (2022),https://www.biorxiv.org/content/10.1101/2020.08.27.270819v1.full,test,173,173,0,0,"Drug/Chemical response · Lung Adenocarcinoma · NHEJ1, SLC35A2, SBNO2"
1384,U_1739_dec,decrease resistance to the drug,Drug / Chemical / Environmental Response, under Remdesivir treatment (1.67 µM),Colonic Adenocarcinoma Cell Line,HT-29,bidirectional,Knockout,bidirectional,19008,Akinci E (2022),https://www.biorxiv.org/content/10.1101/2020.08.27.270819v1.full,test,57,4,53,3,"Drug/Chemical response · Retinal Pigment Epithelium · PDCD10, NF2, TAOK1"
1385,U_1739_inc,increase resistance to the drug,Drug / Chemical / Environmental Response, under Remdesivir treatment (1.67 µM),Colonic Adenocarcinoma Cell Line,HT-29,bidirectional,Knockout,bidirectional,19008,Akinci E (2022),https://www.biorxiv.org/content/10.1101/2020.08.27.270819v1.full,test,57,53,4,3,"Drug/Chemical response · Retinal Pigment Epithelium · PDCD10, NF2, TAOK1"
1386,U_1739_merged,either increases or decreases resistance to the drug,Drug / Chemical / Environmental Response, under Remdesivir treatment (1.67 µM),Colonic Adenocarcinoma Cell Line,HT-29,Positive and Negative Selection,Knockout,bidirectional,19008,Akinci E (2022),https://www.biorxiv.org/content/10.1101/2020.08.27.270819v1.full,test,57,57,0,3,"Drug/Chemical response · Retinal Pigment Epithelium · PDCD10, NF2, TAOK1"
1387,1741,increases susceptibility to Salmonella enterica serovar Typhimurium infection,Host-Pathogen / Infection Response, under Salmonella enterica serovar Typhimurium and IFNgamma (500 U/ml) treatment (20 MOI),Cervical Adenocarcinoma Cell Line,HeLa,Phenotype Screen,Knockout,unidirectional,18662,Gaudet RG (2021),34437126,validation,2,2,0,10,"Host-Pathogen/Infection · Cervical Adenocarcinoma · JAK2, STAT1, B2M"
1388,1743,increases sensitivity to gemcitabine,Drug / Chemical / Environmental Response, under Gemcitabine treatment (3.2 μmol/L),Pancreatic Adenocarcinoma Cell Line,AsPC-1,Negative Selection,Knockout,unidirectional,995,Thummuri D (2022),34667112,test,7,7,0,6,"Drug/Chemical response · Retinal Pigment Epithelium · E2F7, MAPK1, STAG2"
1389,1744,increases drug resistance to gemcitabine,Drug / Chemical / Environmental Response, under Gemcitabine treatment (3.2 μmol/L),Pancreatic Adenocarcinoma Cell Line,AsPC-1,Positive Selection,Knockout,unidirectional,995,Thummuri D (2022),34667112,test,4,4,0,4,"Drug/Chemical response · Chronic Myelogenous Leukemia · FBXW7, STUB1, RNF7"
1390,1745,increases sensitivity to niraparib,Drug / Chemical / Environmental Response, under Niraparib treatment (10 μmol/L),Pancreatic Adenocarcinoma Cell Line,AsPC-1,Negative Selection,Knockout,unidirectional,995,Thummuri D (2022),34667112,test,12,12,0,18,"Fitness/Viability · Hepatoma · CDK11B, PRP4K, STK11"
1391,1746,increases drug resistance,Drug / Chemical / Environmental Response, under Niraparib treatment (10 μmol/L),Pancreatic Adenocarcinoma Cell Line,AsPC-1,Positive Selection,Knockout,unidirectional,995,Thummuri D (2022),34667112,test,1,1,0,6,"Drug/Chemical response · Retinal Pigment Epithelium · E2F7, MAPK1, STAG2"
1392,1747,increases sensitivity to 5-FU,Drug / Chemical / Environmental Response, under 5-fluorouracil treatment (2.5 μmol/L),Pancreatic Adenocarcinoma Cell Line,AsPC-1,Negative Selection,Knockout,unidirectional,995,Thummuri D (2022),34667112,test,17,17,0,18,"Fitness/Viability · Hepatoma · CDK11B, PRP4K, STK11"
1393,1748,increases resistance to 5-FU,Drug / Chemical / Environmental Response, under 5-fluorouracil treatment (2.5 μmol/L),Pancreatic Adenocarcinoma Cell Line,AsPC-1,Positive Selection,Knockout,unidirectional,995,Thummuri D (2022),34667112,test,10,10,0,6,"Drug/Chemical response · Retinal Pigment Epithelium · E2F7, MAPK1, STAG2"
1394,1751,increases resistance to rhinovirus infection,Host-Pathogen / Infection Response, under Virus: Rhinovirus serotype B14 (RV-B14) treatment (1 MOI),HeLa,H1HeLa,Positive Selection,Knockout,unidirectional,18377,Mei H (2021),34686207,validation,45,45,0,11,"Host-Pathogen/Infection · Lung Adenocarcinoma · ACE2, TMPRSS2, RMC1"
1395,1752,increases resistance to rhinovirus infection,Host-Pathogen / Infection Response, under Virus: Rhinovirus serotype B14 (RV-B14) treatment (1 MOI),HeLa,H1HeLa,Positive Selection,Knockout,unidirectional,1342,Mei H (2021),34686207,validation,17,17,0,10,"Host-Pathogen/Infection · Cervical Adenocarcinoma · JAK2, STAT1, B2M"
1396,1753,decreases cell proliferation,Fitness / Proliferation / Viability,,Acute Myeloid Leukemia Cell Line,MOLM-13,Negative Selection,Knockout,unidirectional,217,Polyanskaya SA (2022),35021089,test,17,17,0,29,"Fitness/Viability · Acute Myeloid Leukemia · TIMM50, CTDSPL2, PMM2"
1397,1754,decreases cell proliferation,Fitness / Proliferation / Viability,,Lymphoma or Leukaemia Cell Line,SEM,Negative Selection,Knockout,unidirectional,217,Polyanskaya SA (2022),35021089,test,15,15,0,29,"Fitness/Viability · Acute Myeloid Leukemia · TIMM50, CTDSPL2, PMM2"
1398,1755,decreases cell proliferation,Fitness / Proliferation / Viability,,Acute Myeloid Leukemia Cell Line,NOMO-1,Negative Selection,Knockout,unidirectional,217,Polyanskaya SA (2022),35021089,test,15,15,0,29,"Fitness/Viability · Acute Myeloid Leukemia · TIMM50, CTDSPL2, PMM2"
1399,1756,decreases cell proliferation,Fitness / Proliferation / Viability,,Erythroleukemia Cell Line,HEL,Negative Selection,Knockout,unidirectional,217,Polyanskaya SA (2022),35021089,test,18,18,0,29,"Fitness/Viability · Acute Myeloid Leukemia · TIMM50, CTDSPL2, PMM2"
1400,1757,decreases cell proliferation,Fitness / Proliferation / Viability,,Acute Myeloid Leukemia Cell Line,OCI-AML-3,Negative Selection,Knockout,unidirectional,217,Polyanskaya SA (2022),35021089,test,16,16,0,29,"Fitness/Viability · Acute Myeloid Leukemia · TIMM50, CTDSPL2, PMM2"
1401,1758,decreases cell proliferation,Fitness / Proliferation / Viability,,Lymphoma Cell Line,U-937,Negative Selection,Knockout,unidirectional,217,Polyanskaya SA (2022),35021089,test,12,12,0,29,"Fitness/Viability · Acute Myeloid Leukemia · TIMM50, CTDSPL2, PMM2"
1402,1759,decreases cell proliferation,Fitness / Proliferation / Viability,,Acute Myeloid Leukemia Cell Line,Kasumi-1,Negative Selection,Knockout,unidirectional,217,Polyanskaya SA (2022),35021089,test,10,10,0,29,"Fitness/Viability · Acute Myeloid Leukemia · TIMM50, CTDSPL2, PMM2"
1403,1760,decreases cell proliferation,Fitness / Proliferation / Viability,,Chronic Myeloid Leukemia Cell Line,K-562,Negative Selection,Knockout,unidirectional,217,Polyanskaya SA (2022),35021089,test,13,13,0,29,"Fitness/Viability · Acute Myeloid Leukemia · TIMM50, CTDSPL2, PMM2"
1404,1761,decreases cell proliferation,Fitness / Proliferation / Viability,,small cell lung cancer,NCI-H1048,Negative Selection,Knockout,unidirectional,217,Polyanskaya SA (2022),35021089,test,16,16,0,29,"Fitness/Viability · Acute Myeloid Leukemia · TIMM50, CTDSPL2, PMM2"
1405,1762,decreases cell proliferation,Fitness / Proliferation / Viability,,Pancreatic Adenocarcinoma Cell Line,AsPC-1,Negative Selection,Knockout,unidirectional,217,Polyanskaya SA (2022),35021089,test,15,15,0,29,"Fitness/Viability · Acute Myeloid Leukemia · TIMM50, CTDSPL2, PMM2"
1406,1763,decreases cell proliferation,Fitness / Proliferation / Viability,,Rhabdomyosarcoma Cell Line,Rh30,Negative Selection,Knockout,unidirectional,217,Polyanskaya SA (2022),35021089,test,22,22,0,29,"Fitness/Viability · Acute Myeloid Leukemia · TIMM50, CTDSPL2, PMM2"
1407,1764,decreases cell proliferation,Fitness / Proliferation / Viability,,Rhabdomyosarcoma Cell Line,RD,Negative Selection,Knockout,unidirectional,217,Polyanskaya SA (2022),35021089,test,15,15,0,29,"Fitness/Viability · Acute Myeloid Leukemia · TIMM50, CTDSPL2, PMM2"
1408,1766,increases drug resistance,Drug / Chemical / Environmental Response, under Venetoclax treatment,Monocytic Leukemia Cell Line,THP-1,Negative Selection,Knockout,unidirectional,2312,Lin KH (2019),30773463,train,193,193,0,9,"Fitness/Viability · Acute Myeloid Leukemia · SPDYE5, WASHC1, GOLGA8O"
1409,1767,increases drug resistance,Drug / Chemical / Environmental Response, under Venetoclax treatment,Acute Myeloid Leukemia Cell Line,MOLM-13,Negative Selection,Knockout,unidirectional,2312,Lin KH (2019),30773463,train,352,352,0,15,"Drug/Chemical response · Lung Adenocarcinoma · TBC1D3D, CHURC1-FNTB, ZNF626"
1410,1782,decreases tumor cell proliferation in response to immune checkpoint blockade,Drug / Chemical / Environmental Response, under Immunotherapy (GVAX + PD-1 blockade) treatment,Melanoma Cell Line,B16-F10,Negative Selection,Knockout,unidirectional,897,Griffin GK (2021),33953401,validation,135,135,0,26,"Fitness/Viability · Cervical Adenocarcinoma · SIRT6, KDM3B, JMJD7"
1411,1783,increases radiation sensitivity as measured by decreased cell survival after up to four cycles of 6 Gy irradiation (24 Gy cumulative),Drug / Chemical / Environmental Response, under Ionizing Radiation (IR) treatment (24 Gy),nasopharyngeal carcinoma cell line,CNE2-IR,Negative Selection,Knockout,unidirectional,19007,Shen L (2021),34907164,validation,10,10,0,4,"Drug/Chemical response · Chronic Myelogenous Leukemia · FBXW7, STUB1, RNF7"
1412,U_1787_dec,decrease cell proliferation,Fitness / Proliferation / Viability,,Cervical Adenocarcinoma Cell Line,HeLa,bidirectional,Knockout,bidirectional,17432,Xu P (2021),34155407,validation,2024,1794,230,22,"Fitness/Viability · Cervical Adenocarcinoma · NEDD8-MDP1, CWC15, ZNF808"
1413,U_1787_inc,increase cell proliferation,Fitness / Proliferation / Viability,,Cervical Adenocarcinoma Cell Line,HeLa,bidirectional,Knockout,bidirectional,17432,Xu P (2021),34155407,validation,2024,230,1794,22,"Fitness/Viability · Cervical Adenocarcinoma · NEDD8-MDP1, CWC15, ZNF808"
1414,U_1787_merged,either increases or decreases cell proliferation,Fitness / Proliferation / Viability,,Cervical Adenocarcinoma Cell Line,HeLa,Positive and Negative Selection,Knockout,bidirectional,17432,Xu P (2021),34155407,validation,2024,2024,0,22,"Fitness/Viability · Cervical Adenocarcinoma · NEDD8-MDP1, CWC15, ZNF808"
1415,U_1788_dec,decrease cell proliferation,Fitness / Proliferation / Viability,,Cervical Adenocarcinoma Cell Line,HeLa,bidirectional,Knockout,bidirectional,17432,Xu P (2021),34155407,validation,2413,2120,293,22,"Fitness/Viability · Cervical Adenocarcinoma · NEDD8-MDP1, CWC15, ZNF808"
1416,U_1788_inc,increase cell proliferation,Fitness / Proliferation / Viability,,Cervical Adenocarcinoma Cell Line,HeLa,bidirectional,Knockout,bidirectional,17432,Xu P (2021),34155407,validation,2413,293,2120,22,"Fitness/Viability · Cervical Adenocarcinoma · NEDD8-MDP1, CWC15, ZNF808"
1417,U_1788_merged,either increases or decreases cell proliferation,Fitness / Proliferation / Viability,,Cervical Adenocarcinoma Cell Line,HeLa,Positive and Negative Selection,Knockout,bidirectional,17432,Xu P (2021),34155407,validation,2413,2413,0,22,"Fitness/Viability · Cervical Adenocarcinoma · NEDD8-MDP1, CWC15, ZNF808"
1418,U_1789_dec,decrease cell proliferation,Fitness / Proliferation / Viability,,Chronic Myeloid Leukemia Cell Line,K-562,bidirectional,Knockout,bidirectional,17432,Xu P (2021),34155407,validation,1146,1051,95,22,"Fitness/Viability · Cervical Adenocarcinoma · NEDD8-MDP1, CWC15, ZNF808"
1419,U_1789_inc,increase cell proliferation,Fitness / Proliferation / Viability,,Chronic Myeloid Leukemia Cell Line,K-562,bidirectional,Knockout,bidirectional,17432,Xu P (2021),34155407,validation,1146,95,1051,22,"Fitness/Viability · Cervical Adenocarcinoma · NEDD8-MDP1, CWC15, ZNF808"
1420,U_1789_merged,either increases or decreases cell proliferation,Fitness / Proliferation / Viability,,Chronic Myeloid Leukemia Cell Line,K-562,Positive and Negative Selection,Knockout,bidirectional,17432,Xu P (2021),34155407,validation,1146,1146,0,22,"Fitness/Viability · Cervical Adenocarcinoma · NEDD8-MDP1, CWC15, ZNF808"
1421,U_1790_dec,decrease cell proliferation,Fitness / Proliferation / Viability,,Chronic Myeloid Leukemia Cell Line,K-562,bidirectional,Knockout,bidirectional,17432,Xu P (2021),34155407,validation,1233,1120,113,22,"Fitness/Viability · Cervical Adenocarcinoma · NEDD8-MDP1, CWC15, ZNF808"
1422,U_1790_inc,increase cell proliferation,Fitness / Proliferation / Viability,,Chronic Myeloid Leukemia Cell Line,K-562,bidirectional,Knockout,bidirectional,17432,Xu P (2021),34155407,validation,1233,113,1120,22,"Fitness/Viability · Cervical Adenocarcinoma · NEDD8-MDP1, CWC15, ZNF808"
1423,U_1790_merged,either increases or decreases cell proliferation,Fitness / Proliferation / Viability,,Chronic Myeloid Leukemia Cell Line,K-562,Positive and Negative Selection,Knockout,bidirectional,17432,Xu P (2021),34155407,validation,1233,1233,0,22,"Fitness/Viability · Cervical Adenocarcinoma · NEDD8-MDP1, CWC15, ZNF808"
1424,U_1791_dec,decrease cell proliferation,Fitness / Proliferation / Viability,,Retinal Pigment Epithelium Cell Line,hTERT-RPE1,bidirectional,Knockout,bidirectional,17432,Xu P (2021),34155407,validation,2119,1767,352,22,"Fitness/Viability · Cervical Adenocarcinoma · NEDD8-MDP1, CWC15, ZNF808"
1425,U_1791_inc,increase cell proliferation,Fitness / Proliferation / Viability,,Retinal Pigment Epithelium Cell Line,hTERT-RPE1,bidirectional,Knockout,bidirectional,17432,Xu P (2021),34155407,validation,2119,352,1767,22,"Fitness/Viability · Cervical Adenocarcinoma · NEDD8-MDP1, CWC15, ZNF808"
1426,U_1791_merged,either increases or decreases cell proliferation,Fitness / Proliferation / Viability,,Retinal Pigment Epithelium Cell Line,hTERT-RPE1,Positive and Negative Selection,Knockout,bidirectional,17432,Xu P (2021),34155407,validation,2119,2119,0,22,"Fitness/Viability · Cervical Adenocarcinoma · NEDD8-MDP1, CWC15, ZNF808"
1427,U_1792_dec,decrease cell proliferation,Fitness / Proliferation / Viability, under Mutation: TP53 (ETG:7157) KO treatment,Retinal Pigment Epithelium Cell Line,hTERT-RPE1,bidirectional,Knockout,bidirectional,17431,Xu P (2021),34155407,validation,1874,1548,326,22,"Fitness/Viability · Cervical Adenocarcinoma · NEDD8-MDP1, CWC15, ZNF808"
1428,U_1792_inc,increase cell proliferation,Fitness / Proliferation / Viability, under Mutation: TP53 (ETG:7157) KO treatment,Retinal Pigment Epithelium Cell Line,hTERT-RPE1,bidirectional,Knockout,bidirectional,17431,Xu P (2021),34155407,validation,1874,326,1548,22,"Fitness/Viability · Cervical Adenocarcinoma · NEDD8-MDP1, CWC15, ZNF808"
1429,U_1792_merged,either increases or decreases cell proliferation,Fitness / Proliferation / Viability, under Mutation: TP53 (ETG:7157) KO treatment,Retinal Pigment Epithelium Cell Line,hTERT-RPE1,Positive and Negative Selection,Knockout,bidirectional,17431,Xu P (2021),34155407,validation,1874,1874,0,22,"Fitness/Viability · Cervical Adenocarcinoma · NEDD8-MDP1, CWC15, ZNF808"
1430,U_1793_dec,decrease cell proliferation in an EGFR-T790M/L858R mutant background,Fitness / Proliferation / Viability, under Mutation: EGFR (ETG1956) T790M/L858R treatment,Lung Adenocarcinoma Cell Line,PC-9,bidirectional,Knockout,bidirectional,19010,Vichas A (2021),34373451,validation,1600,1587,13,15,"Drug/Chemical response · Lung Adenocarcinoma · TBC1D3D, CHURC1-FNTB, ZNF626"
1431,U_1793_inc,increase cell proliferation in an EGFR-T790M/L858R mutant background,Fitness / Proliferation / Viability, under Mutation: EGFR (ETG1956) T790M/L858R treatment,Lung Adenocarcinoma Cell Line,PC-9,bidirectional,Knockout,bidirectional,19010,Vichas A (2021),34373451,validation,1600,13,1587,15,"Drug/Chemical response · Lung Adenocarcinoma · TBC1D3D, CHURC1-FNTB, ZNF626"
1432,U_1793_merged,either increases or decreases cell proliferation in an EGFR-T790M/L858R mutant background,Fitness / Proliferation / Viability, under Mutation: EGFR (ETG1956) T790M/L858R treatment,Lung Adenocarcinoma Cell Line,PC-9,Positive and Negative Selection,Knockout,bidirectional,19010,Vichas A (2021),34373451,validation,1600,1600,0,15,"Drug/Chemical response · Lung Adenocarcinoma · TBC1D3D, CHURC1-FNTB, ZNF626"
1433,U_1794_dec,decrease cell growth in the presence of erlotinib in EGFR-T790M/L858R mutant cells,Drug / Chemical / Environmental Response, under Mutation: EGFR (ETG1956) T790M/L858R| erlotinib treatment (40.0 nM),Lung Adenocarcinoma Cell Line,PC-9,bidirectional,Knockout,bidirectional,19010,Vichas A (2021),34373451,validation,1485,1449,36,15,"Drug/Chemical response · Lung Adenocarcinoma · TBC1D3D, CHURC1-FNTB, ZNF626"
1434,U_1794_inc,increase cell growth in the presence of erlotinib in EGFR-T790M/L858R mutant cells,Drug / Chemical / Environmental Response, under Mutation: EGFR (ETG1956) T790M/L858R| erlotinib treatment (40.0 nM),Lung Adenocarcinoma Cell Line,PC-9,bidirectional,Knockout,bidirectional,19010,Vichas A (2021),34373451,validation,1485,36,1449,15,"Drug/Chemical response · Lung Adenocarcinoma · TBC1D3D, CHURC1-FNTB, ZNF626"
1435,U_1794_merged,either increases or decreases cell growth in the presence of erlotinib in EGFR-T790M/L858R mutant cells,Drug / Chemical / Environmental Response, under Mutation: EGFR (ETG1956) T790M/L858R| erlotinib treatment (40.0 nM),Lung Adenocarcinoma Cell Line,PC-9,Positive and Negative Selection,Knockout,bidirectional,19010,Vichas A (2021),34373451,validation,1485,1485,0,15,"Drug/Chemical response · Lung Adenocarcinoma · TBC1D3D, CHURC1-FNTB, ZNF626"
1436,U_1795_dec,decrease cell proliferation in a KRASG12V mutant background,Fitness / Proliferation / Viability, under Mutation: KRAS (ETG3845) G12V treatment,Lung Adenocarcinoma Cell Line,PC-9,bidirectional,Knockout,bidirectional,19010,Vichas A (2021),34373451,validation,1632,1629,3,15,"Drug/Chemical response · Lung Adenocarcinoma · TBC1D3D, CHURC1-FNTB, ZNF626"
1437,U_1795_inc,increase cell proliferation in a KRASG12V mutant background,Fitness / Proliferation / Viability, under Mutation: KRAS (ETG3845) G12V treatment,Lung Adenocarcinoma Cell Line,PC-9,bidirectional,Knockout,bidirectional,19010,Vichas A (2021),34373451,validation,1632,3,1629,15,"Drug/Chemical response · Lung Adenocarcinoma · TBC1D3D, CHURC1-FNTB, ZNF626"
1438,U_1795_merged,either increases or decreases cell proliferation in a KRASG12V mutant background,Fitness / Proliferation / Viability, under Mutation: KRAS (ETG3845) G12V treatment,Lung Adenocarcinoma Cell Line,PC-9,Positive and Negative Selection,Knockout,bidirectional,19010,Vichas A (2021),34373451,validation,1632,1632,0,15,"Drug/Chemical response · Lung Adenocarcinoma · TBC1D3D, CHURC1-FNTB, ZNF626"
1439,U_1796_dec,decrease cell growth in the presence of erlotinib in a KRASG12V mutant background,Drug / Chemical / Environmental Response, under Mutation: KRAS (ETG3845) G12V| erlotinib treatment (40.0 nM),Lung Adenocarcinoma Cell Line,PC-9,bidirectional,Knockout,bidirectional,19010,Vichas A (2021),34373451,validation,1452,1447,5,15,"Drug/Chemical response · Lung Adenocarcinoma · TBC1D3D, CHURC1-FNTB, ZNF626"
1440,U_1796_inc,increase cell growth in the presence of erlotinib in a KRASG12V mutant background,Drug / Chemical / Environmental Response, under Mutation: KRAS (ETG3845) G12V| erlotinib treatment (40.0 nM),Lung Adenocarcinoma Cell Line,PC-9,bidirectional,Knockout,bidirectional,19010,Vichas A (2021),34373451,validation,1452,5,1447,15,"Drug/Chemical response · Lung Adenocarcinoma · TBC1D3D, CHURC1-FNTB, ZNF626"
1441,U_1796_merged,either increases or decreases cell growth in the presence of erlotinib in a KRASG12V mutant background,Drug / Chemical / Environmental Response, under Mutation: KRAS (ETG3845) G12V| erlotinib treatment (40.0 nM),Lung Adenocarcinoma Cell Line,PC-9,Positive and Negative Selection,Knockout,bidirectional,19010,Vichas A (2021),34373451,validation,1452,1452,0,15,"Drug/Chemical response · Lung Adenocarcinoma · TBC1D3D, CHURC1-FNTB, ZNF626"
1442,U_1797_dec,decrease cell proliferation in a RIT1M90I mutant background,Fitness / Proliferation / Viability, under Mutation: RIT1 (ETG6016) M90I treatment,Lung Adenocarcinoma Cell Line,PC-9,bidirectional,Knockout,bidirectional,19010,Vichas A (2021),34373451,validation,1407,1287,120,15,"Drug/Chemical response · Lung Adenocarcinoma · TBC1D3D, CHURC1-FNTB, ZNF626"
1443,U_1797_inc,increase cell proliferation in a RIT1M90I mutant background,Fitness / Proliferation / Viability, under Mutation: RIT1 (ETG6016) M90I treatment,Lung Adenocarcinoma Cell Line,PC-9,bidirectional,Knockout,bidirectional,19010,Vichas A (2021),34373451,validation,1407,120,1287,15,"Drug/Chemical response · Lung Adenocarcinoma · TBC1D3D, CHURC1-FNTB, ZNF626"
1444,U_1797_merged,either increases or decreases cell proliferation in a RIT1M90I mutant background,Fitness / Proliferation / Viability, under Mutation: RIT1 (ETG6016) M90I treatment,Lung Adenocarcinoma Cell Line,PC-9,Positive and Negative Selection,Knockout,bidirectional,19010,Vichas A (2021),34373451,validation,1407,1407,0,15,"Drug/Chemical response · Lung Adenocarcinoma · TBC1D3D, CHURC1-FNTB, ZNF626"
1445,U_1798_dec,decrease cell growth in the presence of erlotinib in a RIT1M90I mutant background,Drug / Chemical / Environmental Response, under Mutation: RIT1 (ETG6016) M90I| erlotinib treatment (40.0 nM),Lung Adenocarcinoma Cell Line,PC-9,bidirectional,Knockout,bidirectional,19010,Vichas A (2021),34373451,validation,1359,1207,152,15,"Drug/Chemical response · Lung Adenocarcinoma · TBC1D3D, CHURC1-FNTB, ZNF626"
1446,U_1798_inc,increase cell growth in the presence of erlotinib in a RIT1M90I mutant background,Drug / Chemical / Environmental Response, under Mutation: RIT1 (ETG6016) M90I| erlotinib treatment (40.0 nM),Lung Adenocarcinoma Cell Line,PC-9,bidirectional,Knockout,bidirectional,19010,Vichas A (2021),34373451,validation,1359,152,1207,15,"Drug/Chemical response · Lung Adenocarcinoma · TBC1D3D, CHURC1-FNTB, ZNF626"
1447,U_1798_merged,either increases or decreases cell growth in the presence of erlotinib in a RIT1M90I mutant background,Drug / Chemical / Environmental Response, under Mutation: RIT1 (ETG6016) M90I| erlotinib treatment (40.0 nM),Lung Adenocarcinoma Cell Line,PC-9,Positive and Negative Selection,Knockout,bidirectional,19010,Vichas A (2021),34373451,validation,1359,1359,0,15,"Drug/Chemical response · Lung Adenocarcinoma · TBC1D3D, CHURC1-FNTB, ZNF626"
1448,U_1799_dec,decrease cell proliferation in a RIT1M90I mutant background,Fitness / Proliferation / Viability, under Mutation: RIT1 (ETG6016) M90I treatment,Lung Adenocarcinoma Cell Line,PC-9,bidirectional,Knockout,bidirectional,1285,Vichas A (2021),34373451,validation,588,367,221,15,"Drug/Chemical response · Lung Adenocarcinoma · TBC1D3D, CHURC1-FNTB, ZNF626"
1449,U_1799_inc,increase cell proliferation in a RIT1M90I mutant background,Fitness / Proliferation / Viability, under Mutation: RIT1 (ETG6016) M90I treatment,Lung Adenocarcinoma Cell Line,PC-9,bidirectional,Knockout,bidirectional,1285,Vichas A (2021),34373451,validation,588,221,367,15,"Drug/Chemical response · Lung Adenocarcinoma · TBC1D3D, CHURC1-FNTB, ZNF626"
1450,U_1799_merged,either increases or decreases cell proliferation in a RIT1M90I mutant background,Fitness / Proliferation / Viability, under Mutation: RIT1 (ETG6016) M90I treatment,Lung Adenocarcinoma Cell Line,PC-9,Positive and Negative Selection,Knockout,bidirectional,1285,Vichas A (2021),34373451,validation,588,588,0,15,"Drug/Chemical response · Lung Adenocarcinoma · TBC1D3D, CHURC1-FNTB, ZNF626"
1451,U_1800_dec,decrease cell growth in the presence of erlotinib in a RIT1M90I mutant background,Drug / Chemical / Environmental Response, under Mutation: RIT1 (ETG6016) M90I| erlotinib treatment (40.0 nM),Lung Adenocarcinoma Cell Line,PC-9,bidirectional,Knockout,bidirectional,1285,Vichas A (2021),34373451,validation,357,318,39,15,"Drug/Chemical response · Lung Adenocarcinoma · TBC1D3D, CHURC1-FNTB, ZNF626"
1452,U_1800_inc,increase cell growth in the presence of erlotinib in a RIT1M90I mutant background,Drug / Chemical / Environmental Response, under Mutation: RIT1 (ETG6016) M90I| erlotinib treatment (40.0 nM),Lung Adenocarcinoma Cell Line,PC-9,bidirectional,Knockout,bidirectional,1285,Vichas A (2021),34373451,validation,357,39,318,15,"Drug/Chemical response · Lung Adenocarcinoma · TBC1D3D, CHURC1-FNTB, ZNF626"
1453,U_1800_merged,either increases or decreases cell growth in the presence of erlotinib in a RIT1M90I mutant background,Drug / Chemical / Environmental Response, under Mutation: RIT1 (ETG6016) M90I| erlotinib treatment (40.0 nM),Lung Adenocarcinoma Cell Line,PC-9,Positive and Negative Selection,Knockout,bidirectional,1285,Vichas A (2021),34373451,validation,357,357,0,15,"Drug/Chemical response · Lung Adenocarcinoma · TBC1D3D, CHURC1-FNTB, ZNF626"
1454,1801,decreases proliferation of acute myeloid leukemia cells,Fitness / Proliferation / Viability,,Acute Myeloid Leukemia Cell Line,OCI-AML-2,Negative Selection,Knockout,unidirectional,1049,Khan DH (2020),32299104,train,147,147,0,9,"Fitness/Viability · Acute Myeloid Leukemia · SPDYE5, WASHC1, GOLGA8O"
1455,1804,increases drug resistance to panobinostat,Drug / Chemical / Environmental Response, under panobinostat treatment (10.0 nM),Pre-B Acute Lymphoblastic Leukemia Cell Line,NALM-6,Positive Selection,Knockout,unidirectional,20671,Jiang C (2022),35192680,test,681,681,0,9,"Fitness/Viability · Acute Myeloid Leukemia · SPDYE5, WASHC1, GOLGA8O"
1456,1805,increases drug resistance to panobinostat,Drug / Chemical / Environmental Response, under panobinostat treatment (10.0 nM),Pre-B Acute Lymphoblastic Leukemia Cell Line,NALM-6,Positive Selection,Knockout,unidirectional,20671,Jiang C (2022),35192680,test,977,977,0,9,"Fitness/Viability · Acute Myeloid Leukemia · SPDYE5, WASHC1, GOLGA8O"
1457,1811,decreases cell proliferation,Fitness / Proliferation / Viability,,Medulloblastoma Cell Line,D283 Med,Negative Selection,Knockout,unidirectional,17638,Bandopadhayay P (2019),31160565,train,2317,2317,0,1,"Fitness/Viability · Melanoma · C1QBP, NDUFA10, PET117"
1458,1812,decreases cell proliferation,Fitness / Proliferation / Viability,,Medulloblastoma Cell Line,D458 Med,Negative Selection,Knockout,unidirectional,17638,Bandopadhayay P (2019),31160565,train,2451,2451,0,1,"Fitness/Viability · Melanoma · C1QBP, NDUFA10, PET117"
1459,1813,decreases cell proliferation,Fitness / Proliferation / Viability,,Medulloblastoma Cell Line,D341 Med,Negative Selection,Knockout,unidirectional,17638,Bandopadhayay P (2019),31160565,train,1700,1700,0,5,"Fitness/Viability · Cancer · OR5K2, SDC1, NBEAL1"
1460,1814,decreases cell proliferation,Fitness / Proliferation / Viability,,Medulloblastoma Cell Line,D425 Med,Negative Selection,Knockout,unidirectional,17638,Bandopadhayay P (2019),31160565,train,2230,2230,0,1,"Fitness/Viability · Melanoma · C1QBP, NDUFA10, PET117"
1461,1815,increases resistance to MERS-CoV infection,Host-Pathogen / Infection Response, under Virus: MERS-CoV treatment (0.05 MOI),Hepatoma Cell Line,HuH-7,Positive Selection,Knockout,unidirectional,20482,Kratzel A (2021),34962926,validation,684,684,0,0,"Drug/Chemical response · Lung Adenocarcinoma · NHEJ1, SLC35A2, SBNO2"
1462,1816,increases resistance to MERS-CoV infection,Host-Pathogen / Infection Response, under Virus: MERS-CoV treatment (0.05 MOI),Hepatoma Cell Line,HuH-7,Positive Selection,Knockout,unidirectional,20482,Kratzel A (2021),34962926,validation,518,518,0,0,"Drug/Chemical response · Lung Adenocarcinoma · NHEJ1, SLC35A2, SBNO2"
1463,1817,increases resistance to HCoV-229E coronavirus infection,Host-Pathogen / Infection Response, under Virus: HCoV-229E (Human coronavirus 229E) treatment (0.1 MOI),Hepatoma Cell Line,HuH-7,Positive Selection,Knockout,unidirectional,20482,Kratzel A (2021),34962926,validation,888,888,0,0,"Drug/Chemical response · Lung Adenocarcinoma · NHEJ1, SLC35A2, SBNO2"
1464,1818,increases resistance to HCoV-229E coronavirus infection,Host-Pathogen / Infection Response, under Virus: HCoV-229E (Human coronavirus 229E) treatment (0.1 MOI),Hepatoma Cell Line,HuH-7,Positive Selection,Knockout,unidirectional,20482,Kratzel A (2021),34962926,validation,371,371,0,0,"Drug/Chemical response · Lung Adenocarcinoma · NHEJ1, SLC35A2, SBNO2"
1465,1821,increases resistance to SARS-CoV-2 infection,Host-Pathogen / Infection Response, under Virus: SARS-CoV-2 (Strain UF-1) treatment (0.01 MOI),Embryonic Kidney Cell Line,HEK293T/ACE2,Positive Selection,Knockout,unidirectional,19007,Grodzki M (2022),35086559,test,48,48,0,11,"Host-Pathogen/Infection · Lung Adenocarcinoma · ACE2, TMPRSS2, RMC1"
1466,1822,"increases resistance to SARS-CoV-2 infection, as measured by reduced viral infection in HEK293T-hACE2 cells",Host-Pathogen / Infection Response, under Virus: SARS-CoV-2 (Strain UF-1) treatment (0.01 MOI),Embryonic Kidney Cell Line,HEK293T/ACE2,Positive Selection,Knockout,unidirectional,19007,Grodzki M (2022),35086559,test,72,72,0,11,"Host-Pathogen/Infection · Lung Adenocarcinoma · ACE2, TMPRSS2, RMC1"
1467,1823,increases resistance to SARS-CoV-2 infection as measured by reduced infection of HEK293T-hACE2 cells,Host-Pathogen / Infection Response, under Virus: SARS-CoV-2 (Strain UF-1) treatment (0.01 MOI),Embryonic Kidney Cell Line,HEK293T/ACE2,Positive Selection,Knockout,unidirectional,19007,Grodzki M (2022),35086559,test,40,40,0,11,"Host-Pathogen/Infection · Lung Adenocarcinoma · ACE2, TMPRSS2, RMC1"
1468,1824,increases resistance to SARS-CoV-2 infection,Host-Pathogen / Infection Response, under Virus: SARS-CoV-2 (Strain UF-1) treatment (0.1 MOI),Embryonic Kidney Cell Line,HEK293T/ACE2,Positive Selection,Knockout,unidirectional,19007,Grodzki M (2022),35086559,test,60,60,0,11,"Host-Pathogen/Infection · Lung Adenocarcinoma · ACE2, TMPRSS2, RMC1"
1469,1825,increases resistance to SARS-CoV-2 infection,Host-Pathogen / Infection Response, under Virus: SARS-CoV-2 (Strain UF-1) treatment (0.1 MOI),Embryonic Kidney Cell Line,HEK293T/ACE2,Positive Selection,Knockout,unidirectional,19007,Grodzki M (2022),35086559,test,18,18,0,11,"Host-Pathogen/Infection · Lung Adenocarcinoma · ACE2, TMPRSS2, RMC1"
1470,1826,increases resistance to SARS-CoV-2 infection as measured by decreased viral infection in HEK293T-hACE2 cells,Host-Pathogen / Infection Response, under Virus: SARS-CoV-2 (Strain UF-1) treatment (0.3 MOI),Embryonic Kidney Cell Line,HEK293T/ACE2,Positive Selection,Knockout,unidirectional,19007,Grodzki M (2022),35086559,test,38,38,0,11,"Host-Pathogen/Infection · Lung Adenocarcinoma · ACE2, TMPRSS2, RMC1"
1471,1827,increases resistance to SARS-CoV-2 infection in HEK293T-hACE2 cells,Host-Pathogen / Infection Response, under Virus: SARS-CoV-2 (Strain UF-1) treatment (0.03 MOI),Embryonic Kidney Cell Line,HEK293T/ACE2,Positive Selection,Knockout,unidirectional,19007,Grodzki M (2022),35086559,test,61,61,0,11,"Host-Pathogen/Infection · Lung Adenocarcinoma · ACE2, TMPRSS2, RMC1"
1472,1828,increases resistance to HCoV-OC43 infection,Host-Pathogen / Infection Response, under Virus: HCoV-OC43 (Human coronavirus OC43) treatment (0.01 MOI),Embryonic Kidney Cell Line,HEK293T/ACE2,Positive Selection,Knockout,unidirectional,19007,Grodzki M (2022),35086559,test,43,43,0,11,"Host-Pathogen/Infection · Lung Adenocarcinoma · ACE2, TMPRSS2, RMC1"
1473,1829,increases resistance to HCoV-OC43 infection as measured by increased cell survival,Host-Pathogen / Infection Response, under Virus: HCoV-OC43 (Human coronavirus OC43) treatment (0.01 MOI),Embryonic Kidney Cell Line,HEK293T/ACE2,Positive Selection,Knockout,unidirectional,18984,Grodzki M (2022),35086559,test,95,95,0,11,"Host-Pathogen/Infection · Lung Adenocarcinoma · ACE2, TMPRSS2, RMC1"
1474,1830,"increases resistance to HCoV-OC43 infection, as measured by increased survival of HEK293T-hACE2 cells during prolonged infection",Host-Pathogen / Infection Response, under Virus: HCoV-OC43 (Human coronavirus OC43) treatment (0.1 MOI),Embryonic Kidney Cell Line,HEK293T/ACE2,Positive Selection,Knockout,unidirectional,18984,Grodzki M (2022),35086559,test,88,88,0,11,"Host-Pathogen/Infection · Lung Adenocarcinoma · ACE2, TMPRSS2, RMC1"
1475,U_1843_dec,decrease resistance to PARP inhibitor olaparib,Drug / Chemical / Environmental Response, under Olaparib treatment (3 µM),Cervical Adenocarcinoma Cell Line,HeLa,bidirectional,Knockout,bidirectional,17716,Juhász S (2020),33355125,train,792,344,448,0,"Drug/Chemical response · Lung Adenocarcinoma · NHEJ1, SLC35A2, SBNO2"
1476,U_1843_inc,increase resistance to PARP inhibitor olaparib,Drug / Chemical / Environmental Response, under Olaparib treatment (3 µM),Cervical Adenocarcinoma Cell Line,HeLa,bidirectional,Knockout,bidirectional,17716,Juhász S (2020),33355125,train,792,448,344,0,"Drug/Chemical response · Lung Adenocarcinoma · NHEJ1, SLC35A2, SBNO2"
1477,U_1843_merged,either increases or decreases resistance to PARP inhibitor olaparib,Drug / Chemical / Environmental Response, under Olaparib treatment (3 µM),Cervical Adenocarcinoma Cell Line,HeLa,Positive and Negative Selection,Knockout,bidirectional,17716,Juhász S (2020),33355125,train,792,792,0,0,"Drug/Chemical response · Lung Adenocarcinoma · NHEJ1, SLC35A2, SBNO2"
1478,U_1862_inc,increase resistance to SARS-CoV-2 infection,Host-Pathogen / Infection Response, under Virus: SARS-CoV-2 ( isolate BetaCoV/France/ IDF0372/2020) treatment (0.005 MOI),Lung Adenocarcinoma Cell Line,Calu-3,bidirectional,Knockout,bidirectional,19372,Rebendenne A (2022),35879413,test,94,94,0,11,"Host-Pathogen/Infection · Lung Adenocarcinoma · ACE2, TMPRSS2, RMC1"
1479,U_1863_inc,increase resistance to SARS-CoV-2 infection,Host-Pathogen / Infection Response, under Virus: SARS-CoV-2 ( isolate BetaCoV/France/ IDF0372/2020) treatment (0.005 MOI),Lung Adenocarcinoma Cell Line,Calu-3,bidirectional,Activation,bidirectional,18458,Rebendenne A (2022),35879413,test,100,50,50,27,"Host-Pathogen/Infection · Lung Adenocarcinoma · ACE2, FOSL2, LY6E"
1480,U_1863_dec,decrease resistance to SARS-CoV-2 infection,Host-Pathogen / Infection Response, under Virus: SARS-CoV-2 ( isolate BetaCoV/France/ IDF0372/2020) treatment (0.005 MOI),Lung Adenocarcinoma Cell Line,Calu-3,bidirectional,Activation,bidirectional,18458,Rebendenne A (2022),35879413,test,100,50,50,27,"Host-Pathogen/Infection · Lung Adenocarcinoma · ACE2, FOSL2, LY6E"
1481,U_1863_merged,either increases or decreases resistance to SARS-CoV-2 infection,Host-Pathogen / Infection Response, under Virus: SARS-CoV-2 ( isolate BetaCoV/France/ IDF0372/2020) treatment (0.005 MOI),Lung Adenocarcinoma Cell Line,Calu-3,Positive and Negative Selection,Activation,bidirectional,18458,Rebendenne A (2022),35879413,test,100,100,0,27,"Host-Pathogen/Infection · Lung Adenocarcinoma · ACE2, FOSL2, LY6E"
1482,U_1864_inc,increase cellular resistance to SARS-CoV-2 infection,Host-Pathogen / Infection Response, under Virus: SARS-CoV-2 ( isolate BetaCoV/France/ IDF0372/2020) treatment (0.005 MOI),Colonic Adenocarcinoma Cell Line,Caco-2-ACE2,bidirectional,Knockout,bidirectional,18422,Rebendenne A (2022),35879413,test,622,445,177,0,"Drug/Chemical response · Lung Adenocarcinoma · NHEJ1, SLC35A2, SBNO2"
1483,U_1864_dec,decrease cellular resistance to SARS-CoV-2 infection,Host-Pathogen / Infection Response, under Virus: SARS-CoV-2 ( isolate BetaCoV/France/ IDF0372/2020) treatment (0.005 MOI),Colonic Adenocarcinoma Cell Line,Caco-2-ACE2,bidirectional,Knockout,bidirectional,18422,Rebendenne A (2022),35879413,test,622,177,445,0,"Drug/Chemical response · Lung Adenocarcinoma · NHEJ1, SLC35A2, SBNO2"
1484,U_1864_merged,either increases or decreases cellular resistance to SARS-CoV-2 infection,Host-Pathogen / Infection Response, under Virus: SARS-CoV-2 ( isolate BetaCoV/France/ IDF0372/2020) treatment (0.005 MOI),Colonic Adenocarcinoma Cell Line,Caco-2-ACE2,Positive and Negative Selection,Knockout,bidirectional,18422,Rebendenne A (2022),35879413,test,622,622,0,0,"Drug/Chemical response · Lung Adenocarcinoma · NHEJ1, SLC35A2, SBNO2"
1485,U_1865_inc,increase resistance to SARS-CoV-2 infection,Host-Pathogen / Infection Response, under Virus: SARS-CoV-2 ( isolate BetaCoV/France/ IDF0372/2020) treatment (0.005 MOI),Lung Cancer Cell Line,A549-ACE2,bidirectional,Knockout,bidirectional,553,Rebendenne A (2022),35879413,test,121,51,70,11,"Host-Pathogen/Infection · Lung Adenocarcinoma · ACE2, TMPRSS2, RMC1"
1486,U_1865_dec,decrease resistance to SARS-CoV-2 infection,Host-Pathogen / Infection Response, under Virus: SARS-CoV-2 ( isolate BetaCoV/France/ IDF0372/2020) treatment (0.005 MOI),Lung Cancer Cell Line,A549-ACE2,bidirectional,Knockout,bidirectional,553,Rebendenne A (2022),35879413,test,121,70,51,11,"Host-Pathogen/Infection · Lung Adenocarcinoma · ACE2, TMPRSS2, RMC1"
1487,U_1865_merged,either increases or decreases resistance to SARS-CoV-2 infection,Host-Pathogen / Infection Response, under Virus: SARS-CoV-2 ( isolate BetaCoV/France/ IDF0372/2020) treatment (0.005 MOI),Lung Cancer Cell Line,A549-ACE2,Positive and Negative Selection,Knockout,bidirectional,553,Rebendenne A (2022),35879413,test,121,121,0,11,"Host-Pathogen/Infection · Lung Adenocarcinoma · ACE2, TMPRSS2, RMC1"
1488,1879,increases resistance to polymyxin B,Drug / Chemical / Environmental Response, under polymyxin B treatment (25.0 µM),Kidney Cell Line,HK-2,Positive Selection,Knockout,unidirectional,18983,Lu J (2022),35570209,test,86,86,0,3,"Drug/Chemical response · Retinal Pigment Epithelium · PDCD10, NF2, TAOK1"
1489,U_1882_dec,decrease cellular susceptibility to SARS-CoV-2 infection,Host-Pathogen / Infection Response, under Virus: SARS-CoV-2 ( isolate BetaCoV/France/ IDF0372/2020) treatment (0.005 MOI),Hepatoma Cell Line,Huh-7.5.1-ACE2,bidirectional,Knockout,bidirectional,553,Rebendenne A (2022),35879413,test,87,33,54,11,"Host-Pathogen/Infection · Lung Adenocarcinoma · ACE2, TMPRSS2, RMC1"
1490,U_1882_inc,increase cellular susceptibility to SARS-CoV-2 infection,Host-Pathogen / Infection Response, under Virus: SARS-CoV-2 ( isolate BetaCoV/France/ IDF0372/2020) treatment (0.005 MOI),Hepatoma Cell Line,Huh-7.5.1-ACE2,bidirectional,Knockout,bidirectional,553,Rebendenne A (2022),35879413,test,87,54,33,11,"Host-Pathogen/Infection · Lung Adenocarcinoma · ACE2, TMPRSS2, RMC1"
1491,U_1882_merged,either increases or decreases cellular susceptibility to SARS-CoV-2 infection,Host-Pathogen / Infection Response, under Virus: SARS-CoV-2 ( isolate BetaCoV/France/ IDF0372/2020) treatment (0.005 MOI),Hepatoma Cell Line,Huh-7.5.1-ACE2,Positive and Negative Selection,Knockout,bidirectional,553,Rebendenne A (2022),35879413,test,87,87,0,11,"Host-Pathogen/Infection · Lung Adenocarcinoma · ACE2, TMPRSS2, RMC1"
1492,U_1884_inc,increase resistance to SARS-CoV-2 infection,Host-Pathogen / Infection Response, under Virus: SARS-CoV-2 ( isolate BetaCoV/France/ IDF0372/2020) treatment (0.005 MOI),Colonic Adenocarcinoma Cell Line,Caco-2-ACE2,bidirectional,Knockout,bidirectional,553,Rebendenne A (2022),35879413,test,127,46,81,11,"Host-Pathogen/Infection · Lung Adenocarcinoma · ACE2, TMPRSS2, RMC1"
1493,U_1884_dec,decrease resistance to SARS-CoV-2 infection,Host-Pathogen / Infection Response, under Virus: SARS-CoV-2 ( isolate BetaCoV/France/ IDF0372/2020) treatment (0.005 MOI),Colonic Adenocarcinoma Cell Line,Caco-2-ACE2,bidirectional,Knockout,bidirectional,553,Rebendenne A (2022),35879413,test,127,81,46,11,"Host-Pathogen/Infection · Lung Adenocarcinoma · ACE2, TMPRSS2, RMC1"
1494,U_1884_merged,either increases or decreases resistance to SARS-CoV-2 infection,Host-Pathogen / Infection Response, under Virus: SARS-CoV-2 ( isolate BetaCoV/France/ IDF0372/2020) treatment (0.005 MOI),Colonic Adenocarcinoma Cell Line,Caco-2-ACE2,Positive and Negative Selection,Knockout,bidirectional,553,Rebendenne A (2022),35879413,test,127,127,0,11,"Host-Pathogen/Infection · Lung Adenocarcinoma · ACE2, TMPRSS2, RMC1"
1495,U_1886_inc,increase cellular resistance to SARS-CoV-2 infection,Host-Pathogen / Infection Response, under Virus: SARS-CoV-2 ( isolate BetaCoV/France/ IDF0372/2020) treatment (0.005 MOI),Lung Adenocarcinoma Cell Line,Calu-3,bidirectional,Knockout,bidirectional,553,Rebendenne A (2022),35879413,test,102,35,67,11,"Host-Pathogen/Infection · Lung Adenocarcinoma · ACE2, TMPRSS2, RMC1"
1496,U_1886_dec,decrease cellular resistance to SARS-CoV-2 infection,Host-Pathogen / Infection Response, under Virus: SARS-CoV-2 ( isolate BetaCoV/France/ IDF0372/2020) treatment (0.005 MOI),Lung Adenocarcinoma Cell Line,Calu-3,bidirectional,Knockout,bidirectional,553,Rebendenne A (2022),35879413,test,102,67,35,11,"Host-Pathogen/Infection · Lung Adenocarcinoma · ACE2, TMPRSS2, RMC1"
1497,U_1886_merged,either increases or decreases cellular resistance to SARS-CoV-2 infection,Host-Pathogen / Infection Response, under Virus: SARS-CoV-2 ( isolate BetaCoV/France/ IDF0372/2020) treatment (0.005 MOI),Lung Adenocarcinoma Cell Line,Calu-3,Positive and Negative Selection,Knockout,bidirectional,553,Rebendenne A (2022),35879413,test,102,102,0,11,"Host-Pathogen/Infection · Lung Adenocarcinoma · ACE2, TMPRSS2, RMC1"
1498,U_1887_inc,increase resistance to SARS-CoV-2 infection,Host-Pathogen / Infection Response, under Virus: SARS-CoV-2 ( isolate BetaCoV/France/ IDF0372/2020) treatment (0.005 MOI),Lung Adenocarcinoma Cell Line,Calu-3,bidirectional,Knockout,bidirectional,556,Rebendenne A (2022),35879413,test,76,14,62,11,"Host-Pathogen/Infection · Lung Adenocarcinoma · ACE2, TMPRSS2, RMC1"
1499,U_1887_dec,decrease resistance to SARS-CoV-2 infection,Host-Pathogen / Infection Response, under Virus: SARS-CoV-2 ( isolate BetaCoV/France/ IDF0372/2020) treatment (0.005 MOI),Lung Adenocarcinoma Cell Line,Calu-3,bidirectional,Knockout,bidirectional,556,Rebendenne A (2022),35879413,test,76,62,14,11,"Host-Pathogen/Infection · Lung Adenocarcinoma · ACE2, TMPRSS2, RMC1"
1500,U_1887_merged,either increases or decreases resistance to SARS-CoV-2 infection,Host-Pathogen / Infection Response, under Virus: SARS-CoV-2 ( isolate BetaCoV/France/ IDF0372/2020) treatment (0.005 MOI),Lung Adenocarcinoma Cell Line,Calu-3,Positive and Negative Selection,Knockout,bidirectional,556,Rebendenne A (2022),35879413,test,76,76,0,11,"Host-Pathogen/Infection · Lung Adenocarcinoma · ACE2, TMPRSS2, RMC1"
1501,1891,"increases sensitivity to Zika virus infection, as evidenced by depletion of sgRNAs in surviving infected cells",Host-Pathogen / Infection Response, under Virus: Zika virus treatment (0.5 MOI),Fibroblast Cell Line,STAT1−/− fibroblasts,Negative Selection,Activation,unidirectional,18836,Luu AP (2021),34834920,validation,2,2,0,11,"Host-Pathogen/Infection · Lung Adenocarcinoma · ACE2, TMPRSS2, RMC1"
1502,U_1892_inc,increase resistance to SARS-CoV-2 infection,Host-Pathogen / Infection Response, under Virus: SARS-CoV-2 ( isolate BetaCoV/France/ IDF0372/2020) treatment (0.005 MOI),Lung Cancer Cell Line,A549-ACE2,bidirectional,Activation,bidirectional,438,Rebendenne A (2022),35879413,test,36,17,19,27,"Host-Pathogen/Infection · Lung Adenocarcinoma · ACE2, FOSL2, LY6E"
1503,U_1892_dec,decrease resistance to SARS-CoV-2 infection,Host-Pathogen / Infection Response, under Virus: SARS-CoV-2 ( isolate BetaCoV/France/ IDF0372/2020) treatment (0.005 MOI),Lung Cancer Cell Line,A549-ACE2,bidirectional,Activation,bidirectional,438,Rebendenne A (2022),35879413,test,36,19,17,27,"Host-Pathogen/Infection · Lung Adenocarcinoma · ACE2, FOSL2, LY6E"
1504,U_1892_merged,either increases or decreases resistance to SARS-CoV-2 infection,Host-Pathogen / Infection Response, under Virus: SARS-CoV-2 ( isolate BetaCoV/France/ IDF0372/2020) treatment (0.005 MOI),Lung Cancer Cell Line,A549-ACE2,Positive and Negative Selection,Activation,bidirectional,438,Rebendenne A (2022),35879413,test,36,36,0,27,"Host-Pathogen/Infection · Lung Adenocarcinoma · ACE2, FOSL2, LY6E"
1505,U_1893_inc,increase resistance to SARS-CoV-2 infection,Host-Pathogen / Infection Response, under Virus: SARS-CoV-2 ( isolate BetaCoV/France/ IDF0372/2020) treatment (0.005 MOI),Hepatoma Cell Line,Huh-7.5.1-ACE2,bidirectional,Activation,bidirectional,438,Rebendenne A (2022),35879413,test,36,12,24,27,"Host-Pathogen/Infection · Lung Adenocarcinoma · ACE2, FOSL2, LY6E"
1506,U_1893_dec,decrease resistance to SARS-CoV-2 infection,Host-Pathogen / Infection Response, under Virus: SARS-CoV-2 ( isolate BetaCoV/France/ IDF0372/2020) treatment (0.005 MOI),Hepatoma Cell Line,Huh-7.5.1-ACE2,bidirectional,Activation,bidirectional,438,Rebendenne A (2022),35879413,test,36,24,12,27,"Host-Pathogen/Infection · Lung Adenocarcinoma · ACE2, FOSL2, LY6E"
1507,U_1893_merged,either increases or decreases resistance to SARS-CoV-2 infection,Host-Pathogen / Infection Response, under Virus: SARS-CoV-2 ( isolate BetaCoV/France/ IDF0372/2020) treatment (0.005 MOI),Hepatoma Cell Line,Huh-7.5.1-ACE2,Positive and Negative Selection,Activation,bidirectional,438,Rebendenne A (2022),35879413,test,36,36,0,27,"Host-Pathogen/Infection · Lung Adenocarcinoma · ACE2, FOSL2, LY6E"
1508,U_1894_inc,increase resistance to SARS-CoV-2 infection,Host-Pathogen / Infection Response, under Virus: SARS-CoV-2 ( isolate BetaCoV/France/ IDF0372/2020) treatment (0.005 MOI),Colonic Adenocarcinoma Cell Line,Caco-2-ACE2,bidirectional,Activation,bidirectional,438,Rebendenne A (2022),35879413,test,49,19,30,27,"Host-Pathogen/Infection · Lung Adenocarcinoma · ACE2, FOSL2, LY6E"
1509,U_1894_dec,decrease resistance to SARS-CoV-2 infection,Host-Pathogen / Infection Response, under Virus: SARS-CoV-2 ( isolate BetaCoV/France/ IDF0372/2020) treatment (0.005 MOI),Colonic Adenocarcinoma Cell Line,Caco-2-ACE2,bidirectional,Activation,bidirectional,438,Rebendenne A (2022),35879413,test,49,30,19,27,"Host-Pathogen/Infection · Lung Adenocarcinoma · ACE2, FOSL2, LY6E"
1510,U_1894_merged,either increases or decreases resistance to SARS-CoV-2 infection,Host-Pathogen / Infection Response, under Virus: SARS-CoV-2 ( isolate BetaCoV/France/ IDF0372/2020) treatment (0.005 MOI),Colonic Adenocarcinoma Cell Line,Caco-2-ACE2,Positive and Negative Selection,Activation,bidirectional,438,Rebendenne A (2022),35879413,test,49,49,0,27,"Host-Pathogen/Infection · Lung Adenocarcinoma · ACE2, FOSL2, LY6E"
1511,U_1895_inc,increase resistance to SARS-CoV-2 infection,Host-Pathogen / Infection Response, under Virus: SARS-CoV-2 ( isolate BetaCoV/France/ IDF0372/2020) treatment (0.005 MOI),Lung Adenocarcinoma Cell Line,Calu-3,bidirectional,Activation,bidirectional,438,Rebendenne A (2022),35879413,test,67,36,31,27,"Host-Pathogen/Infection · Lung Adenocarcinoma · ACE2, FOSL2, LY6E"
1512,U_1895_dec,decrease resistance to SARS-CoV-2 infection,Host-Pathogen / Infection Response, under Virus: SARS-CoV-2 ( isolate BetaCoV/France/ IDF0372/2020) treatment (0.005 MOI),Lung Adenocarcinoma Cell Line,Calu-3,bidirectional,Activation,bidirectional,438,Rebendenne A (2022),35879413,test,67,31,36,27,"Host-Pathogen/Infection · Lung Adenocarcinoma · ACE2, FOSL2, LY6E"
1513,U_1895_merged,either increases or decreases resistance to SARS-CoV-2 infection,Host-Pathogen / Infection Response, under Virus: SARS-CoV-2 ( isolate BetaCoV/France/ IDF0372/2020) treatment (0.005 MOI),Lung Adenocarcinoma Cell Line,Calu-3,Positive and Negative Selection,Activation,bidirectional,438,Rebendenne A (2022),35879413,test,67,67,0,27,"Host-Pathogen/Infection · Lung Adenocarcinoma · ACE2, FOSL2, LY6E"
1514,1897,increases PD-L1 protein accumulation (expression),Molecular Output / Reporter / Pathway Activity,,Mammary Epithelial Cell Line,HMEC,Phenotype Screen,Knockout,unidirectional,497,Oreskovic E (2022),35149558,test,25,25,0,6,"Drug/Chemical response · Retinal Pigment Epithelium · E2F7, MAPK1, STAG2"
1515,1898,increases PD-L1 protein accumulation in the presence of IFNgamma,Molecular Output / Reporter / Pathway Activity, under Interferon gamma treatment (10.0 ng/mL),Mammary Epithelial Cell Line,HMEC,Phenotype Screen,Knockout,unidirectional,497,Oreskovic E (2022),35149558,test,25,25,0,6,"Drug/Chemical response · Retinal Pigment Epithelium · E2F7, MAPK1, STAG2"
1516,1900,"increases resistance to suppression of T-cell proliferation, as measured by increased T-cell proliferation under suppressive conditions",Drug / Chemical / Environmental Response, under CGS-21680 treatment (20.0 µM),T cell,Primary T-cells,Positive Selection,Knockout,unidirectional,19009,Carnevale J (2022),36002574,test,898,898,0,0,"Drug/Chemical response · Lung Adenocarcinoma · NHEJ1, SLC35A2, SBNO2"
1517,1901,"increases resistance to suppression of T-cell proliferation, as measured by increased T-cell proliferation in the presence of cyclosporine",Drug / Chemical / Environmental Response, under Cyclosporin A treatment (50.0 nM),T cell,Primary T-cells,Positive Selection,Knockout,unidirectional,14463,Carnevale J (2022),36002574,test,916,916,0,0,"Drug/Chemical response · Lung Adenocarcinoma · NHEJ1, SLC35A2, SBNO2"
1518,1902,increases T-cell proliferation under Tacrolimus-mediated suppressive conditions,Drug / Chemical / Environmental Response, under Tacrolimus treatment (5.0 nM),T cell,Primary T-cells,Positive Selection,Knockout,unidirectional,14463,Carnevale J (2022),36002574,test,947,947,0,0,"Drug/Chemical response · Lung Adenocarcinoma · NHEJ1, SLC35A2, SBNO2"
1519,1903,increases T-cell proliferation under suppressive TGFβ1 conditions,Drug / Chemical / Environmental Response, under TGFβ1 treatment (10.0 ng/mL),T cell,Primary T-cells,Positive Selection,Knockout,unidirectional,18992,Carnevale J (2022),36002574,test,954,954,0,0,"Drug/Chemical response · Lung Adenocarcinoma · NHEJ1, SLC35A2, SBNO2"
1520,1904,increases T-cell proliferation under suppressive conditions (presence of Treg cells),Drug / Chemical / Environmental Response, under CD4+CD127lowCD25+ Treg cells treatment (1 Ratio of effector cells/target cells),T cell,Primary T-cells,Positive Selection,Knockout,unidirectional,19007,Carnevale J (2022),36002574,test,890,890,0,0,"Drug/Chemical response · Lung Adenocarcinoma · NHEJ1, SLC35A2, SBNO2"
1521,1905,increases T-cell proliferation as measured by enrichment of highly dividing T cells in response to proliferation stimulation,Fitness / Proliferation / Viability,,T cell,Primary T-cells,Positive Selection,Knockout,unidirectional,19007,Carnevale J (2022),36002574,test,699,699,0,0,"Drug/Chemical response · Lung Adenocarcinoma · NHEJ1, SLC35A2, SBNO2"
1522,1910,decreases cell proliferation in primary melanoma cells,Fitness / Proliferation / Viability,,Melanoma Cell Line,primary melanoma cell line,Negative Selection,Knockout,unidirectional,248,Frangieh CJ (2021),33649592,validation,78,78,0,10,"Host-Pathogen/Infection · Cervical Adenocarcinoma · JAK2, STAT1, B2M"
1523,1911,increases tumor cell proliferation in the presence of IFNγ,Drug / Chemical / Environmental Response, under Interferon gamma treatment (1.0 ng/mL),Melanoma Cell Line,primary melanoma cell line,Positive Selection,Knockout,unidirectional,248,Frangieh CJ (2021),33649592,validation,18,18,0,10,"Host-Pathogen/Infection · Cervical Adenocarcinoma · JAK2, STAT1, B2M"
1524,1912,increases tumor cell proliferation in the presence of co-cultured T cells,Drug / Chemical / Environmental Response, under TIL (Tumor Infiltrating Lymphocyte) co-culture treatment (1 Ratio of effector cells/target cells),Melanoma Cell Line,primary melanoma cell line,Positive Selection,Knockout,unidirectional,248,Frangieh CJ (2021),33649592,validation,15,15,0,10,"Host-Pathogen/Infection · Cervical Adenocarcinoma · JAK2, STAT1, B2M"
1525,1913,"increases tumor cell proliferation in the presence of co-cultured T-cells, indicating immune evasion",Drug / Chemical / Environmental Response, under TIL (Tumor Infiltrating Lymphocyte) co-culture treatment (1 Ratio of effector cells/target cells),Melanoma Cell Line,primary melanoma cell line,Positive Selection,Knockout,unidirectional,248,Frangieh CJ (2021),33649592,validation,9,9,0,10,"Host-Pathogen/Infection · Cervical Adenocarcinoma · JAK2, STAT1, B2M"
1526,1914,increases immune evasion as measured by increased tumor cell proliferation in the presence of co-cultured T-cells,Drug / Chemical / Environmental Response, under TIL (Tumor Infiltrating Lymphocyte) co-culture treatment (2 Ratio of effector cells/target cells),Melanoma Cell Line,primary melanoma cell line,Positive Selection,Knockout,unidirectional,248,Frangieh CJ (2021),33649592,validation,18,18,0,10,"Host-Pathogen/Infection · Cervical Adenocarcinoma · JAK2, STAT1, B2M"
1527,1915,increases tumor cell proliferation in the presence of co-cultured T cells compared to IFNg-treated controls,Drug / Chemical / Environmental Response, under TIL (Tumor Infiltrating Lymphocyte) co-culture treatment (2 Ratio of effector cells/target cells),Melanoma Cell Line,primary melanoma cell line,Positive Selection,Knockout,unidirectional,248,Frangieh CJ (2021),33649592,validation,24,24,0,10,"Host-Pathogen/Infection · Cervical Adenocarcinoma · JAK2, STAT1, B2M"
1528,1916,increases tumor cell proliferation in the presence of co-cultured T-cells,Drug / Chemical / Environmental Response, under TIL (Tumor Infiltrating Lymphocyte) co-culture treatment (4 Ratio of effector cells/target cells),Melanoma Cell Line,primary melanoma cell line,Positive Selection,Knockout,unidirectional,248,Frangieh CJ (2021),33649592,validation,22,22,0,10,"Host-Pathogen/Infection · Cervical Adenocarcinoma · JAK2, STAT1, B2M"
1529,1917,"increases tumor cell proliferation in the presence of co-cultured T-cells, indicating immune evasion",Fitness / Proliferation / Viability, under TIL (Tumor Infiltrating Lymphocyte) co-culture treatment (4 Ratio of effector cells/target cells),Melanoma Cell Line,primary melanoma cell line,Positive Selection,Knockout,unidirectional,247,Frangieh CJ (2021),33649592,validation,19,19,0,10,"Host-Pathogen/Infection · Cervical Adenocarcinoma · JAK2, STAT1, B2M"
1530,1932,increases cell proliferation,Fitness / Proliferation / Viability,,Retinal Pigment Epithelium Cell Line,hTERT-RPE1,Positive Selection,Knockout,unidirectional,20646,Drainas AP (2020),32268084,train,889,889,0,0,"Drug/Chemical response · Lung Adenocarcinoma · NHEJ1, SLC35A2, SBNO2"
1531,1933,increases cell proliferation in a p53 KO mutant background,Fitness / Proliferation / Viability, under Mutation: TP53 (ETG:7157) KO treatment,Retinal Pigment Epithelium Cell Line,hTERT-RPE1,Positive Selection,Knockout,unidirectional,20648,Drainas AP (2020),32268084,train,128,128,0,3,"Drug/Chemical response · Retinal Pigment Epithelium · PDCD10, NF2, TAOK1"
1532,1934,increases cell proliferation in 3D growth conditions,Fitness / Proliferation / Viability, under 3D spheroid growth treatment,Retinal Pigment Epithelium Cell Line,hTERT-RPE1,Positive Selection,Knockout,unidirectional,20653,Drainas AP (2020),32268084,train,96,96,0,3,"Drug/Chemical response · Retinal Pigment Epithelium · PDCD10, NF2, TAOK1"
1533,1935,increases cell proliferation under 3D growth conditions in a p53 knockout background,Fitness / Proliferation / Viability, under 3D spheroid growth | Mutation:TP53 (ETG:7157) KO treatment,Retinal Pigment Epithelium Cell Line,hTERT-RPE1,Positive Selection,Knockout,unidirectional,20653,Drainas AP (2020),32268084,train,92,92,0,3,"Drug/Chemical response · Retinal Pigment Epithelium · PDCD10, NF2, TAOK1"
1534,1943,increases resistance to trametinib,Drug / Chemical / Environmental Response, under Trametinib treatment (10 nmol/L),Melanoma Cell Line,Mel JuSo,Positive Selection,Knockout,unidirectional,1110,Hayes TK (2019),30819666,train,174,174,0,6,"Drug/Chemical response · Retinal Pigment Epithelium · E2F7, MAPK1, STAG2"
1535,1944,increases resistance to palbociclib,Drug / Chemical / Environmental Response, under Palbociclib treatment (2 μmol/L),Melanoma Cell Line,Mel JuSo,Positive Selection,Knockout,unidirectional,1271,Hayes TK (2019),30819666,train,331,331,0,0,"Drug/Chemical response · Lung Adenocarcinoma · NHEJ1, SLC35A2, SBNO2"
1536,1945,increases resistance to a trametinib/palbociclib combination therapy,Drug / Chemical / Environmental Response, under Trametinib|Palbociclib treatment,Melanoma Cell Line,Mel JuSo,Positive Selection,Knockout,unidirectional,1052,Hayes TK (2019),30819666,train,72,72,0,3,"Drug/Chemical response · Retinal Pigment Epithelium · PDCD10, NF2, TAOK1"
1537,1947,increases resistance to doxorubicin toxicity in iPS-derived cardiomyocytes,Drug / Chemical / Environmental Response, under Doxorubicin treatment (3.0 µM),cardiac muscle cell line,cardiomyocyte cell line,Positive Selection,Knockout,unidirectional,16006,Sapp V (2021),34230586,validation,169,169,0,30,"Drug/Chemical response · Lung Adenocarcinoma · BGLAP, NTRK2, WNK3"
1538,1948,increases resistance to the drug tigecycline,Drug / Chemical / Environmental Response, under tigecycline treatment (3.0 µM),Chronic Myeloid Leukemia Cell Line,KBM-7,Positive Selection,Knockout,unidirectional,1227,Sanchez-Burgos L (2022),35861150,test,82,82,0,17,"Reporter/Pathway activity · T cell · UBASH3A, FOXL2NB, FOXA3"
1539,1953,impacts cell proliferation,Drug / Chemical / Environmental Response, under CAR T cells treatment (4.0 Ratio of effector cells/target cells),Cancer Cell Line,HuP-T3,Positive and Negative Selection,Knockout,recovered_bidirectional,19580,Hagel KR (2022),36548402,test,869,869,0,15,"Drug/Chemical response · Lung Adenocarcinoma · TBC1D3D, CHURC1-FNTB, ZNF626"
1540,1954,impacts cell proliferation,Drug / Chemical / Environmental Response, under CAR T cells treatment (1.0 Ratio of effector cells/target cells),Cancer Cell Line,KP-4,Positive and Negative Selection,Knockout,recovered_bidirectional,19580,Hagel KR (2022),36548402,test,523,523,0,15,"Drug/Chemical response · Lung Adenocarcinoma · TBC1D3D, CHURC1-FNTB, ZNF626"
1541,U_1955_inc,increase resistance to SARS-CoV-2 infection,Host-Pathogen / Infection Response, under Virus: SARS-CoV-2 (isolate USA-WA1/2020) treatment (0.02 MOI),Lung Adenocarcinoma Cell Line,Calu-3,bidirectional,Knockout,bidirectional,19009,Israeli M (2022),35469023,test,26,17,9,11,"Host-Pathogen/Infection · Lung Adenocarcinoma · ACE2, TMPRSS2, RMC1"
1542,U_1955_dec,decrease resistance to SARS-CoV-2 infection,Host-Pathogen / Infection Response, under Virus: SARS-CoV-2 (isolate USA-WA1/2020) treatment (0.02 MOI),Lung Adenocarcinoma Cell Line,Calu-3,bidirectional,Knockout,bidirectional,19009,Israeli M (2022),35469023,test,26,9,17,11,"Host-Pathogen/Infection · Lung Adenocarcinoma · ACE2, TMPRSS2, RMC1"
1543,U_1955_merged,either increases or decreases resistance to SARS-CoV-2 infection,Host-Pathogen / Infection Response, under Virus: SARS-CoV-2 (isolate USA-WA1/2020) treatment (0.02 MOI),Lung Adenocarcinoma Cell Line,Calu-3,Positive and Negative Selection,Knockout,bidirectional,19009,Israeli M (2022),35469023,test,26,26,0,11,"Host-Pathogen/Infection · Lung Adenocarcinoma · ACE2, TMPRSS2, RMC1"
1544,U_1956_inc,increase resistance to SARS-CoV-2 infection,Host-Pathogen / Infection Response, under Virus: SARS-CoV-2 (isolate USA-WA1/2020) treatment (0.02 MOI),Lung Adenocarcinoma Cell Line,Calu-3,bidirectional,Knockout,bidirectional,19009,Israeli M (2022),35469023,test,16,13,3,11,"Host-Pathogen/Infection · Lung Adenocarcinoma · ACE2, TMPRSS2, RMC1"
1545,U_1956_dec,decrease resistance to SARS-CoV-2 infection,Host-Pathogen / Infection Response, under Virus: SARS-CoV-2 (isolate USA-WA1/2020) treatment (0.02 MOI),Lung Adenocarcinoma Cell Line,Calu-3,bidirectional,Knockout,bidirectional,19009,Israeli M (2022),35469023,test,16,3,13,11,"Host-Pathogen/Infection · Lung Adenocarcinoma · ACE2, TMPRSS2, RMC1"
1546,U_1956_merged,either increases or decreases resistance to SARS-CoV-2 infection,Host-Pathogen / Infection Response, under Virus: SARS-CoV-2 (isolate USA-WA1/2020) treatment (0.02 MOI),Lung Adenocarcinoma Cell Line,Calu-3,Positive and Negative Selection,Knockout,bidirectional,19009,Israeli M (2022),35469023,test,16,16,0,11,"Host-Pathogen/Infection · Lung Adenocarcinoma · ACE2, TMPRSS2, RMC1"
1547,1964,increases cell proliferation in the absence of WNT3A and RSPO1,Molecular Output / Reporter / Pathway Activity, under Wnt selection conditions treatment,Intestinal organoid model,Organoid: primary cell derived small intestinal organoid line,Positive Selection,Knockout,unidirectional,283,Ringel T (2020),32142663,train,2,2,0,3,"Drug/Chemical response · Retinal Pigment Epithelium · PDCD10, NF2, TAOK1"
1548,1983,impacts response to chemicals,Drug / Chemical / Environmental Response, under golgicide A (GCA) treatment (4.0 µM),Pre-B Acute Lymphoblastic Leukemia Cell Line,NALM-6,Positive and Negative Selection,Knockout,recovered_bidirectional,18940,Navare AT (2022),36305789,test,70,70,0,11,"Host-Pathogen/Infection · Lung Adenocarcinoma · ACE2, TMPRSS2, RMC1"
1549,1985,impacts response to chemicals,Drug / Chemical / Environmental Response, under cerivastatin treatment (150.0 nM),Pre-B Acute Lymphoblastic Leukemia Cell Line,NALM-6,Positive and Negative Selection,Knockout,recovered_bidirectional,18873,Krosl J (2022),34731885,test,216,216,0,0,"Drug/Chemical response · Lung Adenocarcinoma · NHEJ1, SLC35A2, SBNO2"
1550,1986,impacts response to chemicals,Drug / Chemical / Environmental Response, under EMI1 treatment (70.0 nM),Pre-B Acute Lymphoblastic Leukemia Cell Line,NALM-6,Positive and Negative Selection,Knockout,recovered_bidirectional,18921,Saraon P (2021),34662547,validation,276,276,0,9,"Fitness/Viability · Acute Myeloid Leukemia · SPDYE5, WASHC1, GOLGA8O"
1551,U_1987_dec,decrease SARS-CoV-2 -1 PRF efficiency,Molecular Output / Reporter / Pathway Activity,,Embryonic Kidney Cell Line,HEK293T,bidirectional,Knockout,bidirectional,20671,Wei LH (2023),10.1101/2023.01.23.525275,test,428,224,204,33,"Reporter/Pathway activity · Embryonic Kidney · MIR30E, MIR135B, MIR6765"
1552,U_1987_inc,increase SARS-CoV-2 -1 PRF efficiency,Molecular Output / Reporter / Pathway Activity,,Embryonic Kidney Cell Line,HEK293T,bidirectional,Knockout,bidirectional,20671,Wei LH (2023),10.1101/2023.01.23.525275,test,428,204,224,33,"Reporter/Pathway activity · Embryonic Kidney · MIR30E, MIR135B, MIR6765"
1553,U_1987_merged,either increases or decreases SARS-CoV-2 -1 PRF efficiency,Molecular Output / Reporter / Pathway Activity,,Embryonic Kidney Cell Line,HEK293T,Positive and Negative Selection,Knockout,bidirectional,20671,Wei LH (2023),10.1101/2023.01.23.525275,test,428,428,0,33,"Reporter/Pathway activity · Embryonic Kidney · MIR30E, MIR135B, MIR6765"
1554,U_1988_dec,decrease SARS-CoV-2 -1 PRF efficiency,Molecular Output / Reporter / Pathway Activity,,Embryonic Kidney Cell Line,HEK293T,bidirectional,Knockout,bidirectional,20671,Wei LH (2023),10.1101/2023.01.23.525275,test,422,194,228,22,"Fitness/Viability · Cervical Adenocarcinoma · NEDD8-MDP1, CWC15, ZNF808"
1555,U_1988_inc,increase SARS-CoV-2 -1 PRF efficiency,Molecular Output / Reporter / Pathway Activity,,Embryonic Kidney Cell Line,HEK293T,bidirectional,Knockout,bidirectional,20671,Wei LH (2023),10.1101/2023.01.23.525275,test,422,228,194,22,"Fitness/Viability · Cervical Adenocarcinoma · NEDD8-MDP1, CWC15, ZNF808"
1556,U_1988_merged,either increases or decreases SARS-CoV-2 -1 PRF efficiency,Molecular Output / Reporter / Pathway Activity,,Embryonic Kidney Cell Line,HEK293T,Positive and Negative Selection,Knockout,bidirectional,20671,Wei LH (2023),10.1101/2023.01.23.525275,test,422,422,0,22,"Fitness/Viability · Cervical Adenocarcinoma · NEDD8-MDP1, CWC15, ZNF808"
1557,1989,impacts response to chemicals,Drug / Chemical / Environmental Response, under UM171 treatment (800 nM),Acute Myeloid Leukemia Cell Line,OCI-AML-1,Positive and Negative Selection,Knockout,recovered_bidirectional,18832,Chagraoui J (2021),33417871,validation,44,44,0,20,"Fitness/Viability · Acute Myeloid Leukemia · FOXD4L1, FOXD4L5, ZZZ3"
1558,1990,impacts response to chemicals,Drug / Chemical / Environmental Response, under UM171 treatment (800 nM),Acute Myeloid Leukemia Cell Line,OCI-AML-1,Positive and Negative Selection,Knockout,recovered_bidirectional,18832,Chagraoui J (2021),33417871,validation,536,536,0,9,"Fitness/Viability · Acute Myeloid Leukemia · SPDYE5, WASHC1, GOLGA8O"
1559,1991,impacts response to chemicals,Drug / Chemical / Environmental Response, under UM171 treatment (800 nM),Acute Myeloid Leukemia Cell Line,OCI-AML-5,Positive and Negative Selection,Knockout,recovered_bidirectional,18834,Chagraoui J (2021),33417871,validation,33,33,0,20,"Fitness/Viability · Acute Myeloid Leukemia · FOXD4L1, FOXD4L5, ZZZ3"
1560,1993,increases resistance to alpha-Amantin-induced cell death,Drug / Chemical / Environmental Response, under alpha-Amanitin treatment (1.5 µM),Chronic Myelogenous Leukemia Cell Line,HAP-1,Positive Selection,Knockout,unidirectional,19003,Wang B (2023),37193694,test,538,538,0,0,"Drug/Chemical response · Lung Adenocarcinoma · NHEJ1, SLC35A2, SBNO2"
1561,1995,impacts response to chemicals,Drug / Chemical / Environmental Response, under BIBR 1532 (BIBR1532) treatment (20 µM),Pre-B Acute Lymphoblastic Leukemia Cell Line,NALM-6,Positive and Negative Selection,Knockout,recovered_bidirectional,18901,Benslimane Y (2021),33660365,validation,109,109,0,21,"Drug/Chemical response · Chronic Myeloid Leukemia · PFKP, GOT1, G6PD"
1562,U_1996_dec,decrease cell proliferation in the TAPR1 (HAPSTR1) knockout background,Fitness / Proliferation / Viability, under Mutation: HAPSTR1 (TAPR1) (ETG29035) KO treatment,Pre-B Acute Lymphoblastic Leukemia Cell Line,NALM-6,bidirectional,Knockout,bidirectional,17989,Benslimane Y (2021),33660365,validation,378,190,188,22,"Fitness/Viability · Cervical Adenocarcinoma · NEDD8-MDP1, CWC15, ZNF808"
1563,U_1996_inc,increase cell proliferation in the TAPR1 (HAPSTR1) knockout background,Fitness / Proliferation / Viability, under Mutation: HAPSTR1 (TAPR1) (ETG29035) KO treatment,Pre-B Acute Lymphoblastic Leukemia Cell Line,NALM-6,bidirectional,Knockout,bidirectional,17989,Benslimane Y (2021),33660365,validation,378,188,190,22,"Fitness/Viability · Cervical Adenocarcinoma · NEDD8-MDP1, CWC15, ZNF808"
1564,U_1996_merged,either increases or decreases cell proliferation in the TAPR1 (HAPSTR1) knockout background,Fitness / Proliferation / Viability, under Mutation: HAPSTR1 (TAPR1) (ETG29035) KO treatment,Pre-B Acute Lymphoblastic Leukemia Cell Line,NALM-6,Positive and Negative Selection,Knockout,bidirectional,17989,Benslimane Y (2021),33660365,validation,378,378,0,22,"Fitness/Viability · Cervical Adenocarcinoma · NEDD8-MDP1, CWC15, ZNF808"
1565,U_1999_dec,decrease Calu-3 cell growth or viability,Fitness / Proliferation / Viability,,Lung Adenocarcinoma Cell Line,Calu-3,bidirectional,Knockout,bidirectional,19009,Israeli M (2022),35469023,test,1984,1180,804,0,"Drug/Chemical response · Lung Adenocarcinoma · NHEJ1, SLC35A2, SBNO2"
1566,U_1999_inc,increase Calu-3 cell growth or viability,Fitness / Proliferation / Viability,,Lung Adenocarcinoma Cell Line,Calu-3,bidirectional,Knockout,bidirectional,19009,Israeli M (2022),35469023,test,1984,804,1180,0,"Drug/Chemical response · Lung Adenocarcinoma · NHEJ1, SLC35A2, SBNO2"
1567,U_1999_merged,either increases or decreases Calu-3 cell growth or viability,Fitness / Proliferation / Viability,,Lung Adenocarcinoma Cell Line,Calu-3,Positive and Negative Selection,Knockout,bidirectional,19009,Israeli M (2022),35469023,test,1984,1984,0,0,"Drug/Chemical response · Lung Adenocarcinoma · NHEJ1, SLC35A2, SBNO2"
1568,2002,impacts response to chemicals,Drug / Chemical / Environmental Response, under Mubritinib treatment (200.0 nM),Pre-B Acute Lymphoblastic Leukemia Cell Line,NALM-6,Positive and Negative Selection,Knockout,recovered_bidirectional,18908,Baccelli I (2019),31287994,train,3,3,0,21,"Drug/Chemical response · Chronic Myeloid Leukemia · PFKP, GOT1, G6PD"
1569,2003,impacts response to chemicals,Drug / Chemical / Environmental Response, under GPS167 treatment (813.0 nM),Pre-B Acute Lymphoblastic Leukemia Cell Line,NALM-6,Positive and Negative Selection,Knockout,recovered_bidirectional,18603,Sohail M (2021),34316707,validation,21,21,0,4,"Drug/Chemical response · Chronic Myelogenous Leukemia · FBXW7, STUB1, RNF7"
1570,2004,impacts response to chemicals,Drug / Chemical / Environmental Response, under TG003 treatment (20.0 µM),Pre-B Acute Lymphoblastic Leukemia Cell Line,NALM-6,Positive and Negative Selection,Knockout,recovered_bidirectional,18667,Sohail M (2021),34316707,validation,5,5,0,10,"Host-Pathogen/Infection · Cervical Adenocarcinoma · JAK2, STAT1, B2M"
1571,2005,impacts response to chemicals,Drug / Chemical / Environmental Response, under KH-CB19 treatment (50.0 µM),Pre-B Acute Lymphoblastic Leukemia Cell Line,NALM-6,Positive and Negative Selection,Knockout,recovered_bidirectional,18896,Sohail M (2021),34316707,validation,2,2,0,10,"Host-Pathogen/Infection · Cervical Adenocarcinoma · JAK2, STAT1, B2M"
1572,U_2006_dec,decrease SARS-CoV-2 replication in A549-ACE2 cells,Host-Pathogen / Infection Response, under Virus: SARS-CoV-2 (isolate USA-WA1/2020) treatment (1.0 MOI),Lung Cancer Cell Line,A549-ACE2,bidirectional,Knockout,bidirectional,1892,Mac Kain A (2022),35508460,test,9,4,5,10,"Host-Pathogen/Infection · Cervical Adenocarcinoma · JAK2, STAT1, B2M"
1573,U_2006_inc,increase SARS-CoV-2 replication in A549-ACE2 cells,Host-Pathogen / Infection Response, under Virus: SARS-CoV-2 (isolate USA-WA1/2020) treatment (1.0 MOI),Lung Cancer Cell Line,A549-ACE2,bidirectional,Knockout,bidirectional,1892,Mac Kain A (2022),35508460,test,9,5,4,10,"Host-Pathogen/Infection · Cervical Adenocarcinoma · JAK2, STAT1, B2M"
1574,U_2006_merged,either increases or decreases SARS-CoV-2 replication in A549-ACE2 cells,Host-Pathogen / Infection Response, under Virus: SARS-CoV-2 (isolate USA-WA1/2020) treatment (1.0 MOI),Lung Cancer Cell Line,A549-ACE2,Positive and Negative Selection,Knockout,bidirectional,1892,Mac Kain A (2022),35508460,test,9,9,0,10,"Host-Pathogen/Infection · Cervical Adenocarcinoma · JAK2, STAT1, B2M"
1575,U_2012_inc,increase resistance to the NRF2 activation drug KI696,Drug / Chemical / Environmental Response, under KI-696 (KI696) treatment (1.0 µM),Lung Cancer Cell Line,Calu-6,bidirectional,Knockout,bidirectional,18480,Weiss-Sadan T (2023),36841242,test,500,79,421,9,"Fitness/Viability · Acute Myeloid Leukemia · SPDYE5, WASHC1, GOLGA8O"
1576,U_2012_dec,decrease resistance to the NRF2 activation drug KI696,Drug / Chemical / Environmental Response, under KI-696 (KI696) treatment (1.0 µM),Lung Cancer Cell Line,Calu-6,bidirectional,Knockout,bidirectional,18480,Weiss-Sadan T (2023),36841242,test,500,421,79,9,"Fitness/Viability · Acute Myeloid Leukemia · SPDYE5, WASHC1, GOLGA8O"
1577,U_2012_merged,either increases or decreases resistance to the NRF2 activation drug KI696,Drug / Chemical / Environmental Response, under KI-696 (KI696) treatment (1.0 µM),Lung Cancer Cell Line,Calu-6,Positive and Negative Selection,Knockout,bidirectional,18480,Weiss-Sadan T (2023),36841242,test,500,500,0,9,"Fitness/Viability · Acute Myeloid Leukemia · SPDYE5, WASHC1, GOLGA8O"
1578,U_2013_dec,decrease resistance to the NRF2-activating drug KI696,Drug / Chemical / Environmental Response, under KI-696 (KI696) treatment (1.0 µM),Lung Cancer Cell Line,Calu-6,bidirectional,Knockout,bidirectional,2975,Weiss-Sadan T (2023),36841242,test,5,5,0,10,"Host-Pathogen/Infection · Cervical Adenocarcinoma · JAK2, STAT1, B2M"
1579,U_2014_inc,increase resistance to the NRF2 activator KI696,Drug / Chemical / Environmental Response, under KI-696 (KI696) treatment (1.0 µM),Non-Small Cell Lung Cancer Cell Line,NCI-H1975,bidirectional,Knockout,bidirectional,2975,Weiss-Sadan T (2023),36841242,test,85,68,17,21,"Drug/Chemical response · Chronic Myeloid Leukemia · PFKP, GOT1, G6PD"
1580,U_2014_dec,decrease resistance to the NRF2 activator KI696,Drug / Chemical / Environmental Response, under KI-696 (KI696) treatment (1.0 µM),Non-Small Cell Lung Cancer Cell Line,NCI-H1975,bidirectional,Knockout,bidirectional,2975,Weiss-Sadan T (2023),36841242,test,85,17,68,21,"Drug/Chemical response · Chronic Myeloid Leukemia · PFKP, GOT1, G6PD"
1581,U_2014_merged,either increases or decreases resistance to the NRF2 activator KI696,Drug / Chemical / Environmental Response, under KI-696 (KI696) treatment (1.0 µM),Non-Small Cell Lung Cancer Cell Line,NCI-H1975,Positive and Negative Selection,Knockout,bidirectional,2975,Weiss-Sadan T (2023),36841242,test,85,85,0,21,"Drug/Chemical response · Chronic Myeloid Leukemia · PFKP, GOT1, G6PD"
1582,2016,increases resistance to gemcitabine in pancreatic ductal adenocarcinoma,Drug / Chemical / Environmental Response, under Gemcitabine treatment (2.0 nM),Pancreatic Adenocarcinoma Cell Line,BxPC-3,Positive Selection,Activation,unidirectional,18827,Wu L (2022),35981571,test,617,617,0,0,"Drug/Chemical response · Lung Adenocarcinoma · NHEJ1, SLC35A2, SBNO2"
1583,2017,impacts cell proliferation,Drug / Chemical / Environmental Response, under Exposure to allogeneic peripheral blood mononuclear cells (PBMCs) treatment,pancreatic islet,stem cell-derived islets,Positive and Negative Selection,Knockout,recovered_bidirectional,11675,Sintov E (2022),36055241,test,653,653,0,22,"Fitness/Viability · Cervical Adenocarcinoma · NEDD8-MDP1, CWC15, ZNF808"
1584,2020,increases resistance to Influenza B virus infection,Host-Pathogen / Infection Response, under Virus: Influenza B virus (B/Yamagata/16/1988) treatment (5 MOI),Lung Cancer Cell Line,A-549,Positive Selection,Activation,unidirectional,18754,Trimarco JD (2022),36309510,test,6,6,0,4,"Drug/Chemical response · Chronic Myelogenous Leukemia · FBXW7, STUB1, RNF7"
1585,2021,increases resistance to Vaccinia virus infection,Host-Pathogen / Infection Response, under Virus:Vaccinia virus Western Reserve treatment (3 MOI),Cervical Adenocarcinoma Cell Line,HeLa,Positive Selection,Knockout,unidirectional,20506,Matía A (2022),36574441,test,8,8,0,10,"Host-Pathogen/Infection · Cervical Adenocarcinoma · JAK2, STAT1, B2M"
1586,2022,increases resistance to Vaccinia virus infection,Host-Pathogen / Infection Response, under Virus:Vaccinia virus Western Reserve treatment (3 MOI),Cervical Adenocarcinoma Cell Line,HeLa,Positive Selection,Knockout,unidirectional,20506,Matía A (2022),36574441,test,5,5,0,10,"Host-Pathogen/Infection · Cervical Adenocarcinoma · JAK2, STAT1, B2M"
1587,2023,increases resistance to Vaccinia virus infection as measured by increased survival of infected cells,Host-Pathogen / Infection Response, under Virus:Vaccinia virus Western Reserve treatment (1 MOI),Cervical Adenocarcinoma Cell Line,HeLa,Positive Selection,Knockout,unidirectional,20506,Matía A (2022),36574441,test,8,8,0,10,"Host-Pathogen/Infection · Cervical Adenocarcinoma · JAK2, STAT1, B2M"
1588,2025,increases resistance to Vaccinia Virus infection,Host-Pathogen / Infection Response, under Virus:Vaccinia virus Western Reserve treatment (0.3 MOI),Cervical Adenocarcinoma Cell Line,HeLa,Positive Selection,Knockout,unidirectional,20506,Matía A (2022),36574441,test,4,4,0,10,"Host-Pathogen/Infection · Cervical Adenocarcinoma · JAK2, STAT1, B2M"
1589,2026,increases resistance to Vaccinia virus infection,Host-Pathogen / Infection Response, under Virus:Vaccinia virus Western Reserve treatment (0.3 MOI),Cervical Adenocarcinoma Cell Line,HeLa,Positive Selection,Knockout,unidirectional,20506,Matía A (2022),36574441,test,1,1,0,10,"Host-Pathogen/Infection · Cervical Adenocarcinoma · JAK2, STAT1, B2M"
1590,2027,"increases resistance to Vaccinia virus infection, as measured by increased cell survival across rounds of infection with progeny-deficient virus",Host-Pathogen / Infection Response, under Virus:Vaccinia virus Western Reserve treatment (1 MOI),Cervical Adenocarcinoma Cell Line,HeLa,Positive Selection,Knockout,unidirectional,20506,Matía A (2022),36574441,test,3,3,0,10,"Host-Pathogen/Infection · Cervical Adenocarcinoma · JAK2, STAT1, B2M"
1591,2028,increases resistance to Vaccinia virus infection as measured by increased survival across rounds of infection with progeny-deficient virus,Host-Pathogen / Infection Response, under Virus:Vaccinia virus Western Reserve treatment (3 MOI),Cervical Adenocarcinoma Cell Line,HeLa,Positive Selection,Knockout,unidirectional,20506,Matía A (2022),36574441,test,1,1,0,10,"Host-Pathogen/Infection · Cervical Adenocarcinoma · JAK2, STAT1, B2M"
1592,2029,increases resistance to Vaccinia virus infection,Host-Pathogen / Infection Response, under Virus:Vaccinia virus Western Reserve treatment (0.8 MOI),Cervical Adenocarcinoma Cell Line,HeLa,Positive Selection,Knockout,unidirectional,20506,Matía A (2022),36574441,test,2,2,0,10,"Host-Pathogen/Infection · Cervical Adenocarcinoma · JAK2, STAT1, B2M"
1593,2030,increases resistance to vaccinia virus infection,Host-Pathogen / Infection Response, under Virus:Vaccinia virus Western Reserve treatment (0.8 MOI),Cervical Adenocarcinoma Cell Line,HeLa,Positive Selection,Knockout,unidirectional,20506,Matía A (2022),36574441,test,3,3,0,10,"Host-Pathogen/Infection · Cervical Adenocarcinoma · JAK2, STAT1, B2M"
1594,2031,increases resistance to Vaccinia virus infection,Host-Pathogen / Infection Response, under Virus:Vaccinia virus Western Reserve treatment (0.8 MOI),Cervical Adenocarcinoma Cell Line,HeLa,Positive Selection,Knockout,unidirectional,20506,Matía A (2022),36574441,test,3,3,0,10,"Host-Pathogen/Infection · Cervical Adenocarcinoma · JAK2, STAT1, B2M"
1595,2033,increases resistance to Vaccinia virus infection,Host-Pathogen / Infection Response, under Virus:Vaccinia virus Western Reserve treatment (0.3 MOI),Cervical Adenocarcinoma Cell Line,HeLa,Positive Selection,Knockout,unidirectional,20506,Matía A (2022),36574441,test,1,1,0,10,"Host-Pathogen/Infection · Cervical Adenocarcinoma · JAK2, STAT1, B2M"
1596,2034,increases resistance to Vaccinia virus infection,Host-Pathogen / Infection Response, under Virus:Vaccinia virus Western Reserve treatment (0.8 MOI),Cervical Adenocarcinoma Cell Line,HeLa,Positive Selection,Knockout,unidirectional,20506,Matía A (2022),36574441,test,5,5,0,10,"Host-Pathogen/Infection · Cervical Adenocarcinoma · JAK2, STAT1, B2M"
1597,2035,increases resistance to Vaccinia virus infection,Host-Pathogen / Infection Response, under Virus:Vaccinia virus Western Reserve treatment (0.8 MOI),Cervical Adenocarcinoma Cell Line,HeLa,Positive Selection,Knockout,unidirectional,20506,Matía A (2022),36574441,test,5,5,0,10,"Host-Pathogen/Infection · Cervical Adenocarcinoma · JAK2, STAT1, B2M"
1598,2036,increases resistance to Vaccinia virus infection,Host-Pathogen / Infection Response, under Virus:Vaccinia virus Western Reserve treatment (0.8 MOI),Cervical Adenocarcinoma Cell Line,HeLa,Positive Selection,Knockout,unidirectional,20506,Matía A (2022),36574441,test,8,8,0,10,"Host-Pathogen/Infection · Cervical Adenocarcinoma · JAK2, STAT1, B2M"
1599,2039,increases resistance to Vaccinia virus infection,Host-Pathogen / Infection Response, under Virus:Vaccinia virus Western Reserve treatment (0.3 MOI),Cervical Adenocarcinoma Cell Line,HeLa,Positive Selection,Knockout,unidirectional,20506,Matía A (2022),36574441,test,7,7,0,10,"Host-Pathogen/Infection · Cervical Adenocarcinoma · JAK2, STAT1, B2M"
1600,2043,increases resistance to Vaccinia virus infection as measured under multi-round infection with progeny-deficient D4R virus,Host-Pathogen / Infection Response, under Virus:Vaccinia virus Western Reserve treatment (0.8 MOI),Cervical Adenocarcinoma Cell Line,HeLa,Positive Selection,Knockout,unidirectional,20506,Matía A (2022),36574441,test,3,3,0,10,"Host-Pathogen/Infection · Cervical Adenocarcinoma · JAK2, STAT1, B2M"
1601,2044,increases resistance to Vaccinia virus infection as measured by increased cell survival during infection with progeny-deficient V-D4 virus,Host-Pathogen / Infection Response, under Virus:Vaccinia virus Western Reserve treatment (0.3 MOI),Cervical Adenocarcinoma Cell Line,HeLa,Positive Selection,Knockout,unidirectional,20506,Matía A (2022),36574441,test,13,13,0,10,"Host-Pathogen/Infection · Cervical Adenocarcinoma · JAK2, STAT1, B2M"
1602,2045,increases resistance to Vaccinia Virus infection,Host-Pathogen / Infection Response, under Virus:Vaccinia virus Western Reserve treatment (0.3 MOI),Cervical Adenocarcinoma Cell Line,HeLa,Positive Selection,Knockout,unidirectional,20506,Matía A (2022),36574441,test,9,9,0,10,"Host-Pathogen/Infection · Cervical Adenocarcinoma · JAK2, STAT1, B2M"
1603,2048,increases resistance to aflatoxin B1 as measured by increased viability,Drug / Chemical / Environmental Response, under aflatoxin B1 (AFB1) treatment (8 µM),Hepatoma Cell Line,PLC/PRF/5,Positive Selection,Knockout,unidirectional,18983,Zhu Q (2021),34373448,validation,128,128,0,20,"Fitness/Viability · Acute Myeloid Leukemia · FOXD4L1, FOXD4L5, ZZZ3"
1604,2050,decreases cell proliferation of OVISE ovarian clear cell carcinoma cells,Fitness / Proliferation / Viability,,Ovary Adenocarcinoma Cell Line,OVISE,Negative Selection,Knockout,unidirectional,17987,Kawabata A (2022),35723366,test,1524,1524,0,1,"Fitness/Viability · Melanoma · C1QBP, NDUFA10, PET117"
1605,2051,decreases cell proliferation (growth) of ovarian clear cell carcinoma JHOC-5 cells,Fitness / Proliferation / Viability,,Ovary Adenocarcinoma Cell Line,JHOC-5,Negative Selection,Knockout,unidirectional,17987,Kawabata A (2022),35723366,test,7381,7381,0,0,"Drug/Chemical response · Lung Adenocarcinoma · NHEJ1, SLC35A2, SBNO2"
1606,2052,decreases cell proliferation of ovarian clear cell carcinoma ES-2 cells,Fitness / Proliferation / Viability,,Ovarian Cancer Cell Line,ES-2,Negative Selection,Knockout,unidirectional,17987,Kawabata A (2022),35723366,test,4600,4600,0,0,"Drug/Chemical response · Lung Adenocarcinoma · NHEJ1, SLC35A2, SBNO2"
1607,2053,"decreases cell proliferation, evidenced by reduced growth of the TOV-21G ovarian clear cell carcinoma cell line",Fitness / Proliferation / Viability,,Ovarian Cancer Cell Line,TOV-21G,Negative Selection,Knockout,unidirectional,17987,Kawabata A (2022),35723366,test,1398,1398,0,1,"Fitness/Viability · Melanoma · C1QBP, NDUFA10, PET117"
1608,2054,"increases resistance to the ferroptosis-inducing drug RSL3, as measured by increased cell viability after exposure",Drug / Chemical / Environmental Response," under 1S,3R-RSL3 treatment (300.0 nM)",Neuroblastoma Cell Line,SK-N-DZ,Positive Selection,Activation,unidirectional,18652,Alborzinia H (2023),37435859,test,944,944,0,0,"Drug/Chemical response · Lung Adenocarcinoma · NHEJ1, SLC35A2, SBNO2"
1609,2055,increases resistance to the ferroptosis-inducing drug Erastin as measured by increased cell viability after treatment,Drug / Chemical / Environmental Response, under Erastin treatment (1.0 µM),Neuroblastoma Cell Line,SK-N-DZ,Positive Selection,Activation,unidirectional,18653,Alborzinia H (2023),37435859,test,1013,1013,0,0,"Drug/Chemical response · Lung Adenocarcinoma · NHEJ1, SLC35A2, SBNO2"
1610,2056,decreases viability of LRP8-deficient A-375 cells,Fitness / Proliferation / Viability, under LRP8-Knockout (LRP8-KO) treatment,Melanoma Cell Line,A-375,Negative Selection,Knockout,unidirectional,414,Alborzinia H (2023),37435859,test,2,2,0,11,"Host-Pathogen/Infection · Lung Adenocarcinoma · ACE2, TMPRSS2, RMC1"
1611,2057,decreases cell viability in LRP8-deficient HT-1080 cells (synthetic lethality),Fitness / Proliferation / Viability, under LRP8-Knockout (LRP8-KO) treatment,Fibrosarcoma Cell Line,HT-1080,Negative Selection,Knockout,unidirectional,414,Alborzinia H (2023),37435859,test,3,3,0,11,"Host-Pathogen/Infection · Lung Adenocarcinoma · ACE2, TMPRSS2, RMC1"
1612,2058,increases binding of the SARS-CoV-2 spike receptor-binding domain to the cell surface,Host-Pathogen / Infection Response, under SARS-CoV-2 Spike-RBD treatment (50.0 µg/mL),Melanoma Cell Line,A-375,Positive Selection,Activation,unidirectional,5885,Song J (2022),36228039,test,2,2,0,11,"Host-Pathogen/Infection · Lung Adenocarcinoma · ACE2, TMPRSS2, RMC1"
1613,2059,increases cell-surface binding of the SARS-CoV-2 spike receptor-binding domain (RBD),Host-Pathogen / Infection Response, under SARS-CoV-2 Spike-RBD treatment (50.0 µg/mL),Melanoma Cell Line,A-375,Positive Selection,Activation,unidirectional,5885,Song J (2022),36228039,test,2,2,0,11,"Host-Pathogen/Infection · Lung Adenocarcinoma · ACE2, TMPRSS2, RMC1"
1614,2060,decreases cell viability of Calu-1 ACE2-overexpressing cells upon SARS-CoV-2 Spike-delta19 pseudotyped lentiviral infection,Host-Pathogen / Infection Response, under SARS-CoV-2 Spike‐Δ19 protein pseudotyped lentivirus treatment (25.0 %),Lung Cancer Cell Line,Calu1-ACE2,Negative Selection,Knockout,unidirectional,20670,Ugalde AP (2022),36124427,test,103,103,0,27,"Host-Pathogen/Infection · Lung Adenocarcinoma · ACE2, FOSL2, LY6E"
1615,2061,decreases cell proliferation,Fitness / Proliferation / Viability,,Lung Adenocarcinoma Cell Line,Calu-3,Positive Selection,Knockout,unidirectional,17986,Chan K (2022),36597481,test,2090,2090,0,1,"Fitness/Viability · Melanoma · C1QBP, NDUFA10, PET117"
1616,2062,decreases cell proliferation,Fitness / Proliferation / Viability,,Embryonic Kidney Cell Line,HEK293-ACE2-TMPRSS2,Positive Selection,Knockout,unidirectional,17985,Chan K (2022),36597481,test,2058,2058,0,1,"Fitness/Viability · Melanoma · C1QBP, NDUFA10, PET117"
1617,2063,decreases cell proliferation,Fitness / Proliferation / Viability,,Hepatoma Cell Line,HuH-7,Positive Selection,Knockout,unidirectional,17986,Chan K (2022),36597481,test,2091,2091,0,1,"Fitness/Viability · Melanoma · C1QBP, NDUFA10, PET117"
1618,2064,decreases cell proliferation,Fitness / Proliferation / Viability,,Bladder Carcinoma,UM-UC-4,Positive Selection,Knockout,unidirectional,17985,Chan K (2022),36597481,test,2023,2023,0,1,"Fitness/Viability · Melanoma · C1QBP, NDUFA10, PET117"
1619,2066,increases resistance to SARS-CoV-2 cytotoxicity,Host-Pathogen / Infection Response, under Virus: SARS-CoV-2/SB3-TYAGNC treatment (0.0005 MOI),Lung Adenocarcinoma Cell Line,Calu-3,Positive Selection,Knockout,unidirectional,17745,Chan K (2022),36597481,test,11,11,0,11,"Host-Pathogen/Infection · Lung Adenocarcinoma · ACE2, TMPRSS2, RMC1"
1620,2067,increases resistance to SARS-CoV-2-induced cytotoxicity,Host-Pathogen / Infection Response, under Virus: SARS-CoV-2/SB3-TYAGNC treatment (0.05 MOI),Lung Adenocarcinoma Cell Line,Calu-3,Positive Selection,Knockout,unidirectional,17742,Chan K (2022),36597481,test,2,2,0,11,"Host-Pathogen/Infection · Lung Adenocarcinoma · ACE2, TMPRSS2, RMC1"
1621,2068,"increases resistance to SARS-CoV-2 cytotoxicity, as measured by increased cell survival after SARS-CoV-2 exposure",Host-Pathogen / Infection Response, under Virus: SARS-CoV-2/SB3-TYAGNC treatment (0.001 MOI),Bladder Carcinoma,UM-UC-4,Positive Selection,Knockout,unidirectional,17747,Chan K (2022),36597481,test,1,1,0,11,"Host-Pathogen/Infection · Lung Adenocarcinoma · ACE2, TMPRSS2, RMC1"
1622,2069,increases resistance to SARS-CoV-2–induced cytotoxicity (enhanced cell survival under virus exposure),Host-Pathogen / Infection Response, under Virus: SARS-CoV-2/SB3-TYAGNC treatment (0.001 MOI),Bladder Carcinoma,UM-UC-4,Positive Selection,Knockout,unidirectional,17248,Chan K (2022),36597481,test,4,4,0,11,"Host-Pathogen/Infection · Lung Adenocarcinoma · ACE2, TMPRSS2, RMC1"
1623,2070,increases resistance to SARS-CoV-2–induced cytotoxicity as measured by increased cell survival under viral exposure,Host-Pathogen / Infection Response, under Virus: SARS-CoV-2/SB3-TYAGNC treatment (2.0 MOI),Embryonic Kidney Cell Line,HEK293-ACE2-TMPRSS2,Positive Selection,Knockout,unidirectional,17746,Chan K (2022),36597481,test,1,1,0,11,"Host-Pathogen/Infection · Lung Adenocarcinoma · ACE2, TMPRSS2, RMC1"
1624,2071,increases resistance to SARS-CoV-2 cytotoxicity as measured by cell survival under SARS-CoV-2 exposure,Host-Pathogen / Infection Response, under Virus: SARS-CoV-2/SB3-TYAGNC treatment (1 MOI),Hepatoma Cell Line,HuH-7,Positive Selection,Knockout,unidirectional,17748,Chan K (2022),36597481,test,25,25,0,11,"Host-Pathogen/Infection · Lung Adenocarcinoma · ACE2, TMPRSS2, RMC1"
1625,2074,increases resistance to SARS-CoV-2 cytotoxicity,Host-Pathogen / Infection Response, under Virus: SARS-CoV-2/SB3-TYAGNC treatment (0.001 MOI),African green monkey kidney cell line,Vero-E6|VERO C1008,Positive Selection,Knockout,unidirectional,11814,Chan K (2022),36597481,test,31,31,0,11,"Host-Pathogen/Infection · Lung Adenocarcinoma · ACE2, TMPRSS2, RMC1"
1626,2075,"increases resistance to SARS-CoV-2-induced cytotoxicity, as measured by increased cell survival during virus exposure",Host-Pathogen / Infection Response, under Virus: SARS-CoV-2/SB3-TYAGNC treatment (0.001 MOI),African green monkey kidney cell line,Vero-E6|VERO C1008,Positive Selection,Knockout,unidirectional,11761,Chan K (2022),36597481,test,30,30,0,11,"Host-Pathogen/Infection · Lung Adenocarcinoma · ACE2, TMPRSS2, RMC1"
1627,2076,increases SARS-CoV-2 programmed ribosomal frameshifting efficiency as measured by dual fluorescent reporter readouts,Molecular Output / Reporter / Pathway Activity, under Virus: SARS-CoV-2 (isolate USA-WA1/2020) treatment (0.3 MOI),Colorectal Cancer Cell Line,HCT 116,Phenotype Screen,Knockout,unidirectional,19007,Rehfeld F (2023),36753415,test,212,212,0,15,"Drug/Chemical response · Lung Adenocarcinoma · TBC1D3D, CHURC1-FNTB, ZNF626"
1628,2077,decreases SARS-CoV-2 programmed ribosomal frameshifting (PRF) efficiency,Molecular Output / Reporter / Pathway Activity, under Virus: SARS-CoV-2 (isolate USA-WA1/2020) treatment (0.3 MOI),Colorectal Cancer Cell Line,HCT 116,Phenotype Screen,Knockout,unidirectional,19007,Rehfeld F (2023),36753415,test,185,185,0,7,"Fitness/Viability · Neuroblastoma · GSTT2B, MTRNR2L8, ARGFX"
1629,2079,impacts response to chemicals,Drug / Chemical / Environmental Response, under BI-2536 treatment (4.2 nM),Pre-B Acute Lymphoblastic Leukemia Cell Line,NALM-6,Positive and Negative Selection,Knockout,recovered_bidirectional,18924,Normandin K (2023),37639469,test,73,73,0,4,"Drug/Chemical response · Chronic Myelogenous Leukemia · FBXW7, STUB1, RNF7"
1630,2080,impacts response to chemicals,Drug / Chemical / Environmental Response, under BI6727/Volasertib treatment (12.5 nM),Pre-B Acute Lymphoblastic Leukemia Cell Line,NALM-6,Positive and Negative Selection,Knockout,recovered_bidirectional,18924,Normandin K (2023),37639469,test,23,23,0,4,"Drug/Chemical response · Chronic Myelogenous Leukemia · FBXW7, STUB1, RNF7"
1631,2081,impacts response to chemicals,Drug / Chemical / Environmental Response, under GSK461364 (GSK461364A) treatment (5.0 nM),Pre-B Acute Lymphoblastic Leukemia Cell Line,NALM-6,Positive and Negative Selection,Knockout,recovered_bidirectional,18924,Normandin K (2023),37639469,test,23,23,0,4,"Drug/Chemical response · Chronic Myelogenous Leukemia · FBXW7, STUB1, RNF7"
1632,U_2082_dec,decrease etoposide resistance,Drug / Chemical / Environmental Response, under Etoposide treatment (100.0 nM),Embryonic Kidney Cell Line,HEK293-A,bidirectional,Knockout,bidirectional,17872,Park JM (2023),37047518,test,1242,1000,242,0,"Drug/Chemical response · Lung Adenocarcinoma · NHEJ1, SLC35A2, SBNO2"
1633,U_2082_inc,increase etoposide resistance,Drug / Chemical / Environmental Response, under Etoposide treatment (100.0 nM),Embryonic Kidney Cell Line,HEK293-A,bidirectional,Knockout,bidirectional,17872,Park JM (2023),37047518,test,1242,242,1000,0,"Drug/Chemical response · Lung Adenocarcinoma · NHEJ1, SLC35A2, SBNO2"
1634,U_2082_merged,either increases or decreases etoposide resistance,Drug / Chemical / Environmental Response, under Etoposide treatment (100.0 nM),Embryonic Kidney Cell Line,HEK293-A,Positive and Negative Selection,Knockout,bidirectional,17872,Park JM (2023),37047518,test,1242,1242,0,0,"Drug/Chemical response · Lung Adenocarcinoma · NHEJ1, SLC35A2, SBNO2"
1635,U_2083_dec,decrease etoposide (ETO) resistance in ZNF451 knockout cells,Drug / Chemical / Environmental Response, under Mutation: ZNF451 (ETG26036) KO|Etoposide treatment (20.0 nM),Embryonic Kidney Cell Line,HEK293-A,bidirectional,Knockout,bidirectional,17873,Park JM (2023),37047518,test,1874,1221,653,0,"Drug/Chemical response · Lung Adenocarcinoma · NHEJ1, SLC35A2, SBNO2"
1636,U_2083_inc,increase etoposide (ETO) resistance in ZNF451 knockout cells,Drug / Chemical / Environmental Response, under Mutation: ZNF451 (ETG26036) KO|Etoposide treatment (20.0 nM),Embryonic Kidney Cell Line,HEK293-A,bidirectional,Knockout,bidirectional,17873,Park JM (2023),37047518,test,1874,653,1221,0,"Drug/Chemical response · Lung Adenocarcinoma · NHEJ1, SLC35A2, SBNO2"
1637,U_2083_merged,either increases or decreases etoposide (ETO) resistance in ZNF451 knockout cells,Drug / Chemical / Environmental Response, under Mutation: ZNF451 (ETG26036) KO|Etoposide treatment (20.0 nM),Embryonic Kidney Cell Line,HEK293-A,Positive and Negative Selection,Knockout,bidirectional,17873,Park JM (2023),37047518,test,1874,1874,0,0,"Drug/Chemical response · Lung Adenocarcinoma · NHEJ1, SLC35A2, SBNO2"
1638,2084,"increases EGR1 protein accumulation by stabilizing EGR1, as read out by the GPS reporter",Molecular Output / Reporter / Pathway Activity,,Embryonic Kidney Cell Line,HEK293T,Phenotype Screen,Knockout,unidirectional,18659,Gu X (2023),37616343,test,47,47,0,24,"Reporter/Pathway activity · Embryonic Kidney · FEM1C, FEM1A, CUL2"
1639,2085,increases FosB protein accumulation due to increased protein stabilization as measured by the GPS reporter,Trafficking / Localization / Structural Phenotypes,,Embryonic Kidney Cell Line,HEK293T,Phenotype Screen,Knockout,unidirectional,18659,Gu X (2023),37616343,test,44,44,0,24,"Reporter/Pathway activity · Embryonic Kidney · FEM1C, FEM1A, CUL2"
1640,2089,decreases cell proliferation in ELOF1 knockout cells,Fitness / Proliferation / Viability, under Mutation: ELOF1 (ETG84337) KO treatment,Embryonic Cell Line,HUES 62,Negative Selection,Knockout,unidirectional,17990,van der Weegen Y (2021),34108663,validation,40,40,0,11,"Host-Pathogen/Infection · Lung Adenocarcinoma · ACE2, TMPRSS2, RMC1"
1641,2104,increases accumulation of NMD-reporter protein as measured by fluorescence,Molecular Output / Reporter / Pathway Activity,,Osteosarcoma Cell Line,U2OS,Phenotype Screen,Knockout,unidirectional,18736,Cheruiyot A (2021),34215620,validation,904,904,0,0,"Drug/Chemical response · Lung Adenocarcinoma · NHEJ1, SLC35A2, SBNO2"
1642,2113,impacts cell proliferation,Fitness / Proliferation / Viability,,Primary Effusion Lymphoma Cell Line,BC-1,Positive and Negative Selection,Knockout,recovered_bidirectional,18780,Manzano M (2018),30111820,train,911,911,0,15,"Drug/Chemical response · Lung Adenocarcinoma · TBC1D3D, CHURC1-FNTB, ZNF626"
1643,2114,impacts cell proliferation,Fitness / Proliferation / Viability,,Primary Effusion Lymphoma Cell Line,BC-2,Positive and Negative Selection,Knockout,recovered_bidirectional,18780,Manzano M (2018),30111820,train,742,742,0,15,"Drug/Chemical response · Lung Adenocarcinoma · TBC1D3D, CHURC1-FNTB, ZNF626"
1644,2115,impacts cell proliferation,Fitness / Proliferation / Viability,,Primary Effusion Lymphoma Cell Line,BC-3,Positive and Negative Selection,Knockout,recovered_bidirectional,20670,Manzano M (2018),30111820,train,636,636,0,9,"Fitness/Viability · Acute Myeloid Leukemia · SPDYE5, WASHC1, GOLGA8O"
1645,2116,impacts cell proliferation,Fitness / Proliferation / Viability,,Primary Effusion Lymphoma Cell Line,BC-5,Positive and Negative Selection,Knockout,recovered_bidirectional,18780,Manzano M (2018),30111820,train,398,398,0,15,"Drug/Chemical response · Lung Adenocarcinoma · TBC1D3D, CHURC1-FNTB, ZNF626"
1646,2117,impacts cell proliferation,Fitness / Proliferation / Viability,,Primary Effusion Lymphoma Cell Line,JSC-1,Positive and Negative Selection,Knockout,recovered_bidirectional,18780,Manzano M (2018),30111820,train,999,999,0,15,"Drug/Chemical response · Lung Adenocarcinoma · TBC1D3D, CHURC1-FNTB, ZNF626"
1647,2118,impacts cell proliferation,Fitness / Proliferation / Viability,,Primary Effusion Lymphoma Cell Line,APK-1,Positive and Negative Selection,Knockout,recovered_bidirectional,18780,Manzano M (2018),30111820,train,806,806,0,15,"Drug/Chemical response · Lung Adenocarcinoma · TBC1D3D, CHURC1-FNTB, ZNF626"
1648,2135,increases fetal hemoglobin (HbF) protein accumulation,Molecular Output / Reporter / Pathway Activity, under Differentiation Medium treatment,Umbilical cord erythroid progenitor,HUDEP-2,Phenotype Screen,Knockout,unidirectional,772,Feng R (2022),36224385,test,27,27,0,4,"Drug/Chemical response · Chronic Myelogenous Leukemia · FBXW7, STUB1, RNF7"
1649,2137,increases IFN response as measured by increased Viperin protein accumulation,Molecular Output / Reporter / Pathway Activity,,Lymphoma or Leukaemia Cell Line,BLaER1,Phenotype Screen,Knockout,unidirectional,19451,Gaidt MM (2021),34759314,validation,13,13,0,4,"Drug/Chemical response · Chronic Myelogenous Leukemia · FBXW7, STUB1, RNF7"
1650,2145,increases accumulation of the GFP–peptide fusion (GIPLRNLGIR*),Molecular Output / Reporter / Pathway Activity,,Embryonic Kidney Cell Line,HEK293T,Phenotype Screen,Knockout,unidirectional,70,Koren I (2018),29779948,train,2,2,0,24,"Reporter/Pathway activity · Embryonic Kidney · FEM1C, FEM1A, CUL2"
1651,2146,increases accumulation of the GFP-peptide fusion by inhibiting its degradation,Molecular Output / Reporter / Pathway Activity,,Embryonic Kidney Cell Line,HEK293T,Phenotype Screen,Knockout,unidirectional,70,Koren I (2018),29779948,train,4,4,0,24,"Reporter/Pathway activity · Embryonic Kidney · FEM1C, FEM1A, CUL2"
1652,2147,increases accumulation of the GFP–peptide fusion by inhibiting its degradation,Trafficking / Localization / Structural Phenotypes,,Embryonic Kidney Cell Line,HEK293T,Phenotype Screen,Knockout,unidirectional,70,Koren I (2018),29779948,train,3,3,0,24,"Reporter/Pathway activity · Embryonic Kidney · FEM1C, FEM1A, CUL2"
1653,2148,increases accumulation of the GFP–peptide fusion by inhibiting its degradation,Molecular Output / Reporter / Pathway Activity,,Embryonic Kidney Cell Line,HEK293T,Phenotype Screen,Knockout,unidirectional,70,Koren I (2018),29779948,train,6,6,0,24,"Reporter/Pathway activity · Embryonic Kidney · FEM1C, FEM1A, CUL2"
1654,2149,increases accumulation of the GFP-peptide fusion (GIPLRGLLKRPCLRG*),Molecular Output / Reporter / Pathway Activity,,Embryonic Kidney Cell Line,HEK293T,Phenotype Screen,Knockout,unidirectional,70,Koren I (2018),29779948,train,2,2,0,24,"Reporter/Pathway activity · Embryonic Kidney · FEM1C, FEM1A, CUL2"
1655,2150,increases accumulation of the GFP-peptide fusion by inhibiting its degradation,Molecular Output / Reporter / Pathway Activity,,Embryonic Kidney Cell Line,HEK293T,Phenotype Screen,Knockout,unidirectional,70,Koren I (2018),29779948,train,2,2,0,24,"Reporter/Pathway activity · Embryonic Kidney · FEM1C, FEM1A, CUL2"
1656,2151,increases accumulation of the GFP–peptide fusion substrate (protein/peptide accumulation),Molecular Output / Reporter / Pathway Activity,,Embryonic Kidney Cell Line,HEK293T,Phenotype Screen,Knockout,unidirectional,70,Koren I (2018),29779948,train,2,2,0,24,"Reporter/Pathway activity · Embryonic Kidney · FEM1C, FEM1A, CUL2"
1657,2152,increases accumulation of the GFP-peptide fusion (GIPLRPHKRLLKGSQYG*) by inhibiting its degradation,Molecular Output / Reporter / Pathway Activity,,Embryonic Kidney Cell Line,HEK293T,Phenotype Screen,Knockout,unidirectional,70,Koren I (2018),29779948,train,2,2,0,24,"Reporter/Pathway activity · Embryonic Kidney · FEM1C, FEM1A, CUL2"
1658,2153,increases accumulation of the GFP-peptide fusion,Molecular Output / Reporter / Pathway Activity,,Embryonic Kidney Cell Line,HEK293T,Phenotype Screen,Knockout,unidirectional,70,Koren I (2018),29779948,train,5,5,0,24,"Reporter/Pathway activity · Embryonic Kidney · FEM1C, FEM1A, CUL2"
1659,2154,increases accumulation of the GFP-peptide fusion reporter by inhibiting its degradation,Molecular Output / Reporter / Pathway Activity,,Embryonic Kidney Cell Line,HEK293T,Phenotype Screen,Knockout,unidirectional,70,Koren I (2018),29779948,train,6,6,0,24,"Reporter/Pathway activity · Embryonic Kidney · FEM1C, FEM1A, CUL2"
1660,2155,increases accumulation of the GFP-peptide fusion protein,Molecular Output / Reporter / Pathway Activity,,Embryonic Kidney Cell Line,HEK293T,Phenotype Screen,Knockout,unidirectional,70,Koren I (2018),29779948,train,6,6,0,24,"Reporter/Pathway activity · Embryonic Kidney · FEM1C, FEM1A, CUL2"
1661,2156,increases accumulation of the GFP-peptide fusion reporter by inhibiting its degradation,Molecular Output / Reporter / Pathway Activity,,Embryonic Kidney Cell Line,HEK293T,Phenotype Screen,Knockout,unidirectional,70,Koren I (2018),29779948,train,5,5,0,24,"Reporter/Pathway activity · Embryonic Kidney · FEM1C, FEM1A, CUL2"
1662,2157,increases protein/peptide accumulation by inhibiting degradation of the GFP–peptide fusion reporter,Trafficking / Localization / Structural Phenotypes,,Embryonic Kidney Cell Line,HEK293T,Phenotype Screen,Knockout,unidirectional,70,Koren I (2018),29779948,train,5,5,0,24,"Reporter/Pathway activity · Embryonic Kidney · FEM1C, FEM1A, CUL2"
1663,2158,increases accumulation of the GFP-peptide fusion reporter by inhibiting its degradation,Molecular Output / Reporter / Pathway Activity,,Embryonic Kidney Cell Line,HEK293T,Phenotype Screen,Knockout,unidirectional,70,Koren I (2018),29779948,train,6,6,0,24,"Reporter/Pathway activity · Embryonic Kidney · FEM1C, FEM1A, CUL2"
1664,2159,increases accumulation of the GFP-peptide fusion reporter by inhibiting its degradation,Molecular Output / Reporter / Pathway Activity,,Embryonic Kidney Cell Line,HEK293T,Phenotype Screen,Knockout,unidirectional,70,Koren I (2018),29779948,train,4,4,0,24,"Reporter/Pathway activity · Embryonic Kidney · FEM1C, FEM1A, CUL2"
1665,2160,increases accumulation of the GFP–peptide fusion substrate,Trafficking / Localization / Structural Phenotypes,,Embryonic Kidney Cell Line,HEK293T,Phenotype Screen,Knockout,unidirectional,70,Koren I (2018),29779948,train,4,4,0,24,"Reporter/Pathway activity · Embryonic Kidney · FEM1C, FEM1A, CUL2"
1666,2161,increases accumulation of the GFP–peptide fusion by inhibiting its degradation,Molecular Output / Reporter / Pathway Activity,,Embryonic Kidney Cell Line,HEK293T,Phenotype Screen,Knockout,unidirectional,70,Koren I (2018),29779948,train,2,2,0,24,"Reporter/Pathway activity · Embryonic Kidney · FEM1C, FEM1A, CUL2"
1667,2162,increases accumulation of the GFP–CDK5R1 (R-end) peptide fusion,Molecular Output / Reporter / Pathway Activity,,Embryonic Kidney Cell Line,HEK293T,Phenotype Screen,Knockout,unidirectional,159,Koren I (2018),29779948,train,6,6,0,24,"Reporter/Pathway activity · Embryonic Kidney · FEM1C, FEM1A, CUL2"
1668,2163,increases accumulation of the GFP-SIL1 (R-end) fusion protein by inhibiting its degradation,Trafficking / Localization / Structural Phenotypes,,Embryonic Kidney Cell Line,HEK293T,Phenotype Screen,Knockout,unidirectional,159,Koren I (2018),29779948,train,8,8,0,24,"Reporter/Pathway activity · Embryonic Kidney · FEM1C, FEM1A, CUL2"
1669,2164,increases accumulation of the GFP–MAGEA3 (EE-end) fusion protein,Molecular Output / Reporter / Pathway Activity,,Embryonic Kidney Cell Line,HEK293T,Phenotype Screen,Knockout,unidirectional,116,Koren I (2018),29779948,train,5,5,0,10,"Host-Pathogen/Infection · Cervical Adenocarcinoma · JAK2, STAT1, B2M"
1670,2165,"increases protein/peptide accumulation of the MGAT2 (R-3 motif) GFP-peptide fusion (i.e., inhibits its degradation)",Molecular Output / Reporter / Pathway Activity,,Embryonic Kidney Cell Line,HEK293T,Phenotype Screen,Knockout,unidirectional,116,Koren I (2018),29779948,train,2,2,0,10,"Host-Pathogen/Infection · Cervical Adenocarcinoma · JAK2, STAT1, B2M"
1671,2166,increases accumulation of the GFP-peptide fusion with the MSRB2 C-terminal R-3 motif,Trafficking / Localization / Structural Phenotypes,,Embryonic Kidney Cell Line,HEK293T,Phenotype Screen,Knockout,unidirectional,116,Koren I (2018),29779948,train,1,1,0,10,"Host-Pathogen/Infection · Cervical Adenocarcinoma · JAK2, STAT1, B2M"
1672,2167,increases accumulation of the NPPB (R-3 motif) GFP-peptide fusion by inhibiting its degradation,Trafficking / Localization / Structural Phenotypes,,Embryonic Kidney Cell Line,HEK293T,Phenotype Screen,Knockout,unidirectional,116,Koren I (2018),29779948,train,2,2,0,10,"Host-Pathogen/Infection · Cervical Adenocarcinoma · JAK2, STAT1, B2M"
1673,2168,increases accumulation of the GFP–SAT1 (EE-end) peptide fusion by inhibiting its degradation,Molecular Output / Reporter / Pathway Activity,,Embryonic Kidney Cell Line,HEK293T,Phenotype Screen,Knockout,unidirectional,116,Koren I (2018),29779948,train,7,7,0,10,"Host-Pathogen/Infection · Cervical Adenocarcinoma · JAK2, STAT1, B2M"
1674,2169,increases drug resistance to gefitinib,Drug / Chemical / Environmental Response, under Gefitinib treatment (30.0 nM),Lung Adenocarcinoma Cell Line,PC-9,Positive Selection,Knockout,unidirectional,497,Liao S (2017),28167502,train,34,34,0,6,"Drug/Chemical response · Retinal Pigment Epithelium · E2F7, MAPK1, STAG2"
1675,2200,impacts cell proliferation,Fitness / Proliferation / Viability, under Mutation: BRCA2 (ETG675) KO treatment,Colonic Adenocarcinoma Cell Line,DLD-1,Positive and Negative Selection,Knockout,recovered_bidirectional,357,Mengwasser KE (2019),30686591,train,59,59,0,3,"Drug/Chemical response · Retinal Pigment Epithelium · PDCD10, NF2, TAOK1"
1676,2201,impacts cell proliferation,Fitness / Proliferation / Viability, under Mutation: BRCA2 (ETG675) KO treatment,Ovarian Cancer Cell Line,PEO1,Positive and Negative Selection,Knockout,recovered_bidirectional,357,Mengwasser KE (2019),30686591,train,125,125,0,6,"Drug/Chemical response · Retinal Pigment Epithelium · E2F7, MAPK1, STAG2"
1677,2202,increases mitophagic flux as indicated by higher mt-mKeima reporter levels,Molecular Output / Reporter / Pathway Activity, under antimycin A/oligomycin A treatment,Cervical Adenocarcinoma Cell Line,HeLa,Phenotype Screen,Knockout,unidirectional,859,Heo JM (2019),31723608,train,20,20,0,4,"Drug/Chemical response · Chronic Myelogenous Leukemia · FBXW7, STUB1, RNF7"
1678,2203,increases mitophagic flux as measured by high mt-mKeima reporter levels,Molecular Output / Reporter / Pathway Activity, under antimycin A/oligomycin A treatment,Cervical Adenocarcinoma Cell Line,HeLa,Phenotype Screen,Knockout,unidirectional,1094,Heo JM (2019),31723608,train,111,111,0,23,"Drug/Chemical response · Chronic Myeloid Leukemia · HPS5, TIMM23B, KICS2"
1679,2204,decreases mitophagic flux as indicated by reduced mt-mKeima reporter signal,Molecular Output / Reporter / Pathway Activity, under antimycin A/oligomycin A treatment,Cervical Adenocarcinoma Cell Line,HeLa,Phenotype Screen,Knockout,unidirectional,859,Heo JM (2019),31723608,train,38,38,0,25,"Reporter/Pathway activity · Chronic Myeloid Leukemia · ATG14, WIPI2, WDR45"
1680,2205,decreases mitophagic flux as measured by low mt-mKeima reporter levels,Trafficking / Localization / Structural Phenotypes, under antimycin A/oligomycin A treatment,Cervical Adenocarcinoma Cell Line,HeLa,Phenotype Screen,Knockout,unidirectional,1094,Heo JM (2019),31723608,train,64,64,0,21,"Drug/Chemical response · Chronic Myeloid Leukemia · PFKP, GOT1, G6PD"
1681,2206,decreases mitophagic flux as measured by reduced mt-mKeima reporter levels,Trafficking / Localization / Structural Phenotypes, under antimycin A/oligomycin A treatment,Cervical Adenocarcinoma Cell Line,HeLa,Phenotype Screen,Knockout,unidirectional,695,Heo JM (2019),31723608,train,51,51,0,25,"Reporter/Pathway activity · Chronic Myeloid Leukemia · ATG14, WIPI2, WDR45"
1682,2208,impacts response to chemicals,Drug / Chemical / Environmental Response, under SHP099 treatment (5.0 µM),Acute Myeloid Leukemia Cell Line,MV4-11,Positive and Negative Selection,Knockout,recovered_bidirectional,17984,Wei W (2023),36820830,test,227,227,0,0,"Drug/Chemical response · Lung Adenocarcinoma · NHEJ1, SLC35A2, SBNO2"
1683,U_2209_dec,decrease cell viability in uninfected Calu-3 cells,Fitness / Proliferation / Viability,,Lung Adenocarcinoma Cell Line,Calu-3,bidirectional,Knockout,bidirectional,825,Bragazzi Cunha J (2023),37975674,test,122,108,14,11,"Host-Pathogen/Infection · Lung Adenocarcinoma · ACE2, TMPRSS2, RMC1"
1684,U_2209_inc,increase cell viability in uninfected Calu-3 cells,Fitness / Proliferation / Viability,,Lung Adenocarcinoma Cell Line,Calu-3,bidirectional,Knockout,bidirectional,825,Bragazzi Cunha J (2023),37975674,test,122,14,108,11,"Host-Pathogen/Infection · Lung Adenocarcinoma · ACE2, TMPRSS2, RMC1"
1685,U_2209_merged,either increases or decreases cell viability in uninfected Calu-3 cells,Fitness / Proliferation / Viability,,Lung Adenocarcinoma Cell Line,Calu-3,Positive and Negative Selection,Knockout,bidirectional,825,Bragazzi Cunha J (2023),37975674,test,122,122,0,11,"Host-Pathogen/Infection · Lung Adenocarcinoma · ACE2, TMPRSS2, RMC1"
1686,2212,impacts response to chemicals,Drug / Chemical / Environmental Response, under selinexor treatment (100.0 nM),Chronic Myelogenous Leukemia Cell Line,HAP-1,Positive and Negative Selection,Knockout,recovered_bidirectional,19007,Kwanten B (2023),36731340,test,1061,1061,0,0,"Drug/Chemical response · Lung Adenocarcinoma · NHEJ1, SLC35A2, SBNO2"
1687,2213,impacts response to chemicals,Drug / Chemical / Environmental Response, under selinexor treatment (100.0 nM),Chronic Myelogenous Leukemia Cell Line,HAP-1,Positive and Negative Selection,Knockout,recovered_bidirectional,19007,Kwanten B (2023),36731340,test,1401,1401,0,0,"Drug/Chemical response · Lung Adenocarcinoma · NHEJ1, SLC35A2, SBNO2"
1688,2214,impacts response to chemicals,Drug / Chemical / Environmental Response, under selinexor treatment (140.0 nM),Lymphoma or Leukaemia Cell Line,SK-MM-1,Positive and Negative Selection,Knockout,recovered_bidirectional,19007,Kwanten B (2023),36731340,test,1505,1505,0,0,"Drug/Chemical response · Lung Adenocarcinoma · NHEJ1, SLC35A2, SBNO2"
1689,2215,impacts response to chemicals,Drug / Chemical / Environmental Response, under selinexor treatment (125.0 nM),Lymphoma or Leukaemia Cell Line,KMS-28BM,Positive and Negative Selection,Knockout,recovered_bidirectional,19009,Kwanten B (2023),36731340,test,376,376,0,0,"Drug/Chemical response · Lung Adenocarcinoma · NHEJ1, SLC35A2, SBNO2"
1690,2216,decreases SARS-CoV-2 Spike-induced syncytium formation,Host-Pathogen / Infection Response, under SARS-CoV-2 Spike treatment,Lung Adenocarcinoma Cell Line,A549-ACE2-Cas9-GFP1–10,Phenotype Screen,Knockout,unidirectional,18734,Chan CWF (2023),37996617,test,9,9,0,11,"Host-Pathogen/Infection · Lung Adenocarcinoma · ACE2, TMPRSS2, RMC1"
1691,2217,impacts response to chemicals,Drug / Chemical / Environmental Response, under selinexor treatment (125.0 nM),Lymphoma or Leukaemia Cell Line,KMS-28BM,Positive and Negative Selection,Knockout,recovered_bidirectional,19009,Kwanten B (2023),36731340,test,345,345,0,0,"Drug/Chemical response · Lung Adenocarcinoma · NHEJ1, SLC35A2, SBNO2"
1692,2218,impacts response to chemicals,Drug / Chemical / Environmental Response, under selinexor treatment (40.0 nM),Lymphoma or Leukaemia Cell Line,KMS-28BM,Positive and Negative Selection,Knockout,recovered_bidirectional,19009,Kwanten B (2023),36731340,test,230,230,0,0,"Drug/Chemical response · Lung Adenocarcinoma · NHEJ1, SLC35A2, SBNO2"
1693,2219,impacts response to chemicals,Drug / Chemical / Environmental Response, under selinexor treatment (40.0 nM),Lymphoma or Leukaemia Cell Line,KMS-28BM,Positive and Negative Selection,Knockout,recovered_bidirectional,19009,Kwanten B (2023),36731340,test,169,169,0,0,"Drug/Chemical response · Lung Adenocarcinoma · NHEJ1, SLC35A2, SBNO2"
1694,2220,impacts response to chemicals,Drug / Chemical / Environmental Response, under selinexor treatment (200.0 nM),Diffuse Large B-cell Lymphoma Cell,DS,Positive and Negative Selection,Knockout,recovered_bidirectional,19009,Kwanten B (2023),36731340,test,2947,2947,0,0,"Drug/Chemical response · Lung Adenocarcinoma · NHEJ1, SLC35A2, SBNO2"
1695,2221,impacts response to chemicals,Drug / Chemical / Environmental Response, under selinexor treatment (200.0 nM),Diffuse Large B-cell Lymphoma Cell,DS,Positive and Negative Selection,Knockout,recovered_bidirectional,19009,Kwanten B (2023),36731340,test,2487,2487,0,0,"Drug/Chemical response · Lung Adenocarcinoma · NHEJ1, SLC35A2, SBNO2"
1696,2222,impacts response to chemicals,Drug / Chemical / Environmental Response, under selinexor treatment (40.0 nM),Diffuse Large B-cell Lymphoma Cell,RL,Positive and Negative Selection,Knockout,recovered_bidirectional,19009,Kwanten B (2023),36731340,test,160,160,0,0,"Drug/Chemical response · Lung Adenocarcinoma · NHEJ1, SLC35A2, SBNO2"
1697,2223,impacts response to chemicals,Drug / Chemical / Environmental Response, under selinexor treatment (40.0 nM),Diffuse Large B-cell Lymphoma Cell,RL,Positive and Negative Selection,Knockout,recovered_bidirectional,19009,Kwanten B (2023),36731340,test,151,151,0,0,"Drug/Chemical response · Lung Adenocarcinoma · NHEJ1, SLC35A2, SBNO2"
1698,2309,"decreases resistance to the ATR inhibitor AZD6738, as measured by reduced cell survival in the presence of the drug",Drug / Chemical / Environmental Response, under AZD6738 treatment (0.4 µM),Embryonic Kidney Cell Line,HEK293-A,Negative Selection,Knockout,unidirectional,17373,Wang C (2021),34320214,validation,828,828,0,0,"Drug/Chemical response · Lung Adenocarcinoma · NHEJ1, SLC35A2, SBNO2"
1699,2310,"decreases drug resistance to the CHK inhibitor LY2603618, as evidenced by synthetic lethality (reduced cell viability) upon treatment",Drug / Chemical / Environmental Response, under Rabusertib (LY2603618) treatment (0.4 µM),Embryonic Kidney Cell Line,HEK293-A,Negative Selection,Knockout,unidirectional,17373,Wang C (2021),34320214,validation,953,953,0,0,"Drug/Chemical response · Lung Adenocarcinoma · NHEJ1, SLC35A2, SBNO2"
1700,2311,decreases drug resistance to the ATM inhibitor AZD0156,Drug / Chemical / Environmental Response, under AZD0156 treatment (0.4 µM),Embryonic Kidney Cell Line,HEK293-A,Negative Selection,Knockout,unidirectional,17873,Wang C (2021),34320214,validation,48,48,0,3,"Drug/Chemical response · Retinal Pigment Epithelium · PDCD10, NF2, TAOK1"
1701,2312,decreases drug resistance to the ATM inhibitor AZD0156,Drug / Chemical / Environmental Response, under AZD0156 treatment (0.5 µM),Embryonic Kidney Cell Line,HEK293-A,Negative Selection,Knockout,unidirectional,17872,Wang C (2021),34320214,validation,60,60,0,6,"Drug/Chemical response · Retinal Pigment Epithelium · E2F7, MAPK1, STAG2"
1702,2313,decreases drug resistance to the DNAPK inhibitor NU7441,Drug / Chemical / Environmental Response, under NU 7441 (KU-57788) treatment (3.0 µM),Embryonic Kidney Cell Line,HEK293-A,Negative Selection,Knockout,unidirectional,17873,Wang C (2021),34320214,validation,80,80,0,3,"Drug/Chemical response · Retinal Pigment Epithelium · PDCD10, NF2, TAOK1"
1703,2314,decreases drug resistance to the mTOR inhibitor rapamycin,Drug / Chemical / Environmental Response, under Rapamycin treatment (50.0 nM),Embryonic Kidney Cell Line,HEK293-A,Negative Selection,Knockout,unidirectional,17872,Wang C (2021),34320214,validation,73,73,0,3,"Drug/Chemical response · Retinal Pigment Epithelium · PDCD10, NF2, TAOK1"
1704,2315,decreases resistance to the PARP inhibitor olaparib,Drug / Chemical / Environmental Response, under Olaparib treatment (1.0 µM),Embryonic Kidney Cell Line,HEK293-A,Phenotype Screen,Knockout,unidirectional,17872,Wang C (2021),34320214,validation,65,65,0,6,"Drug/Chemical response · Retinal Pigment Epithelium · E2F7, MAPK1, STAG2"
1705,2316,"decreases drug resistance to combined PARP (Olaparib, 1 μM) and ATM (AZD0156, 0.5 μM) inhibition",Drug / Chemical / Environmental Response, under Olaparib|AZD0156 treatment,Embryonic Kidney Cell Line,HEK293-A,Negative Selection,Knockout,unidirectional,17873,Wang C (2021),34320214,validation,30,30,0,6,"Drug/Chemical response · Retinal Pigment Epithelium · E2F7, MAPK1, STAG2"
1706,2317,"decreases drug resistance to the ATR inhibitor AZD6738, as measured by reduced viability under drug treatment (synthetic lethality)",Drug / Chemical / Environmental Response, under AZD6738 treatment (0.4 µM),Colorectal Cancer Cell Line,HCT 116,Negative Selection,Knockout,unidirectional,17308,Wang C (2021),34320214,validation,404,404,0,1,"Fitness/Viability · Melanoma · C1QBP, NDUFA10, PET117"
1707,2318,"decreases drug resistance to the CHK inhibitor LY2603618, consistent with synthetic lethality",Drug / Chemical / Environmental Response, under Rabusertib (LY2603618) treatment (0.4 µM),Colorectal Cancer Cell Line,HCT 116,Negative Selection,Knockout,unidirectional,17309,Wang C (2021),34320214,validation,414,414,0,1,"Fitness/Viability · Melanoma · C1QBP, NDUFA10, PET117"
1708,2321,impacts cell proliferation,Drug / Chemical / Environmental Response, under C6 ceramide treatment (30.0 µM),Chronic Myeloid Leukemia Cell Line,K-562,Positive and Negative Selection,Knockout,recovered_bidirectional,19449,Morris SNS (2022),36409314,test,122,122,0,11,"Host-Pathogen/Infection · Lung Adenocarcinoma · ACE2, TMPRSS2, RMC1"
1709,2323,increases drug sensitivity to ENZA,Drug / Chemical / Environmental Response, under Enzalutamide treatment (20.0 µM),Prostate Cancer Cell Line,22Rv1,Negative Selection,Knockout,unidirectional,763,Liu J (2023),37075701,test,3,3,0,18,"Fitness/Viability · Hepatoma · CDK11B, PRP4K, STK11"
1710,U_2324_inc,increase bortezomib resistance,Drug / Chemical / Environmental Response, under Bortezomib treatment (20.0 IC),Retinal Pigment Epithelium Cell Line,hTERT-RPE1,bidirectional,Knockout,bidirectional,1010,Lin K (2024),38291084,test,2,1,1,6,"Drug/Chemical response · Retinal Pigment Epithelium · E2F7, MAPK1, STAG2"
1711,U_2324_dec,decrease bortezomib resistance,Drug / Chemical / Environmental Response, under Bortezomib treatment (20.0 IC),Retinal Pigment Epithelium Cell Line,hTERT-RPE1,bidirectional,Knockout,bidirectional,1010,Lin K (2024),38291084,test,2,1,1,6,"Drug/Chemical response · Retinal Pigment Epithelium · E2F7, MAPK1, STAG2"
1712,U_2324_merged,either increases or decreases bortezomib resistance,Drug / Chemical / Environmental Response, under Bortezomib treatment (20.0 IC),Retinal Pigment Epithelium Cell Line,hTERT-RPE1,Positive and Negative Selection,Knockout,bidirectional,1010,Lin K (2024),38291084,test,2,2,0,6,"Drug/Chemical response · Retinal Pigment Epithelium · E2F7, MAPK1, STAG2"
1713,U_2325_dec,decrease bortezomib resistance,Drug / Chemical / Environmental Response, under Bortezomib treatment (20.0 IC),Retinal Pigment Epithelium Cell Line,hTERT-RPE1,bidirectional,Knockout,bidirectional,1010,Lin K (2024),38291084,test,8,8,0,6,"Drug/Chemical response · Retinal Pigment Epithelium · E2F7, MAPK1, STAG2"
1714,U_2326_dec,decrease bortezomib resistance,Drug / Chemical / Environmental Response, under Bortezomib treatment (20.0 IC),Retinal Pigment Epithelium Cell Line,hTERT-RPE1,bidirectional,Knockout,bidirectional,1010,Lin K (2024),38291084,test,14,10,4,6,"Drug/Chemical response · Retinal Pigment Epithelium · E2F7, MAPK1, STAG2"
1715,U_2326_inc,increase bortezomib resistance,Drug / Chemical / Environmental Response, under Bortezomib treatment (20.0 IC),Retinal Pigment Epithelium Cell Line,hTERT-RPE1,bidirectional,Knockout,bidirectional,1010,Lin K (2024),38291084,test,14,4,10,6,"Drug/Chemical response · Retinal Pigment Epithelium · E2F7, MAPK1, STAG2"
1716,U_2326_merged,either increases or decreases bortezomib resistance,Drug / Chemical / Environmental Response, under Bortezomib treatment (20.0 IC),Retinal Pigment Epithelium Cell Line,hTERT-RPE1,Positive and Negative Selection,Knockout,bidirectional,1010,Lin K (2024),38291084,test,14,14,0,6,"Drug/Chemical response · Retinal Pigment Epithelium · E2F7, MAPK1, STAG2"
1717,U_2327_dec,decrease resistance to bortezomib,Drug / Chemical / Environmental Response, under Bortezomib treatment (20.0 IC),Retinal Pigment Epithelium Cell Line,hTERT-RPE1,bidirectional,Knockout,bidirectional,1010,Lin K (2024),38291084,test,44,25,19,6,"Drug/Chemical response · Retinal Pigment Epithelium · E2F7, MAPK1, STAG2"
1718,U_2327_inc,increase resistance to bortezomib,Drug / Chemical / Environmental Response, under Bortezomib treatment (20.0 IC),Retinal Pigment Epithelium Cell Line,hTERT-RPE1,bidirectional,Knockout,bidirectional,1010,Lin K (2024),38291084,test,44,19,25,6,"Drug/Chemical response · Retinal Pigment Epithelium · E2F7, MAPK1, STAG2"
1719,U_2327_merged,either increases or decreases resistance to bortezomib,Drug / Chemical / Environmental Response, under Bortezomib treatment (20.0 IC),Retinal Pigment Epithelium Cell Line,hTERT-RPE1,Positive and Negative Selection,Knockout,bidirectional,1010,Lin K (2024),38291084,test,44,44,0,6,"Drug/Chemical response · Retinal Pigment Epithelium · E2F7, MAPK1, STAG2"
1720,U_2328_dec,decrease resistance to colchicine,Drug / Chemical / Environmental Response, under Colchicine treatment (20.0 IC),Retinal Pigment Epithelium Cell Line,hTERT-RPE1,bidirectional,Knockout,bidirectional,1010,Lin K (2024),38291084,test,50,33,17,6,"Drug/Chemical response · Retinal Pigment Epithelium · E2F7, MAPK1, STAG2"
1721,U_2328_inc,increase resistance to colchicine,Drug / Chemical / Environmental Response, under Colchicine treatment (20.0 IC),Retinal Pigment Epithelium Cell Line,hTERT-RPE1,bidirectional,Knockout,bidirectional,1010,Lin K (2024),38291084,test,50,17,33,6,"Drug/Chemical response · Retinal Pigment Epithelium · E2F7, MAPK1, STAG2"
1722,U_2328_merged,either increases or decreases resistance to colchicine,Drug / Chemical / Environmental Response, under Colchicine treatment (20.0 IC),Retinal Pigment Epithelium Cell Line,hTERT-RPE1,Positive and Negative Selection,Knockout,bidirectional,1010,Lin K (2024),38291084,test,50,50,0,6,"Drug/Chemical response · Retinal Pigment Epithelium · E2F7, MAPK1, STAG2"
1723,U_2329_dec,decrease resistance to colchicine,Drug / Chemical / Environmental Response, under Colchicine treatment (20.0 IC),Retinal Pigment Epithelium Cell Line,hTERT-RPE1,bidirectional,Knockout,bidirectional,1010,Lin K (2024),38291084,test,63,48,15,6,"Drug/Chemical response · Retinal Pigment Epithelium · E2F7, MAPK1, STAG2"
1724,U_2329_inc,increase resistance to colchicine,Drug / Chemical / Environmental Response, under Colchicine treatment (20.0 IC),Retinal Pigment Epithelium Cell Line,hTERT-RPE1,bidirectional,Knockout,bidirectional,1010,Lin K (2024),38291084,test,63,15,48,6,"Drug/Chemical response · Retinal Pigment Epithelium · E2F7, MAPK1, STAG2"
1725,U_2329_merged,either increases or decreases resistance to colchicine,Drug / Chemical / Environmental Response, under Colchicine treatment (20.0 IC),Retinal Pigment Epithelium Cell Line,hTERT-RPE1,Positive and Negative Selection,Knockout,bidirectional,1010,Lin K (2024),38291084,test,63,63,0,6,"Drug/Chemical response · Retinal Pigment Epithelium · E2F7, MAPK1, STAG2"
1726,U_2330_dec,decrease resistance to colchicine,Drug / Chemical / Environmental Response, under Colchicine treatment (20.0 IC),Retinal Pigment Epithelium Cell Line,hTERT-RPE1,bidirectional,Knockout,bidirectional,1010,Lin K (2024),38291084,test,96,51,45,6,"Drug/Chemical response · Retinal Pigment Epithelium · E2F7, MAPK1, STAG2"
1727,U_2330_inc,increase resistance to colchicine,Drug / Chemical / Environmental Response, under Colchicine treatment (20.0 IC),Retinal Pigment Epithelium Cell Line,hTERT-RPE1,bidirectional,Knockout,bidirectional,1010,Lin K (2024),38291084,test,96,45,51,6,"Drug/Chemical response · Retinal Pigment Epithelium · E2F7, MAPK1, STAG2"
1728,U_2330_merged,either increases or decreases resistance to colchicine,Drug / Chemical / Environmental Response, under Colchicine treatment (20.0 IC),Retinal Pigment Epithelium Cell Line,hTERT-RPE1,Positive and Negative Selection,Knockout,bidirectional,1010,Lin K (2024),38291084,test,96,96,0,6,"Drug/Chemical response · Retinal Pigment Epithelium · E2F7, MAPK1, STAG2"
1729,U_2331_dec,decrease resistance to colchicine,Drug / Chemical / Environmental Response, under Colchicine treatment (20.0 IC),Retinal Pigment Epithelium Cell Line,hTERT-RPE1,bidirectional,Knockout,bidirectional,1010,Lin K (2024),38291084,test,88,54,34,6,"Drug/Chemical response · Retinal Pigment Epithelium · E2F7, MAPK1, STAG2"
1730,U_2331_inc,increase resistance to colchicine,Drug / Chemical / Environmental Response, under Colchicine treatment (20.0 IC),Retinal Pigment Epithelium Cell Line,hTERT-RPE1,bidirectional,Knockout,bidirectional,1010,Lin K (2024),38291084,test,88,34,54,6,"Drug/Chemical response · Retinal Pigment Epithelium · E2F7, MAPK1, STAG2"
1731,U_2331_merged,either increases or decreases resistance to colchicine,Drug / Chemical / Environmental Response, under Colchicine treatment (20.0 IC),Retinal Pigment Epithelium Cell Line,hTERT-RPE1,Positive and Negative Selection,Knockout,bidirectional,1010,Lin K (2024),38291084,test,88,88,0,6,"Drug/Chemical response · Retinal Pigment Epithelium · E2F7, MAPK1, STAG2"
1732,U_2332_dec,decrease camptothecin resistance,Drug / Chemical / Environmental Response, under Camptothecin treatment (20.0 IC),Retinal Pigment Epithelium Cell Line,hTERT-RPE1,bidirectional,Knockout,bidirectional,1010,Lin K (2024),38291084,test,77,40,37,6,"Drug/Chemical response · Retinal Pigment Epithelium · E2F7, MAPK1, STAG2"
1733,U_2332_inc,increase camptothecin resistance,Drug / Chemical / Environmental Response, under Camptothecin treatment (20.0 IC),Retinal Pigment Epithelium Cell Line,hTERT-RPE1,bidirectional,Knockout,bidirectional,1010,Lin K (2024),38291084,test,77,37,40,6,"Drug/Chemical response · Retinal Pigment Epithelium · E2F7, MAPK1, STAG2"
1734,U_2332_merged,either increases or decreases camptothecin resistance,Drug / Chemical / Environmental Response, under Camptothecin treatment (20.0 IC),Retinal Pigment Epithelium Cell Line,hTERT-RPE1,Positive and Negative Selection,Knockout,bidirectional,1010,Lin K (2024),38291084,test,77,77,0,6,"Drug/Chemical response · Retinal Pigment Epithelium · E2F7, MAPK1, STAG2"
1735,U_2333_dec,decrease camptothecin resistance,Drug / Chemical / Environmental Response, under Camptothecin treatment (20.0 IC),Retinal Pigment Epithelium Cell Line,hTERT-RPE1,bidirectional,Knockout,bidirectional,1010,Lin K (2024),38291084,test,133,57,76,6,"Drug/Chemical response · Retinal Pigment Epithelium · E2F7, MAPK1, STAG2"
1736,U_2333_inc,increase camptothecin resistance,Drug / Chemical / Environmental Response, under Camptothecin treatment (20.0 IC),Retinal Pigment Epithelium Cell Line,hTERT-RPE1,bidirectional,Knockout,bidirectional,1010,Lin K (2024),38291084,test,133,76,57,6,"Drug/Chemical response · Retinal Pigment Epithelium · E2F7, MAPK1, STAG2"
1737,U_2333_merged,either increases or decreases camptothecin resistance,Drug / Chemical / Environmental Response, under Camptothecin treatment (20.0 IC),Retinal Pigment Epithelium Cell Line,hTERT-RPE1,Positive and Negative Selection,Knockout,bidirectional,1010,Lin K (2024),38291084,test,133,133,0,6,"Drug/Chemical response · Retinal Pigment Epithelium · E2F7, MAPK1, STAG2"
1738,U_2334_dec,decrease camptothecin resistance,Drug / Chemical / Environmental Response, under Camptothecin treatment (20.0 IC),Retinal Pigment Epithelium Cell Line,hTERT-RPE1,bidirectional,Knockout,bidirectional,1010,Lin K (2024),38291084,test,133,72,61,6,"Drug/Chemical response · Retinal Pigment Epithelium · E2F7, MAPK1, STAG2"
1739,U_2334_inc,increase camptothecin resistance,Drug / Chemical / Environmental Response, under Camptothecin treatment (20.0 IC),Retinal Pigment Epithelium Cell Line,hTERT-RPE1,bidirectional,Knockout,bidirectional,1010,Lin K (2024),38291084,test,133,61,72,6,"Drug/Chemical response · Retinal Pigment Epithelium · E2F7, MAPK1, STAG2"
1740,U_2334_merged,either increases or decreases camptothecin resistance,Drug / Chemical / Environmental Response, under Camptothecin treatment (20.0 IC),Retinal Pigment Epithelium Cell Line,hTERT-RPE1,Positive and Negative Selection,Knockout,bidirectional,1010,Lin K (2024),38291084,test,133,133,0,6,"Drug/Chemical response · Retinal Pigment Epithelium · E2F7, MAPK1, STAG2"
1741,U_2335_dec,decrease camptothecin resistance,Drug / Chemical / Environmental Response, under Camptothecin treatment (20.0 IC),Retinal Pigment Epithelium Cell Line,hTERT-RPE1,bidirectional,Knockout,bidirectional,1010,Lin K (2024),38291084,test,175,92,83,6,"Drug/Chemical response · Retinal Pigment Epithelium · E2F7, MAPK1, STAG2"
1742,U_2335_inc,increase camptothecin resistance,Drug / Chemical / Environmental Response, under Camptothecin treatment (20.0 IC),Retinal Pigment Epithelium Cell Line,hTERT-RPE1,bidirectional,Knockout,bidirectional,1010,Lin K (2024),38291084,test,175,83,92,6,"Drug/Chemical response · Retinal Pigment Epithelium · E2F7, MAPK1, STAG2"
1743,U_2335_merged,either increases or decreases camptothecin resistance,Drug / Chemical / Environmental Response, under Camptothecin treatment (20.0 IC),Retinal Pigment Epithelium Cell Line,hTERT-RPE1,Positive and Negative Selection,Knockout,bidirectional,1010,Lin K (2024),38291084,test,175,175,0,6,"Drug/Chemical response · Retinal Pigment Epithelium · E2F7, MAPK1, STAG2"
1744,U_2336_dec,decrease hydroxyurea resistance,Drug / Chemical / Environmental Response, under Hydroxyurea treatment (20.0 IC),Retinal Pigment Epithelium Cell Line,hTERT-RPE1,bidirectional,Knockout,bidirectional,1010,Lin K (2024),38291084,test,4,4,0,6,"Drug/Chemical response · Retinal Pigment Epithelium · E2F7, MAPK1, STAG2"
1745,U_2337_dec,decrease resistance to hydroxyurea,Drug / Chemical / Environmental Response, under Hydroxyurea treatment (20.0 IC),Retinal Pigment Epithelium Cell Line,hTERT-RPE1,bidirectional,Knockout,bidirectional,1010,Lin K (2024),38291084,test,13,7,6,6,"Drug/Chemical response · Retinal Pigment Epithelium · E2F7, MAPK1, STAG2"
1746,U_2337_inc,increase resistance to hydroxyurea,Drug / Chemical / Environmental Response, under Hydroxyurea treatment (20.0 IC),Retinal Pigment Epithelium Cell Line,hTERT-RPE1,bidirectional,Knockout,bidirectional,1010,Lin K (2024),38291084,test,13,6,7,6,"Drug/Chemical response · Retinal Pigment Epithelium · E2F7, MAPK1, STAG2"
1747,U_2337_merged,either increases or decreases resistance to hydroxyurea,Drug / Chemical / Environmental Response, under Hydroxyurea treatment (20.0 IC),Retinal Pigment Epithelium Cell Line,hTERT-RPE1,Positive and Negative Selection,Knockout,bidirectional,1010,Lin K (2024),38291084,test,13,13,0,6,"Drug/Chemical response · Retinal Pigment Epithelium · E2F7, MAPK1, STAG2"
1748,U_2338_dec,decrease hydroxyurea resistance,Drug / Chemical / Environmental Response, under Hydroxyurea treatment (20.0 IC),Retinal Pigment Epithelium Cell Line,hTERT-RPE1,bidirectional,Knockout,bidirectional,1010,Lin K (2024),38291084,test,40,23,17,6,"Drug/Chemical response · Retinal Pigment Epithelium · E2F7, MAPK1, STAG2"
1749,U_2338_inc,increase hydroxyurea resistance,Drug / Chemical / Environmental Response, under Hydroxyurea treatment (20.0 IC),Retinal Pigment Epithelium Cell Line,hTERT-RPE1,bidirectional,Knockout,bidirectional,1010,Lin K (2024),38291084,test,40,17,23,6,"Drug/Chemical response · Retinal Pigment Epithelium · E2F7, MAPK1, STAG2"
1750,U_2338_merged,either increases or decreases hydroxyurea resistance,Drug / Chemical / Environmental Response, under Hydroxyurea treatment (20.0 IC),Retinal Pigment Epithelium Cell Line,hTERT-RPE1,Positive and Negative Selection,Knockout,bidirectional,1010,Lin K (2024),38291084,test,40,40,0,6,"Drug/Chemical response · Retinal Pigment Epithelium · E2F7, MAPK1, STAG2"
1751,U_2339_dec,decrease olaparib resistance,Drug / Chemical / Environmental Response, under Olaparib treatment (20.0 IC),Retinal Pigment Epithelium Cell Line,hTERT-RPE1,bidirectional,Knockout,bidirectional,1010,Lin K (2024),38291084,test,27,16,11,6,"Drug/Chemical response · Retinal Pigment Epithelium · E2F7, MAPK1, STAG2"
1752,U_2339_inc,increase olaparib resistance,Drug / Chemical / Environmental Response, under Olaparib treatment (20.0 IC),Retinal Pigment Epithelium Cell Line,hTERT-RPE1,bidirectional,Knockout,bidirectional,1010,Lin K (2024),38291084,test,27,11,16,6,"Drug/Chemical response · Retinal Pigment Epithelium · E2F7, MAPK1, STAG2"
1753,U_2339_merged,either increases or decreases olaparib resistance,Drug / Chemical / Environmental Response, under Olaparib treatment (20.0 IC),Retinal Pigment Epithelium Cell Line,hTERT-RPE1,Positive and Negative Selection,Knockout,bidirectional,1010,Lin K (2024),38291084,test,27,27,0,6,"Drug/Chemical response · Retinal Pigment Epithelium · E2F7, MAPK1, STAG2"
1754,U_2340_dec,decrease resistance to olaparib,Drug / Chemical / Environmental Response, under Olaparib treatment (20.0 IC),Retinal Pigment Epithelium Cell Line,hTERT-RPE1,bidirectional,Knockout,bidirectional,1010,Lin K (2024),38291084,test,45,24,21,6,"Drug/Chemical response · Retinal Pigment Epithelium · E2F7, MAPK1, STAG2"
1755,U_2340_inc,increase resistance to olaparib,Drug / Chemical / Environmental Response, under Olaparib treatment (20.0 IC),Retinal Pigment Epithelium Cell Line,hTERT-RPE1,bidirectional,Knockout,bidirectional,1010,Lin K (2024),38291084,test,45,21,24,6,"Drug/Chemical response · Retinal Pigment Epithelium · E2F7, MAPK1, STAG2"
1756,U_2340_merged,either increases or decreases resistance to olaparib,Drug / Chemical / Environmental Response, under Olaparib treatment (20.0 IC),Retinal Pigment Epithelium Cell Line,hTERT-RPE1,Positive and Negative Selection,Knockout,bidirectional,1010,Lin K (2024),38291084,test,45,45,0,6,"Drug/Chemical response · Retinal Pigment Epithelium · E2F7, MAPK1, STAG2"
1757,U_2341_dec,decrease olaparib resistance,Drug / Chemical / Environmental Response, under Olaparib treatment (20.0 IC),Retinal Pigment Epithelium Cell Line,hTERT-RPE1,bidirectional,Knockout,bidirectional,1010,Lin K (2024),38291084,test,63,33,30,6,"Drug/Chemical response · Retinal Pigment Epithelium · E2F7, MAPK1, STAG2"
1758,U_2341_inc,increase olaparib resistance,Drug / Chemical / Environmental Response, under Olaparib treatment (20.0 IC),Retinal Pigment Epithelium Cell Line,hTERT-RPE1,bidirectional,Knockout,bidirectional,1010,Lin K (2024),38291084,test,63,30,33,6,"Drug/Chemical response · Retinal Pigment Epithelium · E2F7, MAPK1, STAG2"
1759,U_2341_merged,either increases or decreases olaparib resistance,Drug / Chemical / Environmental Response, under Olaparib treatment (20.0 IC),Retinal Pigment Epithelium Cell Line,hTERT-RPE1,Positive and Negative Selection,Knockout,bidirectional,1010,Lin K (2024),38291084,test,63,63,0,6,"Drug/Chemical response · Retinal Pigment Epithelium · E2F7, MAPK1, STAG2"
1760,U_2342_dec,decrease resistance to olaparib,Drug / Chemical / Environmental Response, under Olaparib treatment (20.0 IC),Retinal Pigment Epithelium Cell Line,hTERT-RPE1,bidirectional,Knockout,bidirectional,1010,Lin K (2024),38291084,test,73,40,33,6,"Drug/Chemical response · Retinal Pigment Epithelium · E2F7, MAPK1, STAG2"
1761,U_2342_inc,increase resistance to olaparib,Drug / Chemical / Environmental Response, under Olaparib treatment (20.0 IC),Retinal Pigment Epithelium Cell Line,hTERT-RPE1,bidirectional,Knockout,bidirectional,1010,Lin K (2024),38291084,test,73,33,40,6,"Drug/Chemical response · Retinal Pigment Epithelium · E2F7, MAPK1, STAG2"
1762,U_2342_merged,either increases or decreases resistance to olaparib,Drug / Chemical / Environmental Response, under Olaparib treatment (20.0 IC),Retinal Pigment Epithelium Cell Line,hTERT-RPE1,Positive and Negative Selection,Knockout,bidirectional,1010,Lin K (2024),38291084,test,73,73,0,6,"Drug/Chemical response · Retinal Pigment Epithelium · E2F7, MAPK1, STAG2"
1763,2345,increases sensitivity to olaparib as measured by decreased proliferation in MCF10A TP53-/- cells exposed to olaparib,Drug / Chemical / Environmental Response, under Olaparib treatment (2.5 µM),Mammary Epithelial Cell Line,MCF-10A,Negative Selection,Knockout,unidirectional,17967,Zelceski A (2023),37163373,test,879,879,0,12,"Fitness/Viability · Cancer · MRPS33, PDSS1, ISCA1"
1764,2346,increases talazoparib sensitivity as measured by decreased cell proliferation in the presence of talazoparib,Drug / Chemical / Environmental Response, under talazoparib treatment (25.0 nM),Mammary Epithelial Cell Line,MCF-10A,Negative Selection,Knockout,unidirectional,17967,Zelceski A (2023),37163373,test,902,902,0,1,"Fitness/Viability · Melanoma · C1QBP, NDUFA10, PET117"
1765,2347,"increases sensitivity to olaparib, as measured by decreased cell proliferation in olaparib-treated MCF10A TP53-/- cells",Drug / Chemical / Environmental Response, under Olaparib treatment (2.5 µM),Mammary Epithelial Cell Line,MCF-10A,Negative Selection,Inhibition,unidirectional,17774,Zelceski A (2023),37163373,test,597,597,0,1,"Fitness/Viability · Melanoma · C1QBP, NDUFA10, PET117"
1766,2348,"increases sensitivity to talazoparib, as measured by decreased proliferation of MCF10A TP53-/- cells",Drug / Chemical / Environmental Response, under talazoparib treatment (25.0 nM),Mammary Epithelial Cell Line,MCF-10A,Negative Selection,Inhibition,unidirectional,17774,Zelceski A (2023),37163373,test,858,858,0,1,"Fitness/Viability · Melanoma · C1QBP, NDUFA10, PET117"
1767,2350,impacts response to chemicals,Drug / Chemical / Environmental Response, under Cisplatin treatment (1.0 µM),Ovarian Cancer Cell Line,Kuramochi,Positive and Negative Selection,Knockout,recovered_bidirectional,18591,Stover EH (2019),31462500,train,2309,2309,0,1,"Fitness/Viability · Melanoma · C1QBP, NDUFA10, PET117"
1768,2351,impacts response to chemicals,Drug / Chemical / Environmental Response, under Paclitaxel (Taxol) treatment (10.0 nM),Ovarian Cancer Cell Line,Kuramochi,Positive and Negative Selection,Knockout,recovered_bidirectional,18589,Stover EH (2019),31462500,train,2182,2182,0,1,"Fitness/Viability · Melanoma · C1QBP, NDUFA10, PET117"
1769,2352,impacts response to chemicals,Drug / Chemical / Environmental Response, under Cisplatin and paclitaxel (taxol) treatment,Ovarian Cancer Cell Line,Kuramochi,Positive and Negative Selection,Knockout,recovered_bidirectional,18591,Stover EH (2019),31462500,train,2445,2445,0,1,"Fitness/Viability · Melanoma · C1QBP, NDUFA10, PET117"
1770,2353,impacts response to chemicals,Drug / Chemical / Environmental Response, under Cisplatin and paclitaxel (taxol) treatment,Ovarian Cancer Cell Line,Kuramochi,Positive and Negative Selection,Knockout,recovered_bidirectional,18591,Stover EH (2019),31462500,train,2149,2149,0,1,"Fitness/Viability · Melanoma · C1QBP, NDUFA10, PET117"
1771,2354,impacts response to chemicals,Drug / Chemical / Environmental Response, under Cisplatin treatment (1.0 µM),Ovary Adenocarcinoma Cell Line,OVSAHO,Positive and Negative Selection,Knockout,recovered_bidirectional,18591,Stover EH (2019),31462500,train,1037,1037,0,9,"Fitness/Viability · Acute Myeloid Leukemia · SPDYE5, WASHC1, GOLGA8O"
1772,2355,impacts response to chemicals,Drug / Chemical / Environmental Response, under Cisplatin and paclitaxel (taxol) treatment,Ovary Adenocarcinoma Cell Line,OVSAHO,Positive and Negative Selection,Knockout,recovered_bidirectional,18591,Stover EH (2019),31462500,train,1084,1084,0,0,"Drug/Chemical response · Lung Adenocarcinoma · NHEJ1, SLC35A2, SBNO2"
1773,2356,impacts response to chemicals,Drug / Chemical / Environmental Response, under Paclitaxel (Taxol) treatment (10.0 nM),Ovary Adenocarcinoma Cell Line,OVSAHO,Positive and Negative Selection,Knockout,recovered_bidirectional,18591,Stover EH (2019),31462500,train,1042,1042,0,0,"Drug/Chemical response · Lung Adenocarcinoma · NHEJ1, SLC35A2, SBNO2"
1774,2357,impacts response to chemicals,Drug / Chemical / Environmental Response, under Cisplatin and paclitaxel (taxol) treatment,Ovary Adenocarcinoma Cell Line,OVSAHO,Positive and Negative Selection,Knockout,recovered_bidirectional,18591,Stover EH (2019),31462500,train,1090,1090,0,0,"Drug/Chemical response · Lung Adenocarcinoma · NHEJ1, SLC35A2, SBNO2"
1775,2358,increases resistance to ATR inhibition (berzosertib) in gastric cancer cells,Drug / Chemical / Environmental Response, under Berzosertib (VE822) treatment (100.0 nmol/L),Gastric Cancer Cell Line,YCC-6,Positive Selection,Knockout,unidirectional,16349,Llorca-Cardenosa MJ (2022),36273494,test,557,557,0,0,"Drug/Chemical response · Lung Adenocarcinoma · NHEJ1, SLC35A2, SBNO2"
1776,U_2360_inc,increase SARS-CoV-2 infection,Host-Pathogen / Infection Response, under Virus: SARS-CoV-2 (Severe acute respiratory syndrome coronavirus 2) treatment (0.3 MOI),Huh-7 Cell,Huh-7.5,bidirectional,Knockout,bidirectional,12108,Le Pen J (2024),39316623,test,556,298,258,32,"Host-Pathogen/Infection · Huh-7 Cell · HHLA1, ABHD4, NIPAL4"
1777,U_2360_dec,decrease SARS-CoV-2 infection,Host-Pathogen / Infection Response, under Virus: SARS-CoV-2 (Severe acute respiratory syndrome coronavirus 2) treatment (0.3 MOI),Huh-7 Cell,Huh-7.5,bidirectional,Knockout,bidirectional,12108,Le Pen J (2024),39316623,test,556,258,298,32,"Host-Pathogen/Infection · Huh-7 Cell · HHLA1, ABHD4, NIPAL4"
1778,U_2360_merged,either increases or decreases SARS-CoV-2 infection,Host-Pathogen / Infection Response, under Virus: SARS-CoV-2 (Severe acute respiratory syndrome coronavirus 2) treatment (0.3 MOI),Huh-7 Cell,Huh-7.5,Positive and Negative Selection,Knockout,bidirectional,12108,Le Pen J (2024),39316623,test,556,556,0,32,"Host-Pathogen/Infection · Huh-7 Cell · HHLA1, ABHD4, NIPAL4"
1779,U_2361_inc,increase SARS-CoV-2 infection level,Host-Pathogen / Infection Response," under Virus: SARS-CoV-2 (Severe acute respiratory syndrome coronavirus 2)|IFN pretreatment (IFN-α2a, 1pM) treatment (0.3 MOI)",Huh-7 Cell,Huh-7.5,bidirectional,Knockout,bidirectional,12108,Le Pen J (2024),39316623,test,528,234,294,32,"Host-Pathogen/Infection · Huh-7 Cell · HHLA1, ABHD4, NIPAL4"
1780,U_2361_dec,decrease SARS-CoV-2 infection level,Host-Pathogen / Infection Response," under Virus: SARS-CoV-2 (Severe acute respiratory syndrome coronavirus 2)|IFN pretreatment (IFN-α2a, 1pM) treatment (0.3 MOI)",Huh-7 Cell,Huh-7.5,bidirectional,Knockout,bidirectional,12108,Le Pen J (2024),39316623,test,528,294,234,32,"Host-Pathogen/Infection · Huh-7 Cell · HHLA1, ABHD4, NIPAL4"
1781,U_2361_merged,either increases or decreases SARS-CoV-2 infection level,Host-Pathogen / Infection Response," under Virus: SARS-CoV-2 (Severe acute respiratory syndrome coronavirus 2)|IFN pretreatment (IFN-α2a, 1pM) treatment (0.3 MOI)",Huh-7 Cell,Huh-7.5,Positive and Negative Selection,Knockout,bidirectional,12108,Le Pen J (2024),39316623,test,528,528,0,32,"Host-Pathogen/Infection · Huh-7 Cell · HHLA1, ABHD4, NIPAL4"
1782,U_2362_dec,decrease BJAB cell proliferation,Fitness / Proliferation / Viability,,B-lymphoma cell line,BJAB,bidirectional,Knockout,bidirectional,2834,Panea RI (2019),31558468,train,755,740,15,9,"Fitness/Viability · Acute Myeloid Leukemia · SPDYE5, WASHC1, GOLGA8O"
1783,U_2362_inc,increase BJAB cell proliferation,Fitness / Proliferation / Viability,,B-lymphoma cell line,BJAB,bidirectional,Knockout,bidirectional,2834,Panea RI (2019),31558468,train,755,15,740,9,"Fitness/Viability · Acute Myeloid Leukemia · SPDYE5, WASHC1, GOLGA8O"
1784,U_2362_merged,either increases or decreases BJAB cell proliferation,Fitness / Proliferation / Viability,,B-lymphoma cell line,BJAB,Positive and Negative Selection,Knockout,bidirectional,2834,Panea RI (2019),31558468,train,755,755,0,9,"Fitness/Viability · Acute Myeloid Leukemia · SPDYE5, WASHC1, GOLGA8O"
1785,U_2363_dec,decrease cell proliferation in BL-41 cells,Fitness / Proliferation / Viability,,Burkitt Lymphoma Cell Line,BL-41,bidirectional,Knockout,bidirectional,2834,Panea RI (2019),31558468,train,1331,1322,9,9,"Fitness/Viability · Acute Myeloid Leukemia · SPDYE5, WASHC1, GOLGA8O"
1786,U_2363_inc,increase cell proliferation in BL-41 cells,Fitness / Proliferation / Viability,,Burkitt Lymphoma Cell Line,BL-41,bidirectional,Knockout,bidirectional,2834,Panea RI (2019),31558468,train,1331,9,1322,9,"Fitness/Viability · Acute Myeloid Leukemia · SPDYE5, WASHC1, GOLGA8O"
1787,U_2363_merged,either increases or decreases cell proliferation in BL-41 cells,Fitness / Proliferation / Viability,,Burkitt Lymphoma Cell Line,BL-41,Positive and Negative Selection,Knockout,bidirectional,2834,Panea RI (2019),31558468,train,1331,1331,0,9,"Fitness/Viability · Acute Myeloid Leukemia · SPDYE5, WASHC1, GOLGA8O"
1788,U_2364_dec,decrease cell proliferation in Jiyoye cells,Fitness / Proliferation / Viability,,Burkitt Lymphoma Cell Line,Jiyoye,bidirectional,Knockout,bidirectional,2834,Panea RI (2019),31558468,train,261,256,5,9,"Fitness/Viability · Acute Myeloid Leukemia · SPDYE5, WASHC1, GOLGA8O"
1789,U_2364_inc,increase cell proliferation in Jiyoye cells,Fitness / Proliferation / Viability,,Burkitt Lymphoma Cell Line,Jiyoye,bidirectional,Knockout,bidirectional,2834,Panea RI (2019),31558468,train,261,5,256,9,"Fitness/Viability · Acute Myeloid Leukemia · SPDYE5, WASHC1, GOLGA8O"
1790,U_2364_merged,either increases or decreases cell proliferation in Jiyoye cells,Fitness / Proliferation / Viability,,Burkitt Lymphoma Cell Line,Jiyoye,Positive and Negative Selection,Knockout,bidirectional,2834,Panea RI (2019),31558468,train,261,261,0,9,"Fitness/Viability · Acute Myeloid Leukemia · SPDYE5, WASHC1, GOLGA8O"
1791,U_2365_dec,decrease cell proliferation in Ly3 cells,Fitness / Proliferation / Viability,,B-cell non-Hodgkin lymphoma cell line,OCI-Ly3,bidirectional,Knockout,bidirectional,2834,Panea RI (2019),31558468,train,790,783,7,9,"Fitness/Viability · Acute Myeloid Leukemia · SPDYE5, WASHC1, GOLGA8O"
1792,U_2365_inc,increase cell proliferation in Ly3 cells,Fitness / Proliferation / Viability,,B-cell non-Hodgkin lymphoma cell line,OCI-Ly3,bidirectional,Knockout,bidirectional,2834,Panea RI (2019),31558468,train,790,7,783,9,"Fitness/Viability · Acute Myeloid Leukemia · SPDYE5, WASHC1, GOLGA8O"
1793,U_2365_merged,either increases or decreases cell proliferation in Ly3 cells,Fitness / Proliferation / Viability,,B-cell non-Hodgkin lymphoma cell line,OCI-Ly3,Positive and Negative Selection,Knockout,bidirectional,2834,Panea RI (2019),31558468,train,790,790,0,9,"Fitness/Viability · Acute Myeloid Leukemia · SPDYE5, WASHC1, GOLGA8O"
1794,U_2366_dec,decrease cell proliferation in SU-DHL-4 cells,Fitness / Proliferation / Viability,,Lymphoma or Leukaemia Cell Line,SU-DHL-4,bidirectional,Knockout,bidirectional,2834,Panea RI (2019),31558468,train,836,831,5,9,"Fitness/Viability · Acute Myeloid Leukemia · SPDYE5, WASHC1, GOLGA8O"
1795,U_2366_inc,increase cell proliferation in SU-DHL-4 cells,Fitness / Proliferation / Viability,,Lymphoma or Leukaemia Cell Line,SU-DHL-4,bidirectional,Knockout,bidirectional,2834,Panea RI (2019),31558468,train,836,5,831,9,"Fitness/Viability · Acute Myeloid Leukemia · SPDYE5, WASHC1, GOLGA8O"
1796,U_2366_merged,either increases or decreases cell proliferation in SU-DHL-4 cells,Fitness / Proliferation / Viability,,Lymphoma or Leukaemia Cell Line,SU-DHL-4,Positive and Negative Selection,Knockout,bidirectional,2834,Panea RI (2019),31558468,train,836,836,0,9,"Fitness/Viability · Acute Myeloid Leukemia · SPDYE5, WASHC1, GOLGA8O"
1797,U_2367_dec,decrease HBL-1 cell proliferation,Fitness / Proliferation / Viability,,Diffuse Large B-cell Lymphoma Cell,HBL-1,bidirectional,Knockout,bidirectional,2834,Panea RI (2019),31558468,train,201,195,6,9,"Fitness/Viability · Acute Myeloid Leukemia · SPDYE5, WASHC1, GOLGA8O"
1798,U_2367_inc,increase HBL-1 cell proliferation,Fitness / Proliferation / Viability,,Diffuse Large B-cell Lymphoma Cell,HBL-1,bidirectional,Knockout,bidirectional,2834,Panea RI (2019),31558468,train,201,6,195,9,"Fitness/Viability · Acute Myeloid Leukemia · SPDYE5, WASHC1, GOLGA8O"
1799,U_2367_merged,either increases or decreases HBL-1 cell proliferation,Fitness / Proliferation / Viability,,Diffuse Large B-cell Lymphoma Cell,HBL-1,Positive and Negative Selection,Knockout,bidirectional,2834,Panea RI (2019),31558468,train,201,201,0,9,"Fitness/Viability · Acute Myeloid Leukemia · SPDYE5, WASHC1, GOLGA8O"
1800,2370,increases the proportion of EBV latency III cells (ICAM-1high/CD10low),Host-Pathogen / Infection Response,,Burkitt Lymphoma Cell Line,Mutu-1,Phenotype Screen,Knockout,unidirectional,5167,Guo R (2020),32424339,train,6,6,0,4,"Drug/Chemical response · Chronic Myelogenous Leukemia · FBXW7, STUB1, RNF7"
1801,2371,increases accumulation of EBV latency III surface marker proteins (ICAM-1/CD10),Host-Pathogen / Infection Response,,Burkitt Lymphoma Cell Line,Mutu-1,Phenotype Screen,Knockout,unidirectional,5273,Guo R (2020),32424339,train,4,4,0,4,"Drug/Chemical response · Chronic Myelogenous Leukemia · FBXW7, STUB1, RNF7"
1802,2373,impacts viability,Drug / Chemical / Environmental Response, under L-Selenocystine treatment (50.0 nM),Neuroblastoma Cell Line,SK-N-DZ SCLY-deficient cells (SCLY-KO),Negative Selection,Knockout,recovered_bidirectional,17988,Chen Z (2024),39547224,test,1,1,0,3,"Drug/Chemical response · Retinal Pigment Epithelium · PDCD10, NF2, TAOK1"
1803,2374,decreases cell viability,Fitness / Proliferation / Viability,,Chronic Myelogenous Leukemia Cell Line,HAP-1,Negative Selection,Knockout,unidirectional,20471,Lau MT (2020),32028983,train,369,369,0,9,"Fitness/Viability · Acute Myeloid Leukemia · SPDYE5, WASHC1, GOLGA8O"
1804,2375,increases drug resistance as measured by decreased cytotoxicity to anti-cancer drugs,Drug / Chemical / Environmental Response, under Cisplatin treatment (10.0 µM),Chronic Myelogenous Leukemia Cell Line,HAP-1,Positive Selection,Knockout,unidirectional,20456,Lau MT (2020),32028983,train,3,3,0,20,"Fitness/Viability · Acute Myeloid Leukemia · FOXD4L1, FOXD4L5, ZZZ3"
1805,2376,increases resistance to anti-cancer drugs (reduced drug cytotoxicity),Drug / Chemical / Environmental Response, under Oxaliplatin treatment (10.0 µM),Chronic Myelogenous Leukemia Cell Line,HAP-1,Positive Selection,Knockout,unidirectional,20470,Lau MT (2020),32028983,train,1,1,0,17,"Reporter/Pathway activity · T cell · UBASH3A, FOXL2NB, FOXA3"
1806,2377,increases resistance to anti-cancer drugs as measured by reduced drug-induced cytotoxicity,Drug / Chemical / Environmental Response, under Cladribine treatment (0.5 µM),Chronic Myelogenous Leukemia Cell Line,HAP-1,Positive Selection,Knockout,unidirectional,20469,Lau MT (2020),32028983,train,6,6,0,4,"Drug/Chemical response · Chronic Myelogenous Leukemia · FBXW7, STUB1, RNF7"
1807,2378,increases resistance to anti-cancer drugs as measured by increased cell survival under drug treatment,Drug / Chemical / Environmental Response, under Cytarabine treatment (5.0 µM),Chronic Myelogenous Leukemia Cell Line,HAP-1,Positive Selection,Knockout,unidirectional,20468,Lau MT (2020),32028983,train,2,2,0,4,"Drug/Chemical response · Chronic Myelogenous Leukemia · FBXW7, STUB1, RNF7"
1808,2379,increases resistance to anti-cancer drugs,Drug / Chemical / Environmental Response, under Gemcitabine treatment (0.025 µM),Chronic Myelogenous Leukemia Cell Line,HAP-1,Positive Selection,Knockout,unidirectional,20467,Lau MT (2020),32028983,train,2,2,0,4,"Drug/Chemical response · Chronic Myelogenous Leukemia · FBXW7, STUB1, RNF7"
1809,2380,increases resistance to anti-cancer drug-induced cytotoxicity,Drug / Chemical / Environmental Response, under 6-Mercaptopurine treatment (50.0 µM),Chronic Myelogenous Leukemia Cell Line,HAP-1,Positive Selection,Knockout,unidirectional,20470,Lau MT (2020),32028983,train,15,15,0,3,"Drug/Chemical response · Retinal Pigment Epithelium · PDCD10, NF2, TAOK1"
1810,2381,increases drug resistance as measured by increased cell survival (decreased cytotoxicity) under anti-cancer drug treatment,Drug / Chemical / Environmental Response, under Thioguanine treatment (10.0 µM),Chronic Myelogenous Leukemia Cell Line,HAP-1,Positive Selection,Knockout,unidirectional,20464,Lau MT (2020),32028983,train,4,4,0,3,"Drug/Chemical response · Retinal Pigment Epithelium · PDCD10, NF2, TAOK1"
1811,2382,increases resistance to anti-cancer drugs,Drug / Chemical / Environmental Response, under docetaxel treatment (0.05 µM),Chronic Myelogenous Leukemia Cell Line,HAP-1,Positive Selection,Knockout,unidirectional,20468,Lau MT (2020),32028983,train,3,3,0,29,"Fitness/Viability · Acute Myeloid Leukemia · TIMM50, CTDSPL2, PMM2"
1812,2384,increases drug resistance as measured by decreased cytotoxicity to anti-cancer drugs,Drug / Chemical / Environmental Response, under Vincristine treatment (0.02 µM),Chronic Myelogenous Leukemia Cell Line,HAP-1,Positive Selection,Knockout,unidirectional,20469,Lau MT (2020),32028983,train,10,10,0,4,"Drug/Chemical response · Chronic Myelogenous Leukemia · FBXW7, STUB1, RNF7"
1813,2385,increases resistance to anti-cancer drugs as measured by decreased drug-induced cytotoxicity,Drug / Chemical / Environmental Response, under Vinorelbine treatment (0.1 µM),Chronic Myelogenous Leukemia Cell Line,HAP-1,Positive Selection,Knockout,unidirectional,20467,Lau MT (2020),32028983,train,1,1,0,26,"Fitness/Viability · Cervical Adenocarcinoma · SIRT6, KDM3B, JMJD7"
1814,2386,increases drug resistance as measured by decreased drug-induced cytotoxicity,Drug / Chemical / Environmental Response, under Methotrexate treatment (0.25 µM),Chronic Myelogenous Leukemia Cell Line,HAP-1,Positive Selection,Knockout,unidirectional,20467,Lau MT (2020),32028983,train,2,2,0,20,"Fitness/Viability · Acute Myeloid Leukemia · FOXD4L1, FOXD4L5, ZZZ3"
1815,2387,increases resistance to anti-cancer drugs as measured by decreased drug-induced cytotoxicity,Drug / Chemical / Environmental Response, under Camptothecin treatment (0.01 µM),Chronic Myelogenous Leukemia Cell Line,HAP-1,Positive Selection,Knockout,unidirectional,20470,Lau MT (2020),32028983,train,1,1,0,34,Drug/Chemical response · Chronic Myelogenous Leukemia · TOP1
1816,2388,increases resistance to anti-cancer drugs by reducing drug-induced cytotoxicity,Drug / Chemical / Environmental Response, under Irinotecan treatment (0.5 µM),Chronic Myelogenous Leukemia Cell Line,HAP-1,Positive Selection,Knockout,unidirectional,20466,Lau MT (2020),32028983,train,1,1,0,34,Drug/Chemical response · Chronic Myelogenous Leukemia · TOP1
1817,2389,increases drug resistance to anti-cancer drugs as measured by decreased cytotoxicity,Drug / Chemical / Environmental Response, under Topotecan treatment (0.025 µM),Chronic Myelogenous Leukemia Cell Line,HAP-1,Positive Selection,Knockout,unidirectional,20466,Lau MT (2020),32028983,train,1,1,0,34,Drug/Chemical response · Chronic Myelogenous Leukemia · TOP1
1818,2390,increases resistance to anti-cancer drugs,Drug / Chemical / Environmental Response, under Idarubicin treatment (0.2 µM),Chronic Myelogenous Leukemia Cell Line,HAP-1,Positive Selection,Knockout,unidirectional,20465,Lau MT (2020),32028983,train,3,3,0,18,"Fitness/Viability · Hepatoma · CDK11B, PRP4K, STK11"
1819,2394,increases resistance to anti-cancer drugs,Drug / Chemical / Environmental Response, under AZD7762 treatment (0.5 µM),Chronic Myelogenous Leukemia Cell Line,HAP-1,Positive Selection,Knockout,unidirectional,20456,Lau MT (2020),32028983,train,1,1,0,29,"Fitness/Viability · Acute Myeloid Leukemia · TIMM50, CTDSPL2, PMM2"
1820,2395,increases resistance to anti-cancer drugs as measured by reduced drug-induced cytotoxicity,Drug / Chemical / Environmental Response, under Vorinostat/SAHA treatment (10.0 µM),Chronic Myelogenous Leukemia Cell Line,HAP-1,Positive Selection,Knockout,unidirectional,20456,Lau MT (2020),32028983,train,3,3,0,10,"Host-Pathogen/Infection · Cervical Adenocarcinoma · JAK2, STAT1, B2M"
1821,2397,increases drug resistance as measured by decreased cytotoxic response to anti-cancer drugs,Drug / Chemical / Environmental Response, under Tretinoin treatment (250.0 µM),Chronic Myelogenous Leukemia Cell Line,HAP-1,Positive Selection,Knockout,unidirectional,20462,Lau MT (2020),32028983,train,8,8,0,10,"Host-Pathogen/Infection · Cervical Adenocarcinoma · JAK2, STAT1, B2M"
1822,2398,increases drug resistance as measured by decreased drug-induced cytotoxicity,Drug / Chemical / Environmental Response, under ABT263 (Navitoclax) treatment (20.0 µM),Chronic Myelogenous Leukemia Cell Line,HAP-1,Positive Selection,Knockout,unidirectional,20456,Lau MT (2020),32028983,train,3,3,0,10,"Host-Pathogen/Infection · Cervical Adenocarcinoma · JAK2, STAT1, B2M"
1823,2401,increases resistance to anti-cancer drugs as measured by decreased drug-induced cytotoxicity,Drug / Chemical / Environmental Response, under Tasisulam treatment (250.0 µM),Chronic Myelogenous Leukemia Cell Line,HAP-1,Positive Selection,Knockout,unidirectional,20469,Lau MT (2020),32028983,train,2,2,0,4,"Drug/Chemical response · Chronic Myelogenous Leukemia · FBXW7, STUB1, RNF7"
1824,2402,increases resistance to Panton-Valentine leukocidin (PVL) as measured by increased cell proliferation in its presence,Drug / Chemical / Environmental Response, under Panton–Valentine leukocidin (PVL) treatment (2.0 µg/mL),Monocytic Leukemia Cell Line,THP-1,Positive Selection,Knockout,unidirectional,19008,Jeon Y (2023),36977592,test,1174,1174,0,0,"Drug/Chemical response · Lung Adenocarcinoma · NHEJ1, SLC35A2, SBNO2"
1825,2404,"increases inner nuclear membrane (INM) substrate protein accumulation, as measured by LBR1600*S11 accumulation and increased nuclear GFP fluorescence",Trafficking / Localization / Structural Phenotypes,,Cervical Adenocarcinoma Cell Line,HeLa,Phenotype Screen,Knockout,unidirectional,19005,Tsai PL (2022),36417855,test,89,89,0,6,"Drug/Chemical response · Retinal Pigment Epithelium · E2F7, MAPK1, STAG2"
1826,2406,decreases productive HIV-1 LAI infection in Jurkat-CCR5 cells,Host-Pathogen / Infection Response, under Virus: HIV (Human immunodeficiency virus) treatment (0.5 MOI),T-lymphoblastic leukemia cell line,Jurkat,Negative Selection,Knockout,unidirectional,525,Montoya VR (2023),36744886,test,20,20,0,10,"Host-Pathogen/Infection · Cervical Adenocarcinoma · JAK2, STAT1, B2M"
1827,2407,decreases productive HIV-1 LAI infection in Jurkat-CCR5 cells,Host-Pathogen / Infection Response, under Virus: HIV (Human immunodeficiency virus) treatment (0.5 MOI),T-lymphoblastic leukemia cell line,Jurkat,Negative Selection,Knockout,unidirectional,525,Montoya VR (2023),36744886,test,20,20,0,10,"Host-Pathogen/Infection · Cervical Adenocarcinoma · JAK2, STAT1, B2M"
1828,2408,"increases resistance to viral infection, as measured by decreased productive VSV-G–pseudotyped HIV-1 infection in Jurkat-CCR5 cells",Host-Pathogen / Infection Response, under Virus: VSV-G pseudotyped HIV-1 treatment (0.5 MOI),T-lymphoblastic leukemia cell line,Jurkat,Negative Selection,Knockout,unidirectional,525,Montoya VR (2023),36744886,test,21,21,0,10,"Host-Pathogen/Infection · Cervical Adenocarcinoma · JAK2, STAT1, B2M"
1829,2409,decreases productive HIV-1 CH470TF infection in Jurkat-CCR5 cells,Host-Pathogen / Infection Response, under Virus: HIV (Human immunodeficiency virus) treatment (0.5 MOI),T-lymphoblastic leukemia cell line,Jurkat,Negative Selection,Knockout,unidirectional,525,Montoya VR (2023),36744886,test,22,22,0,10,"Host-Pathogen/Infection · Cervical Adenocarcinoma · JAK2, STAT1, B2M"
1830,2410,increases resistance to HIV-1 Q23BG505 infection as measured by decreased productive infection,Host-Pathogen / Infection Response, under Virus: HIV (Human immunodeficiency virus) treatment (0.5 MOI),T-lymphoblastic leukemia cell line,Jurkat,Negative Selection,Knockout,unidirectional,525,Montoya VR (2023),36744886,test,21,21,0,10,"Host-Pathogen/Infection · Cervical Adenocarcinoma · JAK2, STAT1, B2M"
1831,U_2419_inc,increase sensitivity to bortezomib,Drug / Chemical / Environmental Response, under Bortezomib treatment (3.0 nM),Immortal Human Peripheral Neuron Cell Line,U-266 cell,bidirectional,Knockout,bidirectional,15625,Findlay S (2023),36920785,test,2151,1045,1106,0,"Drug/Chemical response · Lung Adenocarcinoma · NHEJ1, SLC35A2, SBNO2"
1832,U_2419_dec,decrease sensitivity to bortezomib,Drug / Chemical / Environmental Response, under Bortezomib treatment (3.0 nM),Immortal Human Peripheral Neuron Cell Line,U-266 cell,bidirectional,Knockout,bidirectional,15625,Findlay S (2023),36920785,test,2151,1106,1045,0,"Drug/Chemical response · Lung Adenocarcinoma · NHEJ1, SLC35A2, SBNO2"
1833,U_2419_merged,either increases or decreases sensitivity to bortezomib,Drug / Chemical / Environmental Response, under Bortezomib treatment (3.0 nM),Immortal Human Peripheral Neuron Cell Line,U-266 cell,Positive and Negative Selection,Knockout,bidirectional,15625,Findlay S (2023),36920785,test,2151,2151,0,0,"Drug/Chemical response · Lung Adenocarcinoma · NHEJ1, SLC35A2, SBNO2"
1834,U_2420_inc,increase bortezomib sensitivity,Drug / Chemical / Environmental Response, under Bortezomib treatment (3.0 nM),immortal human bone marrow-derived cell line,JJN-3,bidirectional,Knockout,bidirectional,15625,Findlay S (2023),36920785,test,1835,1020,815,0,"Drug/Chemical response · Lung Adenocarcinoma · NHEJ1, SLC35A2, SBNO2"
1835,U_2420_dec,decrease bortezomib sensitivity,Drug / Chemical / Environmental Response, under Bortezomib treatment (3.0 nM),immortal human bone marrow-derived cell line,JJN-3,bidirectional,Knockout,bidirectional,15625,Findlay S (2023),36920785,test,1835,815,1020,0,"Drug/Chemical response · Lung Adenocarcinoma · NHEJ1, SLC35A2, SBNO2"
1836,U_2420_merged,either increases or decreases bortezomib sensitivity,Drug / Chemical / Environmental Response, under Bortezomib treatment (3.0 nM),immortal human bone marrow-derived cell line,JJN-3,Positive and Negative Selection,Knockout,bidirectional,15625,Findlay S (2023),36920785,test,1835,1835,0,0,"Drug/Chemical response · Lung Adenocarcinoma · NHEJ1, SLC35A2, SBNO2"
1837,U_2421_inc,increase IL-2 production in CD4+ T cells,Molecular Output / Reporter / Pathway Activity, under Interleukin-2 (IL-2) treatment (500.0 IU/ml),T cell,Primary T-cells,bidirectional,Activation,bidirectional,18800,Schmidt R (2022),35113687,test,443,196,247,17,"Reporter/Pathway activity · T cell · UBASH3A, FOXL2NB, FOXA3"
1838,U_2421_dec,decrease IL-2 production in CD4+ T cells,Molecular Output / Reporter / Pathway Activity, under Interleukin-2 (IL-2) treatment (500.0 IU/ml),T cell,Primary T-cells,bidirectional,Activation,bidirectional,18800,Schmidt R (2022),35113687,test,443,247,196,17,"Reporter/Pathway activity · T cell · UBASH3A, FOXL2NB, FOXA3"
1839,U_2421_merged,either increases or decreases IL-2 production in CD4+ T cells,Molecular Output / Reporter / Pathway Activity, under Interleukin-2 (IL-2) treatment (500.0 IU/ml),T cell,Primary T-cells,Phenotype Screen,Activation,bidirectional,18800,Schmidt R (2022),35113687,test,443,443,0,17,"Reporter/Pathway activity · T cell · UBASH3A, FOXL2NB, FOXA3"
1840,U_2422_inc,increase IFN-gamma production in primary CD8+ T cells,Molecular Output / Reporter / Pathway Activity, under Interleukin-2 (IL-2) treatment (500.0 IU/ml),T cell,Primary T-cells,bidirectional,Activation,bidirectional,18800,Schmidt R (2022),35113687,test,571,265,306,17,"Reporter/Pathway activity · T cell · UBASH3A, FOXL2NB, FOXA3"
1841,U_2422_dec,decrease IFN-gamma production in primary CD8+ T cells,Molecular Output / Reporter / Pathway Activity, under Interleukin-2 (IL-2) treatment (500.0 IU/ml),T cell,Primary T-cells,bidirectional,Activation,bidirectional,18800,Schmidt R (2022),35113687,test,571,306,265,17,"Reporter/Pathway activity · T cell · UBASH3A, FOXL2NB, FOXA3"
1842,U_2422_merged,either increases or decreases IFN-gamma production in primary CD8+ T cells,Molecular Output / Reporter / Pathway Activity, under Interleukin-2 (IL-2) treatment (500.0 IU/ml),T cell,Primary T-cells,Phenotype Screen,Activation,bidirectional,18800,Schmidt R (2022),35113687,test,571,571,0,17,"Reporter/Pathway activity · T cell · UBASH3A, FOXL2NB, FOXA3"
1843,U_2423_inc,increase IL-2 production by CD4+ T cells,Molecular Output / Reporter / Pathway Activity, under Interleukin-2 (IL-2) treatment (500.0 IU/ml),T cell,Primary T-cells,bidirectional,Inhibition,bidirectional,18811,Schmidt R (2022),35113687,test,225,184,41,17,"Reporter/Pathway activity · T cell · UBASH3A, FOXL2NB, FOXA3"
1844,U_2423_dec,decrease IL-2 production by CD4+ T cells,Molecular Output / Reporter / Pathway Activity, under Interleukin-2 (IL-2) treatment (500.0 IU/ml),T cell,Primary T-cells,bidirectional,Inhibition,bidirectional,18811,Schmidt R (2022),35113687,test,225,41,184,17,"Reporter/Pathway activity · T cell · UBASH3A, FOXL2NB, FOXA3"
1845,U_2423_merged,either increases or decreases IL-2 production by CD4+ T cells,Molecular Output / Reporter / Pathway Activity, under Interleukin-2 (IL-2) treatment (500.0 IU/ml),T cell,Primary T-cells,Phenotype Screen,Inhibition,bidirectional,18811,Schmidt R (2022),35113687,test,225,225,0,17,"Reporter/Pathway activity · T cell · UBASH3A, FOXL2NB, FOXA3"
1846,U_2424_inc,increase IFN-gamma production in primary CD8+ T cells,Molecular Output / Reporter / Pathway Activity, under Interleukin-2 (IL-2) treatment (500.0 IU/ml),T cell,Primary T-cells,bidirectional,Inhibition,bidirectional,18811,Schmidt R (2022),35113687,test,202,96,106,17,"Reporter/Pathway activity · T cell · UBASH3A, FOXL2NB, FOXA3"
1847,U_2424_dec,decrease IFN-gamma production in primary CD8+ T cells,Molecular Output / Reporter / Pathway Activity, under Interleukin-2 (IL-2) treatment (500.0 IU/ml),T cell,Primary T-cells,bidirectional,Inhibition,bidirectional,18811,Schmidt R (2022),35113687,test,202,106,96,17,"Reporter/Pathway activity · T cell · UBASH3A, FOXL2NB, FOXA3"
1848,U_2424_merged,either increases or decreases IFN-gamma production in primary CD8+ T cells,Molecular Output / Reporter / Pathway Activity, under Interleukin-2 (IL-2) treatment (500.0 IU/ml),T cell,Primary T-cells,Phenotype Screen,Inhibition,bidirectional,18811,Schmidt R (2022),35113687,test,202,202,0,17,"Reporter/Pathway activity · T cell · UBASH3A, FOXL2NB, FOXA3"
1849,U_2425_inc,increase IL-2 production by CD4+ T cells,Molecular Output / Reporter / Pathway Activity, under Interleukin-2 (IL-2) treatment (500.0 IU/ml),T cell,CD4+ T-cells,bidirectional,Activation,bidirectional,18800,Schmidt R (2022),35113687,test,243,76,167,17,"Reporter/Pathway activity · T cell · UBASH3A, FOXL2NB, FOXA3"
1850,U_2425_dec,decrease IL-2 production by CD4+ T cells,Molecular Output / Reporter / Pathway Activity, under Interleukin-2 (IL-2) treatment (500.0 IU/ml),T cell,CD4+ T-cells,bidirectional,Activation,bidirectional,18800,Schmidt R (2022),35113687,test,243,167,76,17,"Reporter/Pathway activity · T cell · UBASH3A, FOXL2NB, FOXA3"
1851,U_2425_merged,either increases or decreases IL-2 production by CD4+ T cells,Molecular Output / Reporter / Pathway Activity, under Interleukin-2 (IL-2) treatment (500.0 IU/ml),T cell,CD4+ T-cells,Phenotype Screen,Activation,bidirectional,18800,Schmidt R (2022),35113687,test,243,243,0,17,"Reporter/Pathway activity · T cell · UBASH3A, FOXL2NB, FOXA3"
1852,U_2426_inc,increase IFN-gamma production in CD4+ T cells,Molecular Output / Reporter / Pathway Activity, under Interleukin-2 (IL-2) treatment (500.0 IU/ml),T cell,CD4+ T-cells,bidirectional,Activation,bidirectional,18800,Schmidt R (2022),35113687,test,171,62,109,17,"Reporter/Pathway activity · T cell · UBASH3A, FOXL2NB, FOXA3"
1853,U_2426_dec,decrease IFN-gamma production in CD4+ T cells,Molecular Output / Reporter / Pathway Activity, under Interleukin-2 (IL-2) treatment (500.0 IU/ml),T cell,CD4+ T-cells,bidirectional,Activation,bidirectional,18800,Schmidt R (2022),35113687,test,171,109,62,17,"Reporter/Pathway activity · T cell · UBASH3A, FOXL2NB, FOXA3"
1854,U_2426_merged,either increases or decreases IFN-gamma production in CD4+ T cells,Molecular Output / Reporter / Pathway Activity, under Interleukin-2 (IL-2) treatment (500.0 IU/ml),T cell,CD4+ T-cells,Phenotype Screen,Activation,bidirectional,18800,Schmidt R (2022),35113687,test,171,171,0,17,"Reporter/Pathway activity · T cell · UBASH3A, FOXL2NB, FOXA3"
1855,U_2427_inc,increase TNF-alpha production by CD4+ T cells,Molecular Output / Reporter / Pathway Activity, under Interleukin-2 (IL-2) treatment (500.0 IU/ml),T cell,CD4+ T-cells,bidirectional,Activation,bidirectional,18800,Schmidt R (2022),35113687,test,423,140,283,17,"Reporter/Pathway activity · T cell · UBASH3A, FOXL2NB, FOXA3"
1856,U_2427_dec,decrease TNF-alpha production by CD4+ T cells,Molecular Output / Reporter / Pathway Activity, under Interleukin-2 (IL-2) treatment (500.0 IU/ml),T cell,CD4+ T-cells,bidirectional,Activation,bidirectional,18800,Schmidt R (2022),35113687,test,423,283,140,17,"Reporter/Pathway activity · T cell · UBASH3A, FOXL2NB, FOXA3"
1857,U_2427_merged,either increases or decreases TNF-alpha production by CD4+ T cells,Molecular Output / Reporter / Pathway Activity, under Interleukin-2 (IL-2) treatment (500.0 IU/ml),T cell,CD4+ T-cells,Phenotype Screen,Activation,bidirectional,18800,Schmidt R (2022),35113687,test,423,423,0,17,"Reporter/Pathway activity · T cell · UBASH3A, FOXL2NB, FOXA3"
1858,2440,impacts response to chemicals,Drug / Chemical / Environmental Response, under AZD6738 treatment (20.0 IC),Embryonic Kidney Cell Line,HEK293-A,Positive and Negative Selection,Knockout,recovered_bidirectional,17373,Wang C (2019),30532030,train,1797,1797,0,0,"Drug/Chemical response · Lung Adenocarcinoma · NHEJ1, SLC35A2, SBNO2"
1859,2441,impacts response to chemicals,Drug / Chemical / Environmental Response, under AZD6738 treatment (20.0 IC),Colorectal Cancer Cell Line,HCT 116,Positive and Negative Selection,Knockout,recovered_bidirectional,17308,Wang C (2019),30532030,train,1026,1026,0,1,"Fitness/Viability · Melanoma · C1QBP, NDUFA10, PET117"
1860,2442,impacts response to chemicals,Drug / Chemical / Environmental Response, under AZD6738 treatment (20.0 IC),Mammary Epithelial Cell Line,MCF-10A,Positive and Negative Selection,Knockout,recovered_bidirectional,17644,Wang C (2019),30532030,train,622,622,0,1,"Fitness/Viability · Melanoma · C1QBP, NDUFA10, PET117"
1861,2445,increases drug resistance to HB007 in HCT 116 cells,Drug / Chemical / Environmental Response, under HB007 treatment (2.5 µM),Colorectal Cancer Cell Line,HCT 116,Positive Selection,Knockout,unidirectional,20452,Bellail AC (2021),34644148,validation,28,28,0,6,"Drug/Chemical response · Retinal Pigment Epithelium · E2F7, MAPK1, STAG2"
1862,2447,decreases viral resistance as measured by increased viral infection (GFP),Host-Pathogen / Infection Response, under HPIV-3 (Human parainfluenza 3 virus) treatment (10.0 MOI),Hepatoma Cell Line,HuH-7,Phenotype Screen,Knockout,unidirectional,20213,Wu X (2025),40667754,test,5,5,0,4,"Drug/Chemical response · Chronic Myelogenous Leukemia · FBXW7, STUB1, RNF7"
1863,2448,increases resistance to viral infection as measured by decreased GFP-reported infection,Host-Pathogen / Infection Response, under HPIV-3 (Human parainfluenza 3 virus) treatment (10.0 MOI),Hepatoma Cell Line,HuH-7,Phenotype Screen,Knockout,unidirectional,20213,Wu X (2025),40667754,test,6,6,0,6,"Drug/Chemical response · Retinal Pigment Epithelium · E2F7, MAPK1, STAG2"
1864,2449,increases cisplatin resistance as measured by increased cell growth in the presence of cisplatin,Drug / Chemical / Environmental Response, under Cisplatin treatment (3.0 µg/mL),Kidney Cell Line,HK-2,Positive Selection,Knockout,unidirectional,17325,Wang S (2025),40632661,test,109,109,0,27,"Host-Pathogen/Infection · Lung Adenocarcinoma · ACE2, FOSL2, LY6E"
1865,2454,increases tunicamycin resistance as measured by increased growth in the presence of tunicamycin,Drug / Chemical / Environmental Response, under Tunicamycin treatment (100.0 nM),iPSC derived cell line,CAMi014-A,Positive Selection,Knockout,unidirectional,4390,Pavlou S (2023),36894612,test,188,188,0,0,"Drug/Chemical response · Lung Adenocarcinoma · NHEJ1, SLC35A2, SBNO2"
1866,2456,increases sensitivity to cisplatin (DDP) and etoposide (VP16) as measured by decreased cell proliferation,Drug / Chemical / Environmental Response, under Cisplatin|Etoposide treatment (1.0 µg/mL),small cell lung cancer,NCI-H69AR,Negative Selection,Knockout,unidirectional,20360,Deng L (2023),36725843,test,194,194,0,1,"Fitness/Viability · Melanoma · C1QBP, NDUFA10, PET117"
1867,2458,decreases cell proliferation,Fitness / Proliferation / Viability,,Monocytic Leukemia Cell Line,THP-1,Negative Selection,Knockout,unidirectional,3137,Essletzbichler P (2023),36725334,test,1041,1041,0,2,"Fitness/Viability · Cancer · EGR2, TMEM183A, PGAM4"
1868,2459,increases resistance to thioparib as measured by increased cell growth in the presence of the drug,Drug / Chemical / Environmental Response," under Thioparib (4-[[4-fluoro-3-[(5R)-5-methyl-3-(1,3-thiazol-2-yl)-6,8-dihydro-5H-[1,2,4]triazolo[4,3-a]pyrazine-7-carbonyl]phenyl]methyl]-2H-phthalazin-1-one) treatment (50.0 nM)",Pancreatic Ductal Adenocarcinoma Cell Line,Capan-1,Positive Selection,Knockout,unidirectional,19012,Wang LM (2023),36652375,test,256,256,0,9,"Fitness/Viability · Acute Myeloid Leukemia · SPDYE5, WASHC1, GOLGA8O"
1869,2460,"increases thioparib sensitivity, as measured by decreased cell proliferation in the presence of thioparib",Drug / Chemical / Environmental Response," under Thioparib (4-[[4-fluoro-3-[(5R)-5-methyl-3-(1,3-thiazol-2-yl)-6,8-dihydro-5H-[1,2,4]triazolo[4,3-a]pyrazine-7-carbonyl]phenyl]methyl]-2H-phthalazin-1-one) treatment (50.0 nM)",Pancreatic Ductal Adenocarcinoma Cell Line,Capan-1,Negative Selection,Knockout,unidirectional,19012,Wang LM (2023),36652375,test,256,256,0,15,"Drug/Chemical response · Lung Adenocarcinoma · TBC1D3D, CHURC1-FNTB, ZNF626"
1870,2461,increases drug resistance to Cpd-391 as measured by increased growth in the presence of Cpd-391,Drug / Chemical / Environmental Response," under Cpd‐391 (4‐(4‐Fluoro‐3‐(5‐methyl‐3‐(thiazol‐2‐yl)‐5,6,7,8‐tetrahydro‐[1,2,4]triazolo[4,3‐a]pyrazine‐7‐carbonyl)benzyl)phthalazin‐1(2H)‐one) treatment (50.0 nM)",Pancreatic Ductal Adenocarcinoma Cell Line,Capan-1,Positive Selection,Knockout,unidirectional,19012,Wang LM (2023),36652375,test,4,4,0,3,"Drug/Chemical response · Retinal Pigment Epithelium · PDCD10, NF2, TAOK1"
1871,2462,increases sensitivity to Cpd-391 as measured by decreased cell proliferation in the presence of Cpd-391,Drug / Chemical / Environmental Response," under Cpd‐391 (4‐(4‐Fluoro‐3‐(5‐methyl‐3‐(thiazol‐2‐yl)‐5,6,7,8‐tetrahydro‐[1,2,4]triazolo[4,3‐a]pyrazine‐7‐carbonyl)benzyl)phthalazin‐1(2H)‐one) treatment (50.0 nM)",Pancreatic Ductal Adenocarcinoma Cell Line,Capan-1,Negative Selection,Knockout,unidirectional,19012,Wang LM (2023),36652375,test,706,706,0,15,"Drug/Chemical response · Lung Adenocarcinoma · TBC1D3D, CHURC1-FNTB, ZNF626"
1872,2463,decreases cell proliferation in A-673 cells,Fitness / Proliferation / Viability,,Rhabdomyosarcoma Cell Line,A-673,Negative Selection,Inhibition,unidirectional,728,Li M (2023),37075745,test,85,85,0,26,"Fitness/Viability · Cervical Adenocarcinoma · SIRT6, KDM3B, JMJD7"
1873,2465,increases rAAV2 transgene expression as measured by increased GFP protein accumulation,Host-Pathogen / Infection Response, under Transduction with rAAV2-GFP treatment (10000.0 vg/cell (viral genomes/cell)),Lung Cancer Cell Line,A-549,Phenotype Screen,Knockout,unidirectional,20507,Ngo AM (2023),36971544,test,20,20,0,3,"Drug/Chemical response · Retinal Pigment Epithelium · PDCD10, NF2, TAOK1"
1874,2466,increases rAAV (AAV2-GFP) transgene expression as measured by GFP protein accumulation,Host-Pathogen / Infection Response, under Spin infection with AAV2-GFP treatment (50000.0 vg/cell (viral genomes/cell)),Chronic Myeloid Leukemia Cell Line,K-562,Phenotype Screen,Inhibition,unidirectional,18734,Ngo AM (2023),36971544,test,88,88,0,3,"Drug/Chemical response · Retinal Pigment Epithelium · PDCD10, NF2, TAOK1"
1875,2467,"increases sensitivity to formaldehyde, as measured by decreased proliferation in the presence of formaldehyde",Drug / Chemical / Environmental Response, under Formaldehyde treatment (70.0 µM),Retinal Pigment Epithelium Cell Line,hTERT-RPE1,Negative Selection,Knockout,unidirectional,17188,Gao Y (2023),36693839,test,26,26,0,3,"Drug/Chemical response · Retinal Pigment Epithelium · PDCD10, NF2, TAOK1"
1876,2468,increases sensitivity to formaldehyde as measured by decreased cell proliferation in the presence of formaldehyde,Drug / Chemical / Environmental Response, under Formaldehyde treatment (70.0 µM),Retinal Pigment Epithelium Cell Line,hTERT-RPE1,Negative Selection,Knockout,unidirectional,17186,Gao Y (2023),36693839,test,22,22,0,3,"Drug/Chemical response · Retinal Pigment Epithelium · PDCD10, NF2, TAOK1"
1877,2470,decreases cell viability after radiation exposure,Drug / Chemical / Environmental Response, under Radiation treatment,Thoracic SMARCA4-deficient undifferentiated tumor,SBC-5,Negative Selection,Knockout,unidirectional,1051,Patel UA (2025),40899441,test,41,41,0,6,"Drug/Chemical response · Retinal Pigment Epithelium · E2F7, MAPK1, STAG2"
1878,2471,decreases cell viability following radiation exposure,Drug / Chemical / Environmental Response, under Radiation treatment,Thoracic SMARCA4-deficient undifferentiated tumor,SBC-5,Negative Selection,Knockout,unidirectional,1051,Patel UA (2025),40899441,test,45,45,0,6,"Drug/Chemical response · Retinal Pigment Epithelium · E2F7, MAPK1, STAG2"
1879,2472,decreases cell viability following radiation exposure,Drug / Chemical / Environmental Response, under Radiation treatment,Thoracic SMARCA4-deficient undifferentiated tumor,SBC-5,Negative Selection,Knockout,unidirectional,1050,Patel UA (2025),40899441,test,34,34,0,6,"Drug/Chemical response · Retinal Pigment Epithelium · E2F7, MAPK1, STAG2"
1880,2478,increases resistance to HRTV infection,Host-Pathogen / Infection Response, under Virus: Heartland virus (HRTV) (Strain: MO4) treatment (1.0 MOI),Embryonic Kidney Cell Line,HEK293T,Positive Selection,Knockout,unidirectional,20482,Xia T (2023),36920967,test,753,753,0,0,"Drug/Chemical response · Lung Adenocarcinoma · NHEJ1, SLC35A2, SBNO2"
1881,U_2485_dec,decrease stem cell survival,Fitness / Proliferation / Viability,,Intestinal organoid model,Organoid: primary cell derived small intestinal organoid line,bidirectional,Knockout,bidirectional,1799,Lin L (2023),37883554,test,188,188,0,20,"Fitness/Viability · Acute Myeloid Leukemia · FOXD4L1, FOXD4L5, ZZZ3"
1882,U_2486_dec,decrease differentiated cell survival,Fitness / Proliferation / Viability,,Intestinal organoid model,Organoid: primary cell derived small intestinal organoid line,bidirectional,Knockout,bidirectional,1799,Lin L (2023),37883554,test,314,309,5,20,"Fitness/Viability · Acute Myeloid Leukemia · FOXD4L1, FOXD4L5, ZZZ3"
1883,U_2486_inc,increase differentiated cell survival,Fitness / Proliferation / Viability,,Intestinal organoid model,Organoid: primary cell derived small intestinal organoid line,bidirectional,Knockout,bidirectional,1799,Lin L (2023),37883554,test,314,5,309,20,"Fitness/Viability · Acute Myeloid Leukemia · FOXD4L1, FOXD4L5, ZZZ3"
1884,U_2486_merged,either increases or decreases differentiated cell survival,Fitness / Proliferation / Viability,,Intestinal organoid model,Organoid: primary cell derived small intestinal organoid line,Positive and Negative Selection,Knockout,bidirectional,1799,Lin L (2023),37883554,test,314,314,0,20,"Fitness/Viability · Acute Myeloid Leukemia · FOXD4L1, FOXD4L5, ZZZ3"
1885,TR_71_72,decreases cell proliferation,Fitness / Proliferation / Viability,,Acute Myeloid Leukemia Cell Line,NB4,Negative Selection,Knockout,unidirectional,18580,Wang T (2017),28162770,train,1716,1716,0,9,"Fitness/Viability · Acute Myeloid Leukemia · SPDYE5, WASHC1, GOLGA8O"
1886,TR_796_797,decreases cell proliferation,Fitness / Proliferation / Viability,,Colonic Adenocarcinoma Cell Line,HT-29,Negative Selection,Knockout,unidirectional,17956,Behan FM (2019),30971826,train,1589,1589,0,12,"Fitness/Viability · Cancer · MRPS33, PDSS1, ISCA1"
1887,TR_1082_1083,impacts cell proliferation,Drug / Chemical / Environmental Response, under IL-2-activated NK cells treatment (0.3 Ratio of effector cells/target cells),Chronic Myeloid Leukemia Cell Line,K-562,Positive and Negative Selection,Knockout,recovered_bidirectional,20504,Zhuang X (2019),31921143,train,1799,1799,0,0,"Drug/Chemical response · Lung Adenocarcinoma · NHEJ1, SLC35A2, SBNO2"
1888,TR_1209_1210,increases resistance to Zika virus as measured by increased cell proliferation,Host-Pathogen / Infection Response, under Virus: Zika virus treatment (0.2 MOI),Hepatoma Cell Line,HuH-7,Positive Selection,Activation,unidirectional,18109,Dukhovny A (2019),31142663,train,103,103,0,17,"Reporter/Pathway activity · T cell · UBASH3A, FOXL2NB, FOXA3"
1889,U_TR_1326_1327_dec,decrease drug resistance,Drug / Chemical / Environmental Response, under Cisplatin-2/Cisplatin-3 treatment (1.5 µM),Retinal Pigment Epithelium Cell Line,hTERT-RPE1,bidirectional,Knockout,bidirectional,17173,Olivieri M (2020),32649862,train,96,96,0,3,"Drug/Chemical response · Retinal Pigment Epithelium · PDCD10, NF2, TAOK1"
1890,TR_1669_1670,increases resistance to CBK77,Drug / Chemical / Environmental Response, under CBK77 treatment (25 µM),Melanoma Cell Line,Mel JuSo,Positive Selection,Knockout,unidirectional,18983,Giovannucci TA (2021),34615851,validation,165,165,0,3,"Drug/Chemical response · Retinal Pigment Epithelium · PDCD10, NF2, TAOK1"
1891,TR_1967_1968,increases nascent RNA accumulation under CDK9 inhibition,Drug / Chemical / Environmental Response, under AZD5576 (CDK9i) treatment (170.0 nM),Monocytic Leukemia Cell Line,THP-1,Phenotype Screen,Knockout,unidirectional,19008,Vervoort SJ (2021),34004147,validation,1,1,0,10,"Host-Pathogen/Infection · Cervical Adenocarcinoma · JAK2, STAT1, B2M"
1892,TR_1969_1970,increases resistance to the CDK9 inhibitor AZD5576 as measured by increased cell proliferation,Drug / Chemical / Environmental Response, under AZD5576 (CDK9i) treatment (150.0 nM),Monocytic Leukemia Cell Line,THP-1,Positive Selection,Knockout,unidirectional,19005,Vervoort SJ (2021),34004147,validation,161,161,0,9,"Fitness/Viability · Acute Myeloid Leukemia · SPDYE5, WASHC1, GOLGA8O"
1893,TR_1971_1972,increases resistance to the CDK9 inhibitor Dinaciclib as measured by increased cell proliferation in its presence,Drug / Chemical / Environmental Response, under Dinaciclib treatment (10.0 nM),Monocytic Leukemia Cell Line,THP-1,Positive Selection,Knockout,unidirectional,19005,Vervoort SJ (2021),34004147,validation,56,56,0,10,"Host-Pathogen/Infection · Cervical Adenocarcinoma · JAK2, STAT1, B2M"
1894,TR_1973_1974,"increases resistance to the CDK9 inhibitor A159, as measured by increased cell proliferation in the presence of the drug",Drug / Chemical / Environmental Response, under A159 treatment (50.0 nM),Monocytic Leukemia Cell Line,THP-1,Positive Selection,Knockout,unidirectional,20482,Vervoort SJ (2021),34004147,validation,25,25,0,4,"Drug/Chemical response · Chronic Myelogenous Leukemia · FBXW7, STUB1, RNF7"
1895,TR_1975_1976,"increases resistance to the CDK9 inhibitor AZ5576, as measured by increased cell proliferation in its presence",Drug / Chemical / Environmental Response, under AZD5576 (CDK9i) treatment (150.0 nM),Monocytic Leukemia Cell Line,THP-1,Positive Selection,Knockout,unidirectional,20494,Vervoort SJ (2021),34004147,validation,375,375,0,9,"Fitness/Viability · Acute Myeloid Leukemia · SPDYE5, WASHC1, GOLGA8O"
1896,TR_1977_1978,increases resistance to the CDK9 inhibitor Dinaciclib as measured by increased cell proliferation in its presence,Drug / Chemical / Environmental Response, under Dinaciclib treatment (10.0 nM),Monocytic Leukemia Cell Line,THP-1,Positive Selection,Knockout,unidirectional,20500,Vervoort SJ (2021),34004147,validation,537,537,0,9,"Fitness/Viability · Acute Myeloid Leukemia · SPDYE5, WASHC1, GOLGA8O"
1897,TR_1979_1980,increases resistance to the CDK9 inhibitor AZ5576 as measured by increased cell proliferation in the presence of the drug,Drug / Chemical / Environmental Response, under AZD5576 (CDK9i) treatment (150 nM),Acute Myeloid Leukemia Cell Line,MV4-11,Positive Selection,Knockout,unidirectional,18839,Vervoort SJ (2021),34004147,validation,28,28,0,10,"Host-Pathogen/Infection · Cervical Adenocarcinoma · JAK2, STAT1, B2M"
1898,TR_1981_1982,increases resistance to the CDK9 inhibitor Dinaciclib as measured by increased cell proliferation in its presence,Drug / Chemical / Environmental Response, under Dinaciclib treatment (10 nM),Acute Myeloid Leukemia Cell Line,MV4-11,Positive Selection,Knockout,unidirectional,18746,Vervoort SJ (2021),34004147,validation,17,17,0,10,"Host-Pathogen/Infection · Cervical Adenocarcinoma · JAK2, STAT1, B2M"
1899,TR_2024_2038,increases resistance to Vaccinia virus infection,Host-Pathogen / Infection Response, under Virus:Vaccinia virus Western Reserve treatment (0.3 MOI),Cervical Adenocarcinoma Cell Line,HeLa,Positive Selection,Knockout,unidirectional,20506,Matía A (2022),36574441,test,1,1,0,10,"Host-Pathogen/Infection · Cervical Adenocarcinoma · JAK2, STAT1, B2M"
1900,TR_2046_2047,"increases resistance to Vaccinia virus infection, as measured by increased cell survival after infection with D4R-deficient virus across multiple rounds at increasing MOI",Host-Pathogen / Infection Response, under Virus:Vaccinia virus Western Reserve treatment (0.3 MOI),Cervical Adenocarcinoma Cell Line,HeLa,Positive Selection,Knockout,unidirectional,20506,Matía A (2022),36574441,test,4,4,0,10,"Host-Pathogen/Infection · Cervical Adenocarcinoma · JAK2, STAT1, B2M"
