index,dataset_name,display_name,reverse,reverse_bool,split,shape,phenotype,cleaned_phenotype,screen_rationale,screen_type,screen_category,library_methodology,cell_type,cell_line,num_genes,publication_year,author,source_id,umap_x_ground_truth,umap_y_ground_truth,umap_x_ground_truth_train_fitted,umap_y_ground_truth_train_fitted
0,1,1 (forward),Forward,False,Train,circle,increases drug resistance as measured by increased cell proliferation,Drug / Chemical / Environmental Response,Increased drug resistance,Positive Selection,unidirectional,Knockout,Chronic Myeloid Leukemia Cell Line,KBM-7,7100,2014,Wang T (2014),24336569,3.956761360168457,4.231718063354492,10.783134460449219,11.185766220092773
1,2,2 (forward),Forward,False,Train,circle,increases drug resistance as measured by increased cell proliferation,Drug / Chemical / Environmental Response,Increased drug resistance,Positive Selection,unidirectional,Knockout,Acute Myeloid Leukemia Cell Line,HL-60,7100,2014,Wang T (2014),24336569,3.960019588470459,4.108148574829102,10.671280860900879,11.050915718078613
2,5,5 (forward),Forward,False,Train,circle,decreases cell proliferation,Fitness / Proliferation / Viability,Gene inhibition decreases fitness,Negative Selection,unidirectional,Inhibition,Chronic Myeloid Leukemia Cell Line,K-562,15929,2014,Gilbert LA (2014),25307932,-5.120725154876709,-4.842173099517822,12.841291427612305,-2.8039286136627197
3,6,6 (forward),Forward,False,Train,circle,decreases cell proliferation,Fitness / Proliferation / Viability,Gene activation decreases fitness,Negative Selection,unidirectional,Activation,Chronic Myeloid Leukemia Cell Line,K-562,15930,2014,Gilbert LA (2014),25307932,5.080232620239258,5.8893842697143555,11.419509887695312,11.4693603515625
4,16,16 (forward),Forward,False,Train,circle,decreases cell proliferation,Fitness / Proliferation / Viability,Cell-essential genes,Negative Selection,unidirectional,Knockout,Colorectal Cancer Cell Line,HCT 116,17587,2015,Hart T (2015),26627737,3.2063000202178955,-1.361189842224121,6.599156856536865,8.052681922912598
5,17,17 (forward),Forward,False,Train,circle,decreases cell proliferation,Fitness / Proliferation / Viability,Cell-essential genes,Negative Selection,unidirectional,Knockout,Cervical Adenocarcinoma Cell Line,HeLa,17605,2015,Hart T (2015),26627737,3.161982297897339,-1.4566665887832642,6.484991073608398,8.03798770904541
6,18,18 (forward),Forward,False,Train,circle,impacts cell proliferation,Fitness / Proliferation / Viability,Cell-essential genes and growth restrictive genes,Negative Selection,recovered_bidirectional,Knockout,Chronic Myeloid Leukemia Cell Line,K-562,18454,2016,Morgens DW (2016),27159373,4.479015350341797,-0.3606685996055603,8.51629638671875,7.908661365509033
7,27,27 (forward),Forward,False,Train,circle,decreases cell proliferation,Fitness / Proliferation / Viability,Cell-essential genes,Negative Selection,unidirectional,Knockout,Glioblastoma Cell Line,143B,17173,2015,Hart T (2015),26627737,3.0861613750457764,-1.4508392810821533,6.494602203369141,8.073835372924805
8,28,28 (forward),Forward,False,Train,circle,decreases cell proliferation,Fitness / Proliferation / Viability,Cell-essential genes,Negative Selection,unidirectional,Knockout,Retinal Pigment Epithelium Cell Line,hTERT-RPE1,17170,2015,Hart T (2015),26627737,3.0899510383605957,-1.3966875076293945,6.4250288009643555,8.083776473999023
9,29,29 (forward),Forward,False,Train,circle,decreases cell proliferation,Fitness / Proliferation / Viability,Cell-essential genes,Negative Selection,unidirectional,Knockout,Colonic Adenocarcinoma Cell Line,DLD-1,17177,2015,Hart T (2015),26627737,3.27051043510437,-1.2878046035766602,6.725856781005859,8.02560043334961
10,66,66 (forward),Forward,False,Train,circle,decreases cell proliferation,Fitness / Proliferation / Viability,Cell-essential genes,Negative Selection,unidirectional,Knockout,Eosinophilic Leukemia Cell Line,EoL-1,18580,2017,Wang T (2017),28162770,4.642991065979004,-0.19841960072517395,8.368463516235352,7.9197797775268555
11,67,67 (forward),Forward,False,Train,circle,decreases cell proliferation,Fitness / Proliferation / Viability,Cell-essential genes,Negative Selection,unidirectional,Knockout,Erythroleukemia Cell Line,HEL,18580,2017,Wang T (2017),28162770,4.44140625,-0.09144944697618484,8.247112274169922,7.947816371917725
12,68,68 (forward),Forward,False,Train,circle,decreases cell proliferation,Fitness / Proliferation / Viability,Cell-essential genes,Negative Selection,unidirectional,Knockout,Acute Myeloid Leukemia Cell Line,MOLM-13,18580,2017,Wang T (2017),28162770,4.584758281707764,-0.17395786941051483,8.358420372009277,7.8438005447387695
13,69,69 (forward),Forward,False,Train,circle,decreases cell proliferation,Fitness / Proliferation / Viability,Cell-essential genes,Negative Selection,unidirectional,Knockout,Monocytic Leukemia Cell Line,Mono-Mac-1,18580,2017,Wang T (2017),28162770,4.591434955596924,-0.13183748722076416,8.499970436096191,7.821131229400635
14,70,70 (forward),Forward,False,Train,circle,decreases cell proliferation,Fitness / Proliferation / Viability,Cell-essential genes,Negative Selection,unidirectional,Knockout,Acute Myeloid Leukemia Cell Line,MV4-11,18580,2017,Wang T (2017),28162770,4.623298168182373,-0.2687496840953827,8.38887882232666,7.924450397491455
15,73,73 (forward),Forward,False,Train,circle,decreases cell proliferation,Fitness / Proliferation / Viability,Cell-essential genes,Negative Selection,unidirectional,Knockout,Acute Myeloid Leukemia Cell Line,OCI-AML-2,18580,2017,Wang T (2017),28162770,4.6901373863220215,-0.2262401580810547,8.309235572814941,7.736257553100586
16,74,74 (forward),Forward,False,Train,circle,decreases cell proliferation,Fitness / Proliferation / Viability,Cell-essential genes,Negative Selection,unidirectional,Knockout,Acute Myeloid Leukemia Cell Line,OCI-AML-3,18580,2017,Wang T (2017),28162770,4.545929431915283,-0.19754542410373688,8.35046100616455,7.91515588760376
17,75,75 (forward),Forward,False,Train,circle,decreases cell proliferation,Fitness / Proliferation / Viability,Cell-essential genes,Negative Selection,unidirectional,Knockout,Acute Myeloid Leukemia Cell Line,OCI-AML-5,18580,2017,Wang T (2017),28162770,4.567786693572998,-0.13886131346225739,8.326781272888184,7.867643356323242
18,76,76 (forward),Forward,False,Train,circle,decreases cell proliferation,Fitness / Proliferation / Viability,Cell-essential genes,Negative Selection,unidirectional,Knockout,Lymphoma or Leukaemia Cell Line,P31/FUJ,18580,2017,Wang T (2017),28162770,4.518208026885986,-0.1345188021659851,8.275196075439453,7.880608558654785
19,77,77 (forward),Forward,False,Train,circle,decreases cell proliferation,Fitness / Proliferation / Viability,Cell-essential genes,Negative Selection,unidirectional,Knockout,Lymphoma or Leukaemia Cell Line,PL-21,18580,2017,Wang T (2017),28162770,4.592902183532715,-0.14290867745876312,8.401409149169922,7.839954376220703
20,78,78 (forward),Forward,False,Train,circle,decreases cell proliferation,Fitness / Proliferation / Viability,Cell-essential genes,Negative Selection,unidirectional,Knockout,Lymphoma or Leukaemia Cell Line,SKM-1,18580,2017,Wang T (2017),28162770,4.614733695983887,-0.15302850306034088,8.386102676391602,7.931591987609863
21,79,79 (forward),Forward,False,Train,circle,decreases cell proliferation,Fitness / Proliferation / Viability,Cell-essential genes,Negative Selection,unidirectional,Knockout,Erythroleukemia Cell Line,TF-1,18580,2017,Wang T (2017),28162770,4.4756693840026855,-0.00958350021392107,8.318801879882812,8.200377464294434
22,80,80 (forward),Forward,False,Train,circle,decreases cell proliferation,Fitness / Proliferation / Viability,Cell-essential genes,Negative Selection,unidirectional,Knockout,Monocytic Leukemia Cell Line,THP-1,18580,2017,Wang T (2017),28162770,4.498932361602783,-0.28955599665641785,8.515936851501465,7.767273426055908
23,85,85 (forward),Forward,False,Train,circle,increases drug resistance as measured by increased cell proliferation in response to the chemical,Drug / Chemical / Environmental Response,Increased drug resistance,Positive Selection,unidirectional,Knockout,Lung Cancer Cell Line,HCC364,19684,2017,Krall EB (2017),28145866,6.2913970947265625,2.91585373878479,11.833924293518066,9.942493438720703
24,100,100 (forward),Forward,False,Train,circle,increases drug resistance as measured by increased cell proliferation,Drug / Chemical / Environmental Response,Increased drug resistance,Positive Selection,unidirectional,Knockout,Lung Cancer Cell Line,Calu-1,19498,2017,Krall EB (2017),28145866,6.068056583404541,3.602471351623535,11.774353981018066,9.880672454833984
25,101,101 (forward),Forward,False,Train,circle,increases drug resistance as measured by increased cell proliferation,Drug / Chemical / Environmental Response,Increased drug resistance,Positive Selection,unidirectional,Knockout,Lung Cancer Cell Line,NCI-H1299,19944,2017,Krall EB (2017),28145866,4.988296031951904,4.383676528930664,10.955368041992188,10.879441261291504
26,102,102 (forward),Forward,False,Train,circle,increases drug resistance as measured by increased cell proliferation,Drug / Chemical / Environmental Response,Increased drug resistance,Positive Selection,unidirectional,Knockout,Lung Cancer Cell Line,HCC364,19753,2017,Krall EB (2017),28145866,6.323124408721924,3.0538647174835205,11.722835540771484,10.022077560424805
27,103,103 (forward),Forward,False,Train,circle,decreases cell proliferation,Fitness / Proliferation / Viability,Cell-essential genes,Negative Selection,unidirectional,Knockout,Chronic Myeloid Leukemia Cell Line,KBM-7,7100,2014,Wang T (2014),24336569,4.472347259521484,-0.24917246401309967,8.228519439697266,7.848260402679443
28,104,104 (forward),Forward,False,Train,circle,decreases cell proliferation,Fitness / Proliferation / Viability,Cell-essential genes,Negative Selection,unidirectional,Knockout,Acute Myeloid Leukemia Cell Line,HL-60,7100,2014,Wang T (2014),24336569,4.315168380737305,-0.5626563429832458,8.075617790222168,7.85076379776001
29,141,141 (forward),Forward,False,Train,circle,decreases cell proliferation,Fitness / Proliferation / Viability,Cell-essential genes,Negative Selection,unidirectional,Knockout,Pancreatic Adenocarcinoma Cell Line,HPAF-II,17179,2017,Steinhart Z (2017),27869803,3.2038824558258057,-1.3244091272354126,6.66498327255249,8.049985885620117
30,142,142 (forward),Forward,False,Train,circle,decreases cell proliferation (cell fitness),Fitness / Proliferation / Viability,Cell-essential genes,Negative Selection,unidirectional,Knockout,Pancreatic Adenocarcinoma Cell Line,PaTu 8988s,17179,2017,Steinhart Z (2017),27869803,3.164808511734009,-1.363174557685852,6.66129207611084,8.025999069213867
31,143,143 (forward),Forward,False,Train,circle,decreases cell proliferation,Fitness / Proliferation / Viability,Cell-essential genes,Negative Selection,unidirectional,Knockout,Pancreatic Adenocarcinoma Cell Line,AsPC-1,17179,2017,Steinhart Z (2017),27869803,3.1205811500549316,-1.4381920099258423,6.51654052734375,8.07030963897705
32,149,149 (forward),Forward,False,Train,circle,decreases cell proliferation,Fitness / Proliferation / Viability,Cell-essential genes,Negative Selection,unidirectional,Knockout,Chronic Myeloid Leukemia Cell Line,KBM-7,18110,2015,Wang T (2015),26472758,4.530129432678223,-0.13998709619045258,8.274959564208984,7.847532272338867
33,150,150 (forward),Forward,False,Train,circle,decreases cell proliferation,Fitness / Proliferation / Viability,Cell-essential genes,Negative Selection,unidirectional,Knockout,Chronic Myeloid Leukemia Cell Line,K-562,18110,2015,Wang T (2015),26472758,4.582369327545166,-0.17147566378116608,8.285846710205078,7.832647323608398
34,151,151 (forward),Forward,False,Train,circle,decreases cell proliferation,Fitness / Proliferation / Viability,Cell-essential genes,Negative Selection,unidirectional,Knockout,Burkitt Lymphoma Cell Line,Jiyoye,18110,2015,Wang T (2015),26472758,4.5321550369262695,-0.0943969115614891,8.328432083129883,7.892629146575928
35,152,152 (forward),Forward,False,Train,circle,decreases cell proliferation,Fitness / Proliferation / Viability,Cell-essential genes,Negative Selection,unidirectional,Knockout,Burkitt Lymphoma Cell Line,Raji,18110,2015,Wang T (2015),26472758,4.487536430358887,-0.03364882990717888,8.398200988769531,7.922734260559082
36,153,153 (forward),Forward,False,Train,circle,decreases cell proliferation,Fitness / Proliferation / Viability,Cell-essential genes,Negative Selection,unidirectional,Knockout,Pre-B Acute Lymphoblastic Leukemia Cell Line,NALM-6,18825,2017,Bertomeu T (2017),29038160,4.37539529800415,0.13860338926315308,8.261102676391602,8.189643859863281
37,154,154 (forward),Forward,False,Train,circle,decreases cell proliferation,Fitness / Proliferation / Viability,Cell-essential genes,Negative Selection,unidirectional,Knockout,Colonic Adenocarcinoma Cell Line,HT-29,17966,2016,Tzelepis K (2016),27760321,-0.5329473614692688,-0.9755007028579712,7.971339702606201,3.7193801403045654
38,155,155 (forward),Forward,False,Train,circle,decreases cell proliferation,Fitness / Proliferation / Viability,Cell-essential genes,Negative Selection,unidirectional,Knockout,Acute Myeloid Leukemia Cell Line,HL-60,17966,2016,Tzelepis K (2016),27760321,-0.5787584781646729,-0.9817780256271362,7.9165215492248535,3.8024966716766357
39,156,156 (forward),Forward,False,Train,circle,decreases cell proliferation,Fitness / Proliferation / Viability,Cell-essential genes,Negative Selection,unidirectional,Knockout,Fibrosarcoma Cell Line,HT-1080,17966,2016,Tzelepis K (2016),27760321,-0.6438974142074585,-0.9404409527778625,7.95625638961792,3.6282284259796143
40,172,172 (forward),Forward,False,Train,circle,decreases BMP-2 signaling pathway activity as measured by decreased reporter expression,Molecular Output / Reporter / Pathway Activity,Positive regulators of BMP-2 signaling pathway,Phenotype Screen,unidirectional,Knockout,Embryonic Kidney Cell Line,HEK-293,18568,2017,Riba A (2017),28215525,5.101572513580322,4.4713053703308105,10.868326187133789,10.574936866760254
41,173,173 (forward),Forward,False,Train,circle,increases BMP-2 signaling activity as measured by increased reporter expression,Molecular Output / Reporter / Pathway Activity,Negative regulators of BMP-2 signaling pathway,Phenotype Screen,unidirectional,Knockout,Embryonic Kidney Cell Line,HEK-293,18568,2017,Riba A (2017),28215525,4.941192626953125,4.4810991287231445,10.621252059936523,10.71342658996582
42,174,174 (forward),Forward,False,Train,circle,decreases NFkB signaling as measured by reduced reporter expression,Molecular Output / Reporter / Pathway Activity,Positive regulators of NFkB signaling pathway,Phenotype Screen,unidirectional,Knockout,Embryonic Kidney Cell Line,HEK-293,18569,2017,Riba A (2017),28215525,5.236880779266357,2.8676719665527344,10.431499481201172,10.643827438354492
43,175,175 (forward),Forward,False,Train,circle,increases NFkB signaling activity as measured by increased NFkB reporter expression,Molecular Output / Reporter / Pathway Activity,Negative regulators of NFkB signaling pathway,Phenotype Screen,unidirectional,Knockout,Embryonic Kidney Cell Line,HEK-293,18569,2017,Riba A (2017),28215525,4.729153633117676,4.142542362213135,10.539674758911133,10.6373872756958
44,176,176 (forward),Forward,False,Train,circle,decreases NFkB signaling activity as measured by reporter expression,Molecular Output / Reporter / Pathway Activity,Positive regulators of NFkB signaling pathway,Phenotype Screen,unidirectional,Knockout,Embryonic Kidney Cell Line,HEK-293,18569,2017,Riba A (2017),28215525,5.247879981994629,2.893688201904297,10.487345695495605,10.491764068603516
45,177,177 (forward),Forward,False,Train,circle,increases NFkB signaling activity as measured by increased NFkB reporter expression,Molecular Output / Reporter / Pathway Activity,Negative regulators of NFkB signaling pathway,Phenotype Screen,unidirectional,Knockout,Embryonic Kidney Cell Line,HEK-293,18569,2017,Riba A (2017),28215525,4.76849889755249,4.08862829208374,10.577710151672363,10.694754600524902
46,179,179 (forward),Forward,False,Train,circle,decreases cell proliferation,Fitness / Proliferation / Viability,Cell-essential genes,Negative Selection,unidirectional,Knockout,Osteosarcoma Cell Line,143B,17635,2017,Meyers RM (2017),29083409,4.039358139038086,-5.246973037719727,1.0516811609268188,7.887054443359375
47,180,180 (forward),Forward,False,Train,circle,decreases cell proliferation,Fitness / Proliferation / Viability,Cell-essential genes,Negative Selection,unidirectional,Knockout,Urinary Bladder Cancer Cell Line,5637,17635,2017,Meyers RM (2017),29083409,3.75430965423584,-5.054105281829834,1.4101284742355347,7.985448837280273
48,181,181 (forward),Forward,False,Train,circle,decreases cell proliferation,Fitness / Proliferation / Viability,Cell-essential genes,Negative Selection,unidirectional,Knockout,Anaplastic Thyroid Cancer Cell Line,8305C,17635,2017,Meyers RM (2017),29083409,3.286040782928467,-5.615816593170166,1.7876582145690918,7.0565690994262695
49,184,184 (forward),Forward,False,Train,circle,decreases cell proliferation,Fitness / Proliferation / Viability,Cell-essential genes,Negative Selection,unidirectional,Knockout,Melanoma Cell Line,A2058,17635,2017,Meyers RM (2017),29083409,3.5828702449798584,-5.081944942474365,1.3339587450027466,7.914700984954834
50,185,185 (forward),Forward,False,Train,circle,decreases cell proliferation,Fitness / Proliferation / Viability,Cell-essential genes,Negative Selection,unidirectional,Knockout,Ovarian Cancer Cell Line,A2780,17635,2017,Meyers RM (2017),29083409,4.3013105392456055,-5.040383815765381,0.8124982118606567,8.299971580505371
51,186,186 (forward),Forward,False,Train,circle,decreases cell proliferation,Fitness / Proliferation / Viability,Cell-essential genes,Negative Selection,unidirectional,Knockout,Lung Cancer Cell Line,A-549,17635,2017,Meyers RM (2017),29083409,4.047535419464111,-5.061676979064941,1.254489541053772,8.104141235351562
52,187,187 (forward),Forward,False,Train,circle,decreases cell proliferation,Fitness / Proliferation / Viability,Cell-essential genes,Negative Selection,unidirectional,Knockout,Gastric Adenocarcinoma Cell Line,AGS,17635,2017,Meyers RM (2017),29083409,3.5679819583892822,-4.761007785797119,1.7795642614364624,8.304849624633789
53,188,188 (forward),Forward,False,Train,circle,decreases cell proliferation,Fitness / Proliferation / Viability,Cell-essential genes,Negative Selection,unidirectional,Knockout,Breast Cancer Cell Line,AU565,17635,2017,Meyers RM (2017),29083409,3.6737284660339355,-4.440207004547119,2.175433397293091,8.642822265625
54,189,189 (forward),Forward,False,Train,circle,decreases cell proliferation,Fitness / Proliferation / Viability,Cell-essential genes,Negative Selection,unidirectional,Knockout,Oral Squamous Cell Carcinoma Cell Line,BHY,17635,2017,Meyers RM (2017),29083409,3.249903440475464,-5.190700054168701,1.6082241535186768,7.5769147872924805
55,190,190 (forward),Forward,False,Train,circle,decreases cell proliferation,Fitness / Proliferation / Viability,Cell-essential genes,Negative Selection,unidirectional,Knockout,Tongue Cancer Cell Line,CAL-27,17635,2017,Meyers RM (2017),29083409,3.4752907752990723,-5.135564804077148,1.6730877161026,7.828027248382568
56,191,191 (forward),Forward,False,Train,circle,decreases cell proliferation,Fitness / Proliferation / Viability,Cell-essential genes,Negative Selection,unidirectional,Knockout,Ovarian Cancer Cell Line,Caov-3,17635,2017,Meyers RM (2017),29083409,3.1158688068389893,-5.212788105010986,2.0287063121795654,7.784306049346924
57,192,192 (forward),Forward,False,Train,circle,decreases cell proliferation,Fitness / Proliferation / Viability,Cell-essential genes,Negative Selection,unidirectional,Knockout,Glioblastoma Cell Line,YKG-1,17635,2017,Meyers RM (2017),29083409,4.129523277282715,-5.4544477462768555,0.7394207119941711,7.829514503479004
58,193,193 (forward),Forward,False,Train,circle,decreases cell proliferation,Fitness / Proliferation / Viability,Cell-essential genes,Negative Selection,unidirectional,Knockout,Cancer Cell Line,YAPC,17635,2017,Meyers RM (2017),29083409,3.8757736682891846,-5.336881160736084,1.547415018081665,7.888283729553223
59,194,194 (forward),Forward,False,Train,circle,decreases cell proliferation,Fitness / Proliferation / Viability,Cell-essential genes,Negative Selection,unidirectional,Knockout,Melanoma Cell Line,WM793,17635,2017,Meyers RM (2017),29083409,3.513674736022949,-4.552222728729248,2.2341811656951904,7.195155620574951
60,195,195 (forward),Forward,False,Train,circle,decreases cell proliferation,Fitness / Proliferation / Viability,Cell-essential genes,Negative Selection,unidirectional,Knockout,Melanoma Cell Line,WM266-4,17635,2017,Meyers RM (2017),29083409,3.6789562702178955,-4.38063907623291,1.7733861207962036,8.533894538879395
61,196,196 (forward),Forward,False,Train,circle,decreases cell proliferation,Fitness / Proliferation / Viability,Cell-essential genes,Negative Selection,unidirectional,Knockout,Melanoma Cell Line,WM115,17635,2017,Meyers RM (2017),29083409,3.2444348335266113,-4.261657238006592,2.6734883785247803,7.396634101867676
62,197,197 (forward),Forward,False,Train,circle,decreases cell proliferation,Fitness / Proliferation / Viability,Cell-essential genes,Negative Selection,unidirectional,Knockout,Melanoma Cell Line,UACC-62,17635,2017,Meyers RM (2017),29083409,3.2183854579925537,-4.34330415725708,2.5148022174835205,7.093045711517334
63,198,198 (forward),Forward,False,Train,circle,decreases cell proliferation,Fitness / Proliferation / Viability,Cell-essential genes,Negative Selection,unidirectional,Knockout,Melanoma Cell Line,UACC-257,17635,2017,Meyers RM (2017),29083409,3.6238105297088623,-4.482275009155273,1.7678555250167847,8.329483985900879
64,199,199 (forward),Forward,False,Train,circle,decreases cell proliferation,Fitness / Proliferation / Viability,Cell-essential genes,Negative Selection,unidirectional,Knockout,Lymphoma Cell Line,U-937,17635,2017,Meyers RM (2017),29083409,3.0692403316497803,-3.857027530670166,3.1437489986419678,8.51227855682373
65,200,200 (forward),Forward,False,Train,circle,decreases cell proliferation,Fitness / Proliferation / Viability,Cell-essential genes,Negative Selection,unidirectional,Knockout,Glioblastoma Cell Line,U-87MG ATCC,17635,2017,Meyers RM (2017),29083409,3.1701159477233887,-5.060601234436035,2.134425640106201,7.332510948181152
66,201,201 (forward),Forward,False,Train,circle,decreases cell proliferation,Fitness / Proliferation / Viability,Cell-essential genes,Negative Selection,unidirectional,Knockout,Glioma Cell Line,U-343MGa,17635,2017,Meyers RM (2017),29083409,3.419527053833008,-5.249951362609863,1.427736759185791,7.4524617195129395
67,202,202 (forward),Forward,False,Train,circle,decreases cell proliferation,Fitness / Proliferation / Viability,Cell-essential genes,Negative Selection,unidirectional,Knockout,Osteosarcoma Cell Line,U2OS,17635,2017,Meyers RM (2017),29083409,3.6197423934936523,-5.451313018798828,1.5027698278427124,7.855151176452637
68,203,203 (forward),Forward,False,Train,circle,decreases cell proliferation,Fitness / Proliferation / Viability,Cell-essential genes,Negative Selection,unidirectional,Knockout,Glioma Cell Line,U-251MG,17635,2017,Meyers RM (2017),29083409,4.010525703430176,-5.445727825164795,0.8580242395401001,7.861177921295166
69,204,204 (forward),Forward,False,Train,circle,decreases cell proliferation,Fitness / Proliferation / Viability,Cell-essential genes,Negative Selection,unidirectional,Knockout,Renal Cell Carcinoma Cell Line,TUHR4TKB,17635,2017,Meyers RM (2017),29083409,2.6042184829711914,-4.839712619781494,2.9370675086975098,7.676923751831055
70,205,205 (forward),Forward,False,Train,circle,decreases cell proliferation,Fitness / Proliferation / Viability,Cell-essential genes,Negative Selection,unidirectional,Knockout,Renal Cell Carcinoma Cell Line,TUHR10TKB,17635,2017,Meyers RM (2017),29083409,2.5373620986938477,-4.741857051849365,3.0516579151153564,7.747721195220947
71,206,206 (forward),Forward,False,Train,circle,decreases cell proliferation,Fitness / Proliferation / Viability,Cell-essential genes,Negative Selection,unidirectional,Knockout,Monocytic Leukemia Cell Line,THP-1,17635,2017,Meyers RM (2017),29083409,3.16833758354187,-4.171802520751953,2.7558181285858154,8.48408317565918
72,207,207 (forward),Forward,False,Train,circle,decreases cell proliferation,Fitness / Proliferation / Viability,Cell-essential genes,Negative Selection,unidirectional,Knockout,Glioblastoma Cell Line,8-MG-BA,17635,2017,Meyers RM (2017),29083409,3.1333980560302734,-5.634160041809082,1.6260266304016113,7.09062385559082
73,208,208 (forward),Forward,False,Train,circle,decreases cell proliferation,Fitness / Proliferation / Viability,Cell-essential genes,Negative Selection,unidirectional,Knockout,Glioblastoma Cell Line,42-MG-BA,17635,2017,Meyers RM (2017),29083409,2.6678855419158936,-4.660487651824951,2.753225326538086,7.735621452331543
74,209,209 (forward),Forward,False,Train,circle,decreases cell proliferation,Fitness / Proliferation / Viability,Cell-essential genes,Negative Selection,unidirectional,Knockout,Ovarian Cancer Cell Line,59M,17635,2017,Meyers RM (2017),29083409,3.2709054946899414,-5.649865627288818,1.4948118925094604,7.177147388458252
75,210,210 (forward),Forward,False,Train,circle,decreases cell proliferation,Fitness / Proliferation / Viability,Cell-essential genes,Negative Selection,unidirectional,Knockout,Cancer Cell Line,639V,17635,2017,Meyers RM (2017),29083409,3.81593656539917,-4.767439842224121,1.328697681427002,8.429256439208984
76,211,211 (forward),Forward,False,Train,circle,decreases cell proliferation,Fitness / Proliferation / Viability,Cell-essential genes,Negative Selection,unidirectional,Knockout,Cancer Cell Line,647V,17635,2017,Meyers RM (2017),29083409,3.8648393154144287,-4.646939277648926,1.454973816871643,8.491209983825684
77,212,212 (forward),Forward,False,Train,circle,decreases cell proliferation,Fitness / Proliferation / Viability,Cell-essential genes,Negative Selection,unidirectional,Knockout,Cancer Cell Line,769-P,17635,2017,Meyers RM (2017),29083409,3.3214426040649414,-4.981475830078125,1.83102548122406,7.49652624130249
78,213,213 (forward),Forward,False,Train,circle,decreases cell proliferation,Fitness / Proliferation / Viability,Cell-essential genes,Negative Selection,unidirectional,Knockout,Renal Cell Carcinoma Cell Line,786-O,17635,2017,Meyers RM (2017),29083409,3.274691343307495,-5.1020188331604,1.9787851572036743,7.639969825744629
79,214,214 (forward),Forward,False,Train,circle,decreases cell proliferation,Fitness / Proliferation / Viability,Cell-essential genes,Negative Selection,unidirectional,Knockout,Lung Cancer Cell Line,ABC-1,17635,2017,Meyers RM (2017),29083409,4.12175178527832,-4.904404640197754,1.1513925790786743,8.13469409942627
80,215,215 (forward),Forward,False,Train,circle,decreases cell proliferation,Fitness / Proliferation / Viability,Cell-essential genes,Negative Selection,unidirectional,Knockout,Pancreatic Adenocarcinoma Cell Line,AsPC-1,17635,2017,Meyers RM (2017),29083409,3.179358959197998,-4.655642986297607,2.2345974445343018,8.198636054992676
81,216,216 (forward),Forward,False,Train,circle,decreases cell proliferation,Fitness / Proliferation / Viability,Cell-essential genes,Negative Selection,unidirectional,Knockout,Urinary Bladder Cancer Cell Line,BC-3C,17635,2017,Meyers RM (2017),29083409,3.498974323272705,-5.292049884796143,1.4186869859695435,7.7316975593566895
82,217,217 (forward),Forward,False,Train,circle,decreases cell proliferation,Fitness / Proliferation / Viability,Cell-essential genes,Negative Selection,unidirectional,Knockout,Cancer Cell Line,BFTC-905,17635,2017,Meyers RM (2017),29083409,4.016444683074951,-5.047988414764404,1.1871337890625,8.01870059967041
83,218,218 (forward),Forward,False,Train,circle,decreases cell proliferation,Fitness / Proliferation / Viability,Cell-essential genes,Negative Selection,unidirectional,Knockout,Cancer Cell Line,BFTC-909,17635,2017,Meyers RM (2017),29083409,3.125258207321167,-5.408669948577881,1.789365291595459,7.239822864532471
84,219,219 (forward),Forward,False,Train,circle,decreases cell proliferation,Fitness / Proliferation / Viability,Cell-essential genes,Negative Selection,unidirectional,Knockout,Cancer Cell Line,BICR 22,17635,2017,Meyers RM (2017),29083409,3.1339967250823975,-5.171435832977295,2.045987129211426,7.859643936157227
85,220,220 (forward),Forward,False,Train,circle,decreases cell proliferation,Fitness / Proliferation / Viability,Cell-essential genes,Negative Selection,unidirectional,Knockout,Mammary Gland Tumor Cell Line,BT-549,17635,2017,Meyers RM (2017),29083409,4.004328727722168,-5.092511177062988,1.14011812210083,8.148541450500488
86,221,221 (forward),Forward,False,Train,circle,decreases cell proliferation,Fitness / Proliferation / Viability,Cell-essential genes,Negative Selection,unidirectional,Knockout,Pancreatic Ductal Adenocarcinoma Cell Line,CFPAC-1,17635,2017,Meyers RM (2017),29083409,3.9310410022735596,-5.527724742889404,1.0493532419204712,7.7169389724731445
87,222,222 (forward),Forward,False,Train,circle,decreases cell proliferation,Fitness / Proliferation / Viability,Cell-essential genes,Negative Selection,unidirectional,Knockout,Breast Cancer Cell Line,ZR-75-1,17637,2017,Meyers RM (2017),29083409,3.5702762603759766,-4.523425102233887,2.113947629928589,8.428667068481445
88,223,223 (forward),Forward,False,Train,circle,decreases cell proliferation,Fitness / Proliferation / Viability,Cell-essential genes,Negative Selection,unidirectional,Knockout,Melanoma Cell Line,WM983B,17637,2017,Meyers RM (2017),29083409,3.2514536380767822,-4.27034854888916,2.691432476043701,7.316717147827148
89,224,224 (forward),Forward,False,Train,circle,decreases cell proliferation,Fitness / Proliferation / Viability,Cell-essential genes,Negative Selection,unidirectional,Knockout,Bladder Carcinoma,VM-CUB-1,17637,2017,Meyers RM (2017),29083409,4.092141628265381,-5.37022590637207,0.8607991933822632,7.953607559204102
90,225,225 (forward),Forward,False,Train,circle,decreases cell proliferation,Fitness / Proliferation / Viability,Cell-essential genes,Negative Selection,unidirectional,Knockout,Bladder Transitional Cell Carcinoma Cell Line,UM-UC-3,17637,2017,Meyers RM (2017),29083409,3.570692300796509,-5.065773963928223,1.908650517463684,8.103915214538574
91,226,226 (forward),Forward,False,Train,circle,decreases cell proliferation,Fitness / Proliferation / Viability,Cell-essential genes,Negative Selection,unidirectional,Knockout,Medulloblastoma Cell Line,D283 Med,17637,2017,Meyers RM (2017),29083409,2.847817897796631,-4.098674297332764,3.110154628753662,8.32794189453125
92,227,227 (forward),Forward,False,Train,circle,decreases cell proliferation,Fitness / Proliferation / Viability,Cell-essential genes,Negative Selection,unidirectional,Knockout,Ovary Adenocarcinoma Cell Line,EFO-27,17637,2017,Meyers RM (2017),29083409,4.094466209411621,-4.860876560211182,1.0503171682357788,8.274616241455078
93,228,228 (forward),Forward,False,Train,circle,decreases cell proliferation,Fitness / Proliferation / Viability,Cell-essential genes,Negative Selection,unidirectional,Knockout,Ovarian Cancer Cell Line,ES-2,17637,2017,Meyers RM (2017),29083409,3.8633480072021484,-5.660567760467529,0.9098426699638367,7.636850833892822
94,229,229 (forward),Forward,False,Train,circle,decreases cell proliferation,Fitness / Proliferation / Viability,Cell-essential genes,Negative Selection,unidirectional,Knockout,Meningioma Cell Line,F5,17637,2017,Meyers RM (2017),29083409,4.128604888916016,-4.760216236114502,1.6243730783462524,8.591163635253906
95,230,230 (forward),Forward,False,Train,circle,decreases cell proliferation,Fitness / Proliferation / Viability,Cell-essential genes,Negative Selection,unidirectional,Knockout,Gastric Cancer Cell Line,Fu97,17637,2017,Meyers RM (2017),29083409,2.8760135173797607,-4.699278354644775,2.5312342643737793,7.909495830535889
96,232,232 (forward),Forward,False,Train,circle,decreases cell proliferation,Fitness / Proliferation / Viability,Cell-essential genes,Negative Selection,unidirectional,Knockout,Glioma Cell Line,H4,17637,2017,Meyers RM (2017),29083409,2.912855386734009,-5.0798420906066895,2.185710906982422,7.450867176055908
97,233,233 (forward),Forward,False,Train,circle,decreases cell proliferation,Fitness / Proliferation / Viability,Cell-essential genes,Negative Selection,unidirectional,Knockout,Mammary Gland Tumor Cell Line,HCC1395,17637,2017,Meyers RM (2017),29083409,2.832399845123291,-4.821434497833252,2.6535189151763916,7.752673149108887
98,234,234 (forward),Forward,False,Train,circle,decreases cell proliferation,Fitness / Proliferation / Viability,Cell-essential genes,Negative Selection,unidirectional,Knockout,Mammary Gland Tumor Cell Line,HCC1937,17637,2017,Meyers RM (2017),29083409,3.887917995452881,-5.146946907043457,1.4870402812957764,7.937325477600098
99,235,235 (forward),Forward,False,Train,circle,decreases cell proliferation,Fitness / Proliferation / Viability,Cell-essential genes,Negative Selection,unidirectional,Knockout,Breast Cancer Cell Line,HCC1954,17637,2017,Meyers RM (2017),29083409,3.3111891746520996,-4.915482044219971,1.9101207256317139,7.972928047180176
100,236,236 (forward),Forward,False,Train,circle,decreases cell proliferation,Fitness / Proliferation / Viability,Cell-essential genes,Negative Selection,unidirectional,Knockout,Non-Small Cell Lung Adenocarcinoma Cell Line,HCC827,17637,2017,Meyers RM (2017),29083409,3.902176856994629,-5.255565166473389,1.0009454488754272,8.001712799072266
101,237,237 (forward),Forward,False,Train,circle,decreases cell proliferation,Fitness / Proliferation / Viability,Cell-essential genes,Negative Selection,unidirectional,Knockout,Lung Squamous Cell Carcinoma Cell Line,HCC95,17637,2017,Meyers RM (2017),29083409,3.810649871826172,-4.484105110168457,1.691808819770813,8.781929016113281
102,238,238 (forward),Forward,False,Train,circle,decreases cell proliferation,Fitness / Proliferation / Viability,Cell-essential genes,Negative Selection,unidirectional,Knockout,Uterine Adenocarcinoma Cell Line,HEC-1-A,17637,2017,Meyers RM (2017),29083409,3.482957601547241,-4.747309684753418,1.891573190689087,8.17672348022461
103,239,239 (forward),Forward,False,Train,circle,decreases cell proliferation,Fitness / Proliferation / Viability,Cell-essential genes,Negative Selection,unidirectional,Knockout,Uterine Adenocarcinoma Cell Line,HEC-1-B,17637,2017,Meyers RM (2017),29083409,3.21620512008667,-5.7170820236206055,1.560037612915039,7.012261867523193
104,240,240 (forward),Forward,False,Train,circle,decreases cell proliferation,Fitness / Proliferation / Viability,Cell-essential genes,Negative Selection,unidirectional,Knockout,Non-Small Cell Lung Adenocarcinoma Cell Line,HOP-62,17637,2017,Meyers RM (2017),29083409,3.6488733291625977,-5.577868461608887,1.3727424144744873,7.618691921234131
105,241,241 (forward),Forward,False,Train,circle,decreases cell proliferation,Fitness / Proliferation / Viability,Cell-essential genes,Negative Selection,unidirectional,Knockout,Pancreatic Cancer Cell Line,Hs 766T,17637,2017,Meyers RM (2017),29083409,4.021744251251221,-5.424907207489014,1.1290591955184937,7.748767852783203
106,242,242 (forward),Forward,False,Train,circle,decreases cell proliferation,Fitness / Proliferation / Viability,Cell-essential genes,Negative Selection,unidirectional,Knockout,Colonic Cancer Cell Line,HT115,17637,2017,Meyers RM (2017),29083409,3.8853306770324707,-5.199357986450195,0.9895774722099304,7.9851179122924805
107,243,243 (forward),Forward,False,Train,circle,decreases cell proliferation,Fitness / Proliferation / Viability,Cell-essential genes,Negative Selection,unidirectional,Knockout,Urinary Bladder Cancer Cell Line,HT-1197,17637,2017,Meyers RM (2017),29083409,3.6478006839752197,-5.0457963943481445,1.6712478399276733,8.065997123718262
108,244,244 (forward),Forward,False,Train,circle,decreases cell proliferation,Fitness / Proliferation / Viability,Cell-essential genes,Negative Selection,unidirectional,Knockout,Urinary Bladder Cancer Cell Line,HT-1376,17637,2017,Meyers RM (2017),29083409,3.0474631786346436,-4.826735496520996,2.3597540855407715,8.06230640411377
109,245,245 (forward),Forward,False,Train,circle,decreases cell proliferation,Fitness / Proliferation / Viability,Cell-essential genes,Negative Selection,unidirectional,Knockout,Melanoma Cell Line,IPC-298,17637,2017,Meyers RM (2017),29083409,4.0591912269592285,-4.797637939453125,1.2121436595916748,8.178033828735352
110,246,246 (forward),Forward,False,Train,circle,decreases cell proliferation,Fitness / Proliferation / Viability,Cell-essential genes,Negative Selection,unidirectional,Knockout,Colonic Cancer Cell Line,KM12,17637,2017,Meyers RM (2017),29083409,3.9436566829681396,-4.932717323303223,1.1250336170196533,8.44612979888916
111,247,247 (forward),Forward,False,Train,circle,decreases cell proliferation,Fitness / Proliferation / Viability,Cell-essential genes,Negative Selection,unidirectional,Knockout,Melanoma Cell Line,IGR-39,17637,2017,Meyers RM (2017),29083409,2.8878347873687744,-5.572264194488525,1.9417898654937744,6.891964435577393
112,248,248 (forward),Forward,False,Train,circle,decreases cell proliferation,Fitness / Proliferation / Viability,Cell-essential genes,Negative Selection,unidirectional,Knockout,Colonic Adenocarcinoma Cell Line,HCC-56,17637,2017,Meyers RM (2017),29083409,3.2796146869659424,-4.56608772277832,2.311974048614502,8.317818641662598
113,249,249 (forward),Forward,False,Train,circle,decreases cell proliferation,Fitness / Proliferation / Viability,Cell-essential genes,Negative Selection,unidirectional,Knockout,Breast Cancer Cell Line,HCC202,17637,2017,Meyers RM (2017),29083409,2.6508235931396484,-4.690639495849609,2.907419204711914,7.789308547973633
114,250,250 (forward),Forward,False,Train,circle,decreases cell proliferation,Fitness / Proliferation / Viability,Cell-essential genes,Negative Selection,unidirectional,Knockout,Breast Cancer Cell Line,HCC1143,17637,2017,Meyers RM (2017),29083409,3.496999502182007,-4.7744574546813965,1.9118918180465698,8.30178165435791
115,251,251 (forward),Forward,False,Train,circle,decreases cell proliferation,Fitness / Proliferation / Viability,Cell-essential genes,Negative Selection,unidirectional,Knockout,Lung Cancer Cell Line,HCC1359,17637,2017,Meyers RM (2017),29083409,3.1415724754333496,-5.658942222595215,1.5868558883666992,7.080000400543213
116,252,252 (forward),Forward,False,Train,circle,decreases cell proliferation,Fitness / Proliferation / Viability,Cell-essential genes,Negative Selection,unidirectional,Knockout,Cancer Cell Line,HCC1419,17637,2017,Meyers RM (2017),29083409,2.7525153160095215,-4.575743198394775,2.9531681537628174,7.896487236022949
117,253,253 (forward),Forward,False,Train,circle,decreases cell proliferation,Fitness / Proliferation / Viability,Cell-essential genes,Negative Selection,unidirectional,Knockout,Breast Cancer Cell Line,HCC1428,17637,2017,Meyers RM (2017),29083409,3.3917360305786133,-4.418393611907959,2.290174961090088,8.466374397277832
118,254,254 (forward),Forward,False,Train,circle,decreases cell proliferation,Fitness / Proliferation / Viability,Cell-essential genes,Negative Selection,unidirectional,Knockout,Lung Cancer Cell Line,HCC15,17637,2017,Meyers RM (2017),29083409,3.155057191848755,-4.790040493011475,2.3186569213867188,8.101263999938965
119,255,255 (forward),Forward,False,Train,circle,decreases cell proliferation,Fitness / Proliferation / Viability,Cell-essential genes,Negative Selection,unidirectional,Knockout,Cancer Cell Line,HCC1806,17637,2017,Meyers RM (2017),29083409,3.415536880493164,-5.547281265258789,1.3859314918518066,7.360043525695801
120,256,256 (forward),Forward,False,Train,circle,decreases cell proliferation,Fitness / Proliferation / Viability,Cell-essential genes,Negative Selection,unidirectional,Knockout,Gastric Cancer Cell Line,HGC-27,17637,2017,Meyers RM (2017),29083409,3.1924099922180176,-5.377170562744141,1.8629229068756104,7.258986473083496
121,257,257 (forward),Forward,False,Train,circle,decreases cell proliferation,Fitness / Proliferation / Viability,Cell-essential genes,Negative Selection,unidirectional,Knockout,Hepatocellular Carcinoma,HLF,17637,2017,Meyers RM (2017),29083409,3.1661367416381836,-5.784982681274414,1.4578315019607544,7.0102410316467285
122,258,258 (forward),Forward,False,Train,circle,decreases cell proliferation,Fitness / Proliferation / Viability,Cell-essential genes,Negative Selection,unidirectional,Knockout,Breast Cancer Cell Line,HMC-1-8,17637,2017,Meyers RM (2017),29083409,3.961425304412842,-4.91842794418335,1.4597907066345215,7.955408573150635
123,259,259 (forward),Forward,False,Train,circle,decreases cell proliferation,Fitness / Proliferation / Viability,Cell-essential genes,Negative Selection,unidirectional,Knockout,Melanoma Cell Line,Hs 294T,17637,2017,Meyers RM (2017),29083409,3.981175661087036,-4.646360874176025,1.5659146308898926,8.456175804138184
124,260,260 (forward),Forward,False,Train,circle,decreases cell proliferation,Fitness / Proliferation / Viability,Cell-essential genes,Negative Selection,unidirectional,Knockout,Mammary Gland Tumor Cell Line,Hs 578T,17637,2017,Meyers RM (2017),29083409,3.884036064147949,-5.729255199432373,1.0038565397262573,7.552513122558594
125,261,261 (forward),Forward,False,Train,circle,decreases cell proliferation,Fitness / Proliferation / Viability,Cell-essential genes,Negative Selection,unidirectional,Knockout,Glioma Cell Line,Hs 683,17637,2017,Meyers RM (2017),29083409,3.1795287132263184,-5.773841857910156,1.6368162631988525,7.199621200561523
126,262,262 (forward),Forward,False,Train,circle,decreases cell proliferation,Fitness / Proliferation / Viability,Cell-essential genes,Negative Selection,unidirectional,Knockout,Melanoma Cell Line,Hs 695T,17637,2017,Meyers RM (2017),29083409,3.0971617698669434,-4.32860803604126,2.5601518154144287,7.155716896057129
127,263,263 (forward),Forward,False,Train,circle,decreases cell proliferation,Fitness / Proliferation / Viability,Cell-essential genes,Negative Selection,unidirectional,Knockout,Rhabdomyosarcoma Cell Line,Hs 729.T,17637,2017,Meyers RM (2017),29083409,3.734614133834839,-5.589313983917236,1.2061195373535156,7.595498085021973
128,264,264 (forward),Forward,False,Train,circle,decreases cell proliferation,Fitness / Proliferation / Viability,Cell-essential genes,Negative Selection,unidirectional,Knockout,Melanoma Cell Line,Hs 944.T,17637,2017,Meyers RM (2017),29083409,3.229442834854126,-5.516377925872803,1.5850021839141846,7.222189426422119
129,265,265 (forward),Forward,False,Train,circle,decreases cell proliferation,Fitness / Proliferation / Viability,Cell-essential genes,Negative Selection,unidirectional,Knockout,Oral Squamous Cell Carcinoma Cell Line,HSC-3,17637,2017,Meyers RM (2017),29083409,2.737820625305176,-5.3449625968933105,2.0949535369873047,7.149045467376709
130,266,266 (forward),Forward,False,Train,circle,decreases cell proliferation,Fitness / Proliferation / Viability,Cell-essential genes,Negative Selection,unidirectional,Knockout,Fibrosarcoma Cell Line,HT-1080,17637,2017,Meyers RM (2017),29083409,3.873430013656616,-5.421057224273682,1.0254018306732178,7.604739189147949
131,267,267 (forward),Forward,False,Train,circle,decreases cell proliferation,Fitness / Proliferation / Viability,Cell-essential genes,Negative Selection,unidirectional,Knockout,Melanoma Cell Line,HT-144,17637,2017,Meyers RM (2017),29083409,3.204258918762207,-4.180226802825928,2.7363922595977783,7.314828872680664
132,268,268 (forward),Forward,False,Train,circle,decreases cell proliferation,Fitness / Proliferation / Viability,Cell-essential genes,Negative Selection,unidirectional,Knockout,Colorectal Cancer Cell Line,HT-55,17637,2017,Meyers RM (2017),29083409,3.632730007171631,-4.586568832397461,1.7826937437057495,8.492209434509277
133,269,269 (forward),Forward,False,Train,circle,decreases cell proliferation,Fitness / Proliferation / Viability,Cell-essential genes,Negative Selection,unidirectional,Knockout,Hepatoma Cell Line,HuH-1,17637,2017,Meyers RM (2017),29083409,3.2228214740753174,-5.45970344543457,1.5275441408157349,7.202187538146973
134,270,270 (forward),Forward,False,Train,circle,decreases cell proliferation,Fitness / Proliferation / Viability,Cell-essential genes,Negative Selection,unidirectional,Knockout,Hepatoblastoma Cell Line,HuH-6,17637,2017,Meyers RM (2017),29083409,3.4500887393951416,-4.910711288452148,1.7206618785858154,7.889371395111084
135,271,271 (forward),Forward,False,Train,circle,decreases cell proliferation,Fitness / Proliferation / Viability,Cell-essential genes,Negative Selection,unidirectional,Knockout,Hepatoma Cell Line,HuH-7,17637,2017,Meyers RM (2017),29083409,3.6423707008361816,-4.807319641113281,1.6557389497756958,8.432748794555664
136,272,272 (forward),Forward,False,Train,circle,decreases cell proliferation,Fitness / Proliferation / Viability,Cell-essential genes,Negative Selection,unidirectional,Knockout,Cancer Cell Line,HuP-T3,17637,2017,Meyers RM (2017),29083409,4.213784694671631,-4.867339134216309,1.2955905199050903,8.364598274230957
137,273,273 (forward),Forward,False,Train,circle,decreases cell proliferation,Fitness / Proliferation / Viability,Cell-essential genes,Negative Selection,unidirectional,Knockout,Melanoma Cell Line,IGR-1,17637,2017,Meyers RM (2017),29083409,4.007659912109375,-4.6123948097229,1.411048173904419,8.6492338180542
138,274,274 (forward),Forward,False,Train,circle,decreases cell proliferation,Fitness / Proliferation / Viability,Cell-essential genes,Negative Selection,unidirectional,Knockout,Neuroblastoma Cell Line,IMR-32,17637,2017,Meyers RM (2017),29083409,2.548417568206787,-4.504019260406494,3.1463875770568848,7.885962963104248
139,275,275 (forward),Forward,False,Train,circle,decreases cell proliferation,Fitness / Proliferation / Viability,Cell-essential genes,Negative Selection,unidirectional,Knockout,Melanoma Cell Line,CJM,17637,2017,Meyers RM (2017),29083409,3.6896626949310303,-5.2795634269714355,1.2355703115463257,7.798422336578369
140,276,276 (forward),Forward,False,Train,circle,decreases cell proliferation,Fitness / Proliferation / Viability,Cell-essential genes,Negative Selection,unidirectional,Knockout,Cancer Cell Line,D341 Med,17637,2017,Meyers RM (2017),29083409,2.8095974922180176,-4.489884853363037,2.8630504608154297,8.261527061462402
141,277,277 (forward),Forward,False,Train,circle,decreases cell proliferation,Fitness / Proliferation / Viability,Cell-essential genes,Negative Selection,unidirectional,Knockout,Cancer Cell Line,DAN-G,17637,2017,Meyers RM (2017),29083409,3.8583574295043945,-5.292827606201172,0.9995498657226562,7.897288799285889
142,278,278 (forward),Forward,False,Train,circle,decreases cell proliferation,Fitness / Proliferation / Viability,Cell-essential genes,Negative Selection,unidirectional,Knockout,Medulloblastoma Cell Line,Daoy,17637,2017,Meyers RM (2017),29083409,3.5314104557037354,-5.695348262786865,1.1498734951019287,7.453341484069824
143,279,279 (forward),Forward,False,Train,circle,decreases cell proliferation,Fitness / Proliferation / Viability,Cell-essential genes,Negative Selection,unidirectional,Knockout,Lymphoma or Leukaemia Cell Line,Detroit 562,17637,2017,Meyers RM (2017),29083409,2.6883599758148193,-4.745598793029785,2.9229118824005127,7.7646164894104
144,280,280 (forward),Forward,False,Train,circle,decreases cell proliferation,Fitness / Proliferation / Viability,Cell-essential genes,Negative Selection,unidirectional,Knockout,Glioblastoma Cell Line,DK-MG,17637,2017,Meyers RM (2017),29083409,2.9424283504486084,-4.9782280921936035,2.2870984077453613,7.511907577514648
145,281,281 (forward),Forward,False,Train,circle,decreases cell proliferation,Fitness / Proliferation / Viability,Cell-essential genes,Negative Selection,unidirectional,Knockout,Colonic Adenocarcinoma Cell Line,DLD-1,17637,2017,Meyers RM (2017),29083409,4.076263904571533,-4.4010701179504395,1.4639027118682861,8.713891983032227
146,282,282 (forward),Forward,False,Train,circle,decreases cell proliferation,Fitness / Proliferation / Viability,Cell-essential genes,Negative Selection,unidirectional,Knockout,Breast Cancer Cell Line,DU4475,17637,2017,Meyers RM (2017),29083409,2.647001266479492,-4.235070705413818,3.249983310699463,8.203465461730957
147,283,283 (forward),Forward,False,Train,circle,decreases cell proliferation,Fitness / Proliferation / Viability,Cell-essential genes,Negative Selection,unidirectional,Knockout,Breast Cancer Cell Line,EFM-19,17637,2017,Meyers RM (2017),29083409,3.6567776203155518,-4.495455265045166,1.9730926752090454,8.608748435974121
148,284,284 (forward),Forward,False,Train,circle,decreases cell proliferation,Fitness / Proliferation / Viability,Cell-essential genes,Negative Selection,unidirectional,Knockout,Ovary Adenocarcinoma Cell Line,EFO-21,17637,2017,Meyers RM (2017),29083409,2.983916997909546,-5.09045934677124,2.3043651580810547,8.098273277282715
149,285,285 (forward),Forward,False,Train,circle,decreases cell proliferation,Fitness / Proliferation / Viability,Cell-essential genes,Negative Selection,unidirectional,Knockout,Non-Small Cell Lung Adenocarcinoma Cell Line,EKVX,17637,2017,Meyers RM (2017),29083409,3.5896639823913574,-4.986279010772705,1.7502480745315552,8.013461112976074
150,286,286 (forward),Forward,False,Train,circle,decreases cell proliferation,Fitness / Proliferation / Viability,Cell-essential genes,Negative Selection,unidirectional,Knockout,Cancer Cell Line,EPLC-272H,17637,2017,Meyers RM (2017),29083409,2.8845643997192383,-4.9290571212768555,2.3070642948150635,7.7187323570251465
151,287,287 (forward),Forward,False,Train,circle,decreases cell proliferation,Fitness / Proliferation / Viability,Cell-essential genes,Negative Selection,unidirectional,Knockout,Endometrial Cancer Cell Line,ESS-1,17637,2017,Meyers RM (2017),29083409,3.821626663208008,-5.200952529907227,0.9539440274238586,8.04546070098877
152,288,288 (forward),Forward,False,Train,circle,decreases cell proliferation,Fitness / Proliferation / Viability,Cell-essential genes,Negative Selection,unidirectional,Knockout,Hypopharyngeal Squamous Cell Carcinoma Cell Line,FaDu,17637,2017,Meyers RM (2017),29083409,3.2385904788970947,-4.843413352966309,2.138051748275757,8.460108757019043
153,289,289 (forward),Forward,False,Train,circle,decreases cell proliferation,Fitness / Proliferation / Viability,Cell-essential genes,Negative Selection,unidirectional,Knockout,Osteosarcoma Cell Line,G-292 clone A141B1,17637,2017,Meyers RM (2017),29083409,2.9565701484680176,-5.593781471252441,1.9713867902755737,7.066104888916016
154,290,290 (forward),Forward,False,Train,circle,decreases cell proliferation,Fitness / Proliferation / Viability,Cell-essential genes,Negative Selection,unidirectional,Knockout,Glioblastoma Cell Line,GaMG,17637,2017,Meyers RM (2017),29083409,3.060575008392334,-5.388485431671143,1.777625560760498,7.394878387451172
155,291,291 (forward),Forward,False,Train,circle,decreases cell proliferation,Fitness / Proliferation / Viability,Cell-essential genes,Negative Selection,unidirectional,Knockout,Glioblastoma Cell Line,GB-1,17637,2017,Meyers RM (2017),29083409,4.226696491241455,-5.325031280517578,0.7501194477081299,8.082608222961426
156,292,292 (forward),Forward,False,Train,circle,decreases cell proliferation,Fitness / Proliferation / Viability,Cell-essential genes,Negative Selection,unidirectional,Knockout,Gastric Adenocarcinoma Cell Line,GCIY,17637,2017,Meyers RM (2017),29083409,4.228956699371338,-5.027063846588135,1.001478672027588,8.305355072021484
157,293,293 (forward),Forward,False,Train,circle,decreases cell proliferation,Fitness / Proliferation / Viability,Cell-essential genes,Negative Selection,unidirectional,Knockout,Gliosarcoma,GI-1,17637,2017,Meyers RM (2017),29083409,3.478473424911499,-5.433533668518066,1.3423877954483032,7.455323219299316
158,294,294 (forward),Forward,False,Train,circle,decreases cell proliferation,Fitness / Proliferation / Viability,Cell-essential genes,Negative Selection,unidirectional,Knockout,Gastric Cancer Cell Line,GSS,17637,2017,Meyers RM (2017),29083409,3.542374610900879,-4.744286060333252,1.7718039751052856,8.296751976013184
159,295,295 (forward),Forward,False,Train,circle,decreases cell proliferation,Fitness / Proliferation / Viability,Cell-essential genes,Negative Selection,unidirectional,Knockout,Hepatoma Cell Line,JHH-1,17637,2017,Meyers RM (2017),29083409,3.4053871631622314,-4.875451564788818,2.0172245502471924,8.143367767333984
160,296,296 (forward),Forward,False,Train,circle,decreases cell proliferation,Fitness / Proliferation / Viability,Cell-essential genes,Negative Selection,unidirectional,Knockout,Hepatoma Cell Line,JHH-4,17637,2017,Meyers RM (2017),29083409,3.595876455307007,-4.997336387634277,1.9218337535858154,8.006653785705566
161,297,297 (forward),Forward,False,Train,circle,decreases cell proliferation,Fitness / Proliferation / Viability,Cell-essential genes,Negative Selection,unidirectional,Knockout,Hepatoma Cell Line,JHH-5,17637,2017,Meyers RM (2017),29083409,3.9844930171966553,-4.786444187164307,1.1687002182006836,8.265571594238281
162,298,298 (forward),Forward,False,Train,circle,decreases cell proliferation,Fitness / Proliferation / Viability,Cell-essential genes,Negative Selection,unidirectional,Knockout,Hepatoma Cell Line,JHH-7,17637,2017,Meyers RM (2017),29083409,4.308749198913574,-4.889127731323242,0.8045610785484314,8.401611328125
163,299,299 (forward),Forward,False,Train,circle,decreases cell proliferation,Fitness / Proliferation / Viability,Cell-essential genes,Negative Selection,unidirectional,Knockout,Ovary Adenocarcinoma Cell Line,JHOC-5,17637,2017,Meyers RM (2017),29083409,3.733025312423706,-5.502598762512207,1.0631011724472046,7.722198486328125
164,300,300 (forward),Forward,False,Train,circle,decreases cell proliferation,Fitness / Proliferation / Viability,Cell-essential genes,Negative Selection,unidirectional,Knockout,Ovary Adenocarcinoma Cell Line,JHOM-1,17637,2017,Meyers RM (2017),29083409,2.9541099071502686,-5.642416000366211,1.883405327796936,7.007318019866943
165,301,301 (forward),Forward,False,Train,circle,decreases cell proliferation,Fitness / Proliferation / Viability,Cell-essential genes,Negative Selection,unidirectional,Knockout,Ovary Adenocarcinoma Cell Line,JHOS-2,17637,2017,Meyers RM (2017),29083409,2.959430456161499,-5.378159523010254,2.023057460784912,7.268851280212402
166,302,302 (forward),Forward,False,Train,circle,decreases cell proliferation,Fitness / Proliferation / Viability,Cell-essential genes,Negative Selection,unidirectional,Knockout,Ovary Adenocarcinoma Cell Line,JHOS-4,17637,2017,Meyers RM (2017),29083409,3.669545888900757,-5.096678256988525,1.5200247764587402,8.18202018737793
167,303,303 (forward),Forward,False,Train,circle,decreases cell proliferation,Fitness / Proliferation / Viability,Cell-essential genes,Negative Selection,unidirectional,Knockout,Mammary Gland Tumor Cell Line,JIMT-1,17637,2017,Meyers RM (2017),29083409,3.8521010875701904,-4.588594913482666,1.658755898475647,8.444994926452637
168,304,304 (forward),Forward,False,Train,circle,decreases cell proliferation,Fitness / Proliferation / Viability,Cell-essential genes,Negative Selection,unidirectional,Knockout,Bladder Carcinoma,JMSU-1,17637,2017,Meyers RM (2017),29083409,3.283092975616455,-4.144608020782471,2.5650367736816406,8.420485496520996
169,305,305 (forward),Forward,False,Train,circle,decreases cell proliferation,Fitness / Proliferation / Viability,Cell-essential genes,Negative Selection,unidirectional,Knockout,Lung Squamous Cell Carcinoma Cell Line,HARA,17637,2017,Meyers RM (2017),29083409,4.012430191040039,-4.551177978515625,1.417626142501831,8.65738582611084
170,306,306 (forward),Forward,False,Train,circle,decreases cell proliferation,Fitness / Proliferation / Viability,Cell-essential genes,Negative Selection,unidirectional,Knockout,Hypopharyngeal Squamous Cell Carcinoma Cell Line,BICR 6,17637,2017,Meyers RM (2017),29083409,3.9055981636047363,-5.041113376617432,1.292363166809082,8.085453987121582
171,307,307 (forward),Forward,False,Train,circle,decreases cell proliferation,Fitness / Proliferation / Viability,Cell-essential genes,Negative Selection,unidirectional,Knockout,Endometrial Cancer Cell Line,HEC-251,17637,2017,Meyers RM (2017),29083409,3.1212074756622314,-4.59097957611084,2.5348591804504395,8.145299911499023
172,308,308 (forward),Forward,False,Train,circle,decreases cell proliferation,Fitness / Proliferation / Viability,Cell-essential genes,Negative Selection,unidirectional,Knockout,Endometrial Cancer Cell Line,HEC-50B,17637,2017,Meyers RM (2017),29083409,4.073006629943848,-4.579407215118408,1.4244400262832642,8.729515075683594
173,309,309 (forward),Forward,False,Train,circle,decreases cell proliferation,Fitness / Proliferation / Viability,Cell-essential genes,Negative Selection,unidirectional,Knockout,Endometrial Cancer Cell Line,HEC-59,17637,2017,Meyers RM (2017),29083409,3.184537649154663,-4.302426338195801,2.718597173690796,8.133057594299316
174,310,310 (forward),Forward,False,Train,circle,decreases cell proliferation,Fitness / Proliferation / Viability,Cell-essential genes,Negative Selection,unidirectional,Knockout,Ovarian Cancer Cell Line,HEY A8,17637,2017,Meyers RM (2017),29083409,3.8688571453094482,-5.7235331535339355,0.9529316425323486,7.490250587463379
175,311,311 (forward),Forward,False,Train,circle,decreases cell proliferation,Fitness / Proliferation / Viability,Cell-essential genes,Negative Selection,unidirectional,Knockout,Melanoma Cell Line,K029AX,17637,2017,Meyers RM (2017),29083409,3.5333526134490967,-4.479344844818115,2.442857265472412,8.31355094909668
176,312,312 (forward),Forward,False,Train,circle,decreases cell proliferation,Fitness / Proliferation / Viability,Cell-essential genes,Negative Selection,unidirectional,Knockout,Glioblastoma Cell Line,KALS-1,17637,2017,Meyers RM (2017),29083409,3.7551870346069336,-5.451438903808594,1.139628291130066,7.549264430999756
177,313,313 (forward),Forward,False,Train,circle,decreases cell proliferation,Fitness / Proliferation / Viability,Cell-essential genes,Negative Selection,unidirectional,Knockout,T-lymphoma cell line,Karpas-299,17637,2017,Meyers RM (2017),29083409,3.130897045135498,-4.010136604309082,2.8202779293060303,8.609781265258789
178,314,314 (forward),Forward,False,Train,circle,decreases cell proliferation,Fitness / Proliferation / Viability,Cell-essential genes,Negative Selection,unidirectional,Knockout,Neuroblastoma Cell Line,Kelly,17637,2017,Meyers RM (2017),29083409,3.688737154006958,-4.226524829864502,1.6301696300506592,8.693281173706055
179,315,315 (forward),Forward,False,Train,circle,decreases cell proliferation,Fitness / Proliferation / Viability,Cell-essential genes,Negative Selection,unidirectional,Knockout,T-lymphoma cell line,Ki-JK,17637,2017,Meyers RM (2017),29083409,3.097874402999878,-4.047758102416992,2.727597951889038,8.601734161376953
180,316,316 (forward),Forward,False,Train,circle,decreases cell proliferation,Fitness / Proliferation / Viability,Cell-essential genes,Negative Selection,unidirectional,Knockout,Endometrial Cancer Cell Line,KLE,17637,2017,Meyers RM (2017),29083409,2.6275393962860107,-4.677750110626221,2.8857123851776123,7.630678176879883
181,317,317 (forward),Forward,False,Train,circle,decreases cell proliferation,Fitness / Proliferation / Viability,Cell-essential genes,Negative Selection,unidirectional,Knockout,Urinary Bladder Cancer Cell Line,KMBC-2,17637,2017,Meyers RM (2017),29083409,3.9314680099487305,-4.933691024780273,1.3985551595687866,8.1156005859375
182,318,318 (forward),Forward,False,Train,circle,decreases cell proliferation,Fitness / Proliferation / Viability,Cell-essential genes,Negative Selection,unidirectional,Knockout,Renal Cell Carcinoma Cell Line,KMRC-1,17637,2017,Meyers RM (2017),29083409,3.2867701053619385,-5.086894989013672,1.8531936407089233,7.444272994995117
183,319,319 (forward),Forward,False,Train,circle,decreases cell proliferation,Fitness / Proliferation / Viability,Cell-essential genes,Negative Selection,unidirectional,Knockout,Renal Cancer Cell Line,KMRC-20,17637,2017,Meyers RM (2017),29083409,3.153757333755493,-5.468086242675781,1.6643714904785156,7.283163547515869
184,320,320 (forward),Forward,False,Train,circle,decreases cell proliferation,Fitness / Proliferation / Viability,Cell-essential genes,Negative Selection,unidirectional,Knockout,Glioblastoma Cell Line,KNS-42,17637,2017,Meyers RM (2017),29083409,2.5952067375183105,-4.697056293487549,3.052163600921631,7.762950897216797
185,321,321 (forward),Forward,False,Train,circle,decreases cell proliferation,Fitness / Proliferation / Viability,Cell-essential genes,Negative Selection,unidirectional,Knockout,Glioma Cell Line,KNS-60,17637,2017,Meyers RM (2017),29083409,3.0145132541656494,-5.135170936584473,2.0963900089263916,7.752075672149658
186,322,322 (forward),Forward,False,Train,circle,decreases cell proliferation,Fitness / Proliferation / Viability,Cell-essential genes,Negative Selection,unidirectional,Knockout,Lung Cancer Cell Line,KNS-62,17637,2017,Meyers RM (2017),29083409,4.3130083084106445,-5.117458820343018,0.8423489928245544,8.352805137634277
187,323,323 (forward),Forward,False,Train,circle,decreases cell proliferation,Fitness / Proliferation / Viability,Cell-essential genes,Negative Selection,unidirectional,Knockout,Glioma Cell Line,KNS-81,17637,2017,Meyers RM (2017),29083409,2.9950459003448486,-4.630560398101807,2.62337589263916,7.859160900115967
188,324,324 (forward),Forward,False,Train,circle,decreases cell proliferation,Fitness / Proliferation / Viability,Cell-essential genes,Negative Selection,unidirectional,Knockout,Pancreatic Cancer Cell Line,KP-2,17637,2017,Meyers RM (2017),29083409,3.4522366523742676,-5.347565650939941,1.7734473943710327,7.914856910705566
189,325,325 (forward),Forward,False,Train,circle,decreases cell proliferation,Fitness / Proliferation / Viability,Cell-essential genes,Negative Selection,unidirectional,Knockout,Pancreatic Cancer Cell Line,KP-3,17637,2017,Meyers RM (2017),29083409,3.0602922439575195,-4.9862213134765625,2.220428943634033,7.8933491706848145
190,326,326 (forward),Forward,False,Train,circle,decreases cell proliferation,Fitness / Proliferation / Viability,Cell-essential genes,Negative Selection,unidirectional,Knockout,Cancer Cell Line,KP-4,17637,2017,Meyers RM (2017),29083409,4.439523220062256,-5.178212642669678,0.7478871941566467,8.35256290435791
191,327,327 (forward),Forward,False,Train,circle,decreases cell proliferation,Fitness / Proliferation / Viability,Cell-essential genes,Negative Selection,unidirectional,Knockout,Breast Cancer Cell Line,KPL-1,17637,2017,Meyers RM (2017),29083409,3.818871259689331,-4.443385601043701,1.779617190361023,8.683466911315918
192,328,328 (forward),Forward,False,Train,circle,decreases cell proliferation,Fitness / Proliferation / Viability,Cell-essential genes,Negative Selection,unidirectional,Knockout,Neuroblastoma Cell Line,KP-N-YN,17637,2017,Meyers RM (2017),29083409,2.512998104095459,-4.25439977645874,3.3854289054870605,8.171547889709473
193,329,329 (forward),Forward,False,Train,circle,decreases cell proliferation,Fitness / Proliferation / Viability,Cell-essential genes,Negative Selection,unidirectional,Knockout,Glioblastoma Cell Line,KS-1,17637,2017,Meyers RM (2017),29083409,2.6928348541259766,-4.8865966796875,2.7048661708831787,7.5120673179626465
194,330,330 (forward),Forward,False,Train,circle,decreases cell proliferation,Fitness / Proliferation / Viability,Cell-essential genes,Negative Selection,unidirectional,Knockout,Bladder Carcinoma,KU-19-19,17637,2017,Meyers RM (2017),29083409,4.029484272003174,-5.441600322723389,0.839727520942688,7.659064292907715
195,331,331 (forward),Forward,False,Train,circle,decreases cell proliferation,Fitness / Proliferation / Viability,Cell-essential genes,Negative Selection,unidirectional,Knockout,Ovarian Cancer Cell Line,Kuramochi,17637,2017,Meyers RM (2017),29083409,3.0247998237609863,-5.275355339050293,2.125814199447632,7.328400135040283
196,332,332 (forward),Forward,False,Train,circle,decreases cell proliferation,Fitness / Proliferation / Viability,Cell-essential genes,Negative Selection,unidirectional,Knockout,Cancer Cell Line,KYSE-180,17637,2017,Meyers RM (2017),29083409,4.397910118103027,-5.138173580169678,0.7120611071586609,8.388123512268066
197,333,333 (forward),Forward,False,Train,circle,decreases cell proliferation,Fitness / Proliferation / Viability,Cell-essential genes,Negative Selection,unidirectional,Knockout,Cancer Cell Line,KYSE-270,17637,2017,Meyers RM (2017),29083409,3.943568468093872,-4.618024826049805,1.3608587980270386,8.439495086669922
198,334,334 (forward),Forward,False,Train,circle,decreases cell proliferation,Fitness / Proliferation / Viability,Cell-essential genes,Negative Selection,unidirectional,Knockout,Esophageal Squamous Cell Carcinoma Cell Line,KYSE-410,17637,2017,Meyers RM (2017),29083409,3.866795063018799,-4.468200206756592,1.702109694480896,8.809306144714355
199,335,335 (forward),Forward,False,Train,circle,decreases cell proliferation,Fitness / Proliferation / Viability,Cell-essential genes,Negative Selection,unidirectional,Knockout,Cancer Cell Line,KYSE-450,17637,2017,Meyers RM (2017),29083409,3.885263681411743,-5.222419738769531,0.989435613155365,7.856322288513184
200,336,336 (forward),Forward,False,Train,circle,decreases cell proliferation,Fitness / Proliferation / Viability,Cell-essential genes,Negative Selection,unidirectional,Knockout,Cancer Cell Line,KYSE-70,17637,2017,Meyers RM (2017),29083409,3.996798515319824,-5.179409503936768,1.1283190250396729,7.843092441558838
201,337,337 (forward),Forward,False,Train,circle,decreases cell proliferation,Fitness / Proliferation / Viability,Cell-essential genes,Negative Selection,unidirectional,Knockout,Lung Cancer Cell Line,LCLC-103H,17637,2017,Meyers RM (2017),29083409,3.4079208374023438,-5.341884136199951,1.599696397781372,7.789883613586426
202,338,338 (forward),Forward,False,Train,circle,decreases cell proliferation,Fitness / Proliferation / Viability,Cell-essential genes,Negative Selection,unidirectional,Knockout,Hepatocellular Carcinoma,Li-7,17637,2017,Meyers RM (2017),29083409,3.322664499282837,-5.185134410858154,1.724894404411316,7.807831764221191
203,339,339 (forward),Forward,False,Train,circle,decreases cell proliferation,Fitness / Proliferation / Viability,Cell-essential genes,Negative Selection,unidirectional,Knockout,Lung Squamous Cell Carcinoma Cell Line,LK-2,17637,2017,Meyers RM (2017),29083409,3.955533027648926,-4.891036033630371,1.3815926313400269,8.154481887817383
204,340,340 (forward),Forward,False,Train,circle,decreases cell proliferation,Fitness / Proliferation / Viability,Cell-essential genes,Negative Selection,unidirectional,Knockout,Glioblastoma Cell Line,LN-18,17637,2017,Meyers RM (2017),29083409,3.7297606468200684,-5.594073295593262,1.1793910264968872,7.4351067543029785
205,341,341 (forward),Forward,False,Train,circle,decreases cell proliferation,Fitness / Proliferation / Viability,Cell-essential genes,Negative Selection,unidirectional,Knockout,Glioblastoma Cell Line,LN-235,17637,2017,Meyers RM (2017),29083409,3.4383842945098877,-5.539420127868652,1.4302818775177002,7.616438865661621
206,342,342 (forward),Forward,False,Train,circle,decreases cell proliferation,Fitness / Proliferation / Viability,Cell-essential genes,Negative Selection,unidirectional,Knockout,Glioblastoma Cell Line,LN-382,17637,2017,Meyers RM (2017),29083409,4.205665111541748,-5.5197834968566895,0.7776485681533813,7.975772857666016
207,343,343 (forward),Forward,False,Train,circle,decreases cell proliferation,Fitness / Proliferation / Viability,Cell-essential genes,Negative Selection,unidirectional,Knockout,Glioblastoma Cell Line,LN-443,17637,2017,Meyers RM (2017),29083409,3.5866870880126953,-5.767662525177002,1.349578857421875,7.255990028381348
208,346,346 (forward),Forward,False,Train,circle,decreases cell proliferation,Fitness / Proliferation / Viability,Cell-essential genes,Negative Selection,unidirectional,Knockout,Glioblastoma Cell Line,LN-308,17637,2017,Meyers RM (2017),29083409,4.235240936279297,-5.325521469116211,1.128150463104248,7.825368404388428
209,347,347 (forward),Forward,False,Train,circle,decreases cell proliferation,Fitness / Proliferation / Viability,Cell-essential genes,Negative Selection,unidirectional,Knockout,Colonic Adenocarcinoma Cell Line,LoVo,17637,2017,Meyers RM (2017),29083409,3.6413567066192627,-4.491591930389404,2.0941615104675293,8.48946762084961
210,348,348 (forward),Forward,False,Train,circle,decreases cell proliferation,Fitness / Proliferation / Viability,Cell-essential genes,Negative Selection,unidirectional,Knockout,Colorectal Adenocarcinoma Cell Line,LS180,17637,2017,Meyers RM (2017),29083409,3.758922815322876,-4.723899841308594,1.6923527717590332,8.22284984588623
211,349,349 (forward),Forward,False,Train,circle,decreases cell proliferation,Fitness / Proliferation / Viability,Cell-essential genes,Negative Selection,unidirectional,Knockout,Cecum Cancer Cell Line,LS513,17637,2017,Meyers RM (2017),29083409,3.824361562728882,-4.63117790222168,1.5261248350143433,8.57829761505127
212,350,350 (forward),Forward,False,Train,circle,decreases cell proliferation,Fitness / Proliferation / Viability,Cell-essential genes,Negative Selection,unidirectional,Knockout,Cecum Cancer Cell Line,LS1034,17637,2017,Meyers RM (2017),29083409,3.573244333267212,-4.894873142242432,1.9064140319824219,7.810530662536621
213,351,351 (forward),Forward,False,Train,circle,decreases cell proliferation,Fitness / Proliferation / Viability,Cell-essential genes,Negative Selection,unidirectional,Knockout,Lung Squamous Cell Carcinoma Cell Line,LUDLU-1,17637,2017,Meyers RM (2017),29083409,2.6891586780548096,-4.284217357635498,3.3015248775482178,8.214253425598145
214,352,352 (forward),Forward,False,Train,circle,decreases cell proliferation,Fitness / Proliferation / Viability,Cell-essential genes,Negative Selection,unidirectional,Knockout,Lung Cancer Cell Line,LXF 289,17637,2017,Meyers RM (2017),29083409,3.9109299182891846,-5.486833095550537,0.9932622909545898,7.946274280548096
215,353,353 (forward),Forward,False,Train,circle,decreases cell proliferation,Fitness / Proliferation / Viability,Cell-essential genes,Negative Selection,unidirectional,Knockout,Cancer Cell Line,M059K,17637,2017,Meyers RM (2017),29083409,3.5121262073516846,-5.445341110229492,1.4247033596038818,7.701400279998779
216,354,354 (forward),Forward,False,Train,circle,decreases cell proliferation,Fitness / Proliferation / Viability,Cell-essential genes,Negative Selection,unidirectional,Knockout,Melanoma Cell Line,Malme-3M,17637,2017,Meyers RM (2017),29083409,3.185720443725586,-4.205785751342773,2.6905834674835205,7.157049655914307
217,355,355 (forward),Forward,False,Train,circle,decreases cell proliferation,Fitness / Proliferation / Viability,Cell-essential genes,Negative Selection,unidirectional,Knockout,Ovarian Cancer Cell Line,MCAS,17637,2017,Meyers RM (2017),29083409,3.1788554191589355,-5.270281791687012,2.0028796195983887,7.743322849273682
218,356,356 (forward),Forward,False,Train,circle,decreases cell proliferation,Fitness / Proliferation / Viability,Cell-essential genes,Negative Selection,unidirectional,Knockout,Breast Cancer Cell Line,MDA-MB-157,17637,2017,Meyers RM (2017),29083409,3.11035418510437,-5.162911891937256,1.950457215309143,8.1061372756958
219,357,357 (forward),Forward,False,Train,circle,decreases cell proliferation,Fitness / Proliferation / Viability,Cell-essential genes,Negative Selection,unidirectional,Knockout,Breast Adenocarcinoma Cell Line,MDA-MB-231,17637,2017,Meyers RM (2017),29083409,3.3596646785736084,-4.991420269012451,1.5768717527389526,7.957157611846924
220,358,358 (forward),Forward,False,Train,circle,decreases cell proliferation,Fitness / Proliferation / Viability,Cell-essential genes,Negative Selection,unidirectional,Knockout,Breast Cancer Cell Line,MDA-MB-415,17637,2017,Meyers RM (2017),29083409,2.715238332748413,-4.735144138336182,2.829777479171753,7.775956153869629
221,359,359 (forward),Forward,False,Train,circle,decreases cell proliferation,Fitness / Proliferation / Viability,Cell-essential genes,Negative Selection,unidirectional,Knockout,MDA-MB-435 cell,MDA-MB-435S,17637,2017,Meyers RM (2017),29083409,3.8851606845855713,-4.64645528793335,1.4827765226364136,8.585847854614258
222,360,360 (forward),Forward,False,Train,circle,decreases cell proliferation,Fitness / Proliferation / Viability,Cell-essential genes,Negative Selection,unidirectional,Knockout,Mammary Gland Tumor Cell Line,MDA-MB-436,17637,2017,Meyers RM (2017),29083409,4.088809967041016,-4.717790126800537,1.2331241369247437,8.478575706481934
223,361,361 (forward),Forward,False,Train,circle,decreases cell proliferation,Fitness / Proliferation / Viability,Cell-essential genes,Negative Selection,unidirectional,Knockout,Mammary Gland Tumor Cell Line,MDA-MB-453,17637,2017,Meyers RM (2017),29083409,2.9527485370635986,-4.499781131744385,2.8140149116516113,8.052080154418945
224,362,362 (forward),Forward,False,Train,circle,decreases cell proliferation,Fitness / Proliferation / Viability,Cell-essential genes,Negative Selection,unidirectional,Knockout,Mammary Gland Tumor Cell Line,MDA-MB-468,17637,2017,Meyers RM (2017),29083409,3.89385986328125,-4.928718090057373,1.5663180351257324,8.346177101135254
225,363,363 (forward),Forward,False,Train,circle,decreases cell proliferation,Fitness / Proliferation / Viability,Cell-essential genes,Negative Selection,unidirectional,Knockout,Colonic Cancer Cell Line,MDST8,17637,2017,Meyers RM (2017),29083409,3.31878662109375,-4.572031497955322,2.3163836002349854,7.429825782775879
226,364,364 (forward),Forward,False,Train,circle,decreases cell proliferation,Fitness / Proliferation / Viability,Cell-essential genes,Negative Selection,unidirectional,Knockout,Melanoma Cell Line,Mel Ho,17637,2017,Meyers RM (2017),29083409,3.3080520629882812,-4.224277019500732,2.757417917251587,7.3888258934021
227,365,365 (forward),Forward,False,Train,circle,decreases cell proliferation,Fitness / Proliferation / Viability,Cell-essential genes,Negative Selection,unidirectional,Knockout,Melanoma Cell Line,Mel JuSo,17637,2017,Meyers RM (2017),29083409,3.849058151245117,-4.478639602661133,1.8717056512832642,8.421822547912598
228,366,366 (forward),Forward,False,Train,circle,decreases cell proliferation,Fitness / Proliferation / Viability,Cell-essential genes,Negative Selection,unidirectional,Knockout,Endometrial Cancer Cell Line,MFE-319,17637,2017,Meyers RM (2017),29083409,3.140899419784546,-4.662909030914307,2.66975998878479,8.09628963470459
229,367,367 (forward),Forward,False,Train,circle,decreases cell proliferation,Fitness / Proliferation / Viability,Cell-essential genes,Negative Selection,unidirectional,Knockout,Neuroblastoma Cell Line,MHH-NB-11,17637,2017,Meyers RM (2017),29083409,3.3780174255371094,-4.826058387756348,2.102864980697632,7.489859104156494
230,368,368 (forward),Forward,False,Train,circle,decreases cell proliferation,Fitness / Proliferation / Viability,Cell-essential genes,Negative Selection,unidirectional,Knockout,Cancer Cell Line,MIA PaCa-2,17637,2017,Meyers RM (2017),29083409,4.061142444610596,-4.494832992553711,1.3208998441696167,8.589351654052734
231,369,369 (forward),Forward,False,Train,circle,decreases cell proliferation,Fitness / Proliferation / Viability,Cell-essential genes,Negative Selection,unidirectional,Knockout,Gastric Adenocarcinoma Cell Line,MKN45,17637,2017,Meyers RM (2017),29083409,3.720557451248169,-4.51393985748291,2.0275158882141113,8.453712463378906
232,370,370 (forward),Forward,False,Train,circle,decreases cell proliferation,Fitness / Proliferation / Viability,Cell-essential genes,Negative Selection,unidirectional,Knockout,Acute Myeloid Leukemia Cell Line,MOLM-13,17637,2017,Meyers RM (2017),29083409,3.195871591567993,-4.130124092102051,2.774874210357666,8.550724983215332
233,371,371 (forward),Forward,False,Train,circle,decreases proliferation of MKL-1 Merkel cell carcinoma cells,Fitness / Proliferation / Viability,Cell-essential genes,Negative Selection,unidirectional,Knockout,Cancer Cell Line,MKL-1,18421,2017,Cheng J (2017),29028833,4.442323684692383,-0.2552184760570526,8.239123344421387,7.856858730316162
234,372,372 (forward),Forward,False,Train,circle,decreases cell proliferation,Fitness / Proliferation / Viability,Cell-essential genes,Negative Selection,unidirectional,Knockout,Lung Adenocarcinoma Cell Line,MOR/CPR,17637,2017,Meyers RM (2017),29083409,4.236714839935303,-4.653090953826904,1.3644578456878662,8.592527389526367
235,373,373 (forward),Forward,False,Train,circle,decreases cell proliferation,Fitness / Proliferation / Viability,Cell-essential genes,Negative Selection,unidirectional,Knockout,Acute Myeloid Leukemia Cell Line,MV4-11,17637,2017,Meyers RM (2017),29083409,3.5528454780578613,-4.212768077850342,2.298360824584961,8.562759399414062
236,374,374 (forward),Forward,False,Train,circle,decreases cell proliferation,Fitness / Proliferation / Viability,Cell-essential genes,Negative Selection,unidirectional,Knockout,Neuroblastoma Cell Line,NB1,17637,2017,Meyers RM (2017),29083409,2.947070360183716,-4.335335731506348,2.921013116836548,8.194897651672363
237,375,375 (forward),Forward,False,Train,circle,decreases cell proliferation,Fitness / Proliferation / Viability,Cell-essential genes,Negative Selection,unidirectional,Knockout,Acute Myeloid Leukemia Cell Line,NB4,17637,2017,Meyers RM (2017),29083409,3.0864152908325195,-4.454978942871094,2.6374073028564453,8.071730613708496
238,376,376 (forward),Forward,False,Train,circle,decreases cell proliferation,Fitness / Proliferation / Viability,Cell-essential genes,Negative Selection,unidirectional,Knockout,Lung Adenocarcinoma Cell Line,NCI-H23,17637,2017,Meyers RM (2017),29083409,3.840419292449951,-4.917698383331299,1.3464325666427612,8.39029312133789
239,377,377 (forward),Forward,False,Train,circle,decreases cell proliferation,Fitness / Proliferation / Viability,Cell-essential genes,Negative Selection,unidirectional,Knockout,Non-Small Cell Lung Cancer Cell Line,NCI-H322,17637,2017,Meyers RM (2017),29083409,4.337137699127197,-4.972923755645752,1.1480416059494019,8.538207054138184
240,378,378 (forward),Forward,False,Train,circle,decreases cell proliferation,Fitness / Proliferation / Viability,Cell-essential genes,Negative Selection,unidirectional,Knockout,Lung Adenocarcinoma Cell Line,NCI-H441,17637,2017,Meyers RM (2017),29083409,3.3379969596862793,-5.26507043838501,1.8504220247268677,7.5235443115234375
241,379,379 (forward),Forward,False,Train,circle,decreases cell proliferation,Fitness / Proliferation / Viability,Cell-essential genes,Negative Selection,unidirectional,Knockout,Large Cell Lung Cancer Cell Line,NCI-H460,17637,2017,Meyers RM (2017),29083409,3.9660696983337402,-5.115719318389893,0.8308569192886353,8.183194160461426
242,380,380 (forward),Forward,False,Train,circle,decreases cell proliferation,Fitness / Proliferation / Viability,Cell-essential genes,Negative Selection,unidirectional,Knockout,Non-Small Cell Lung Cancer Cell Line,NCI-H520,17637,2017,Meyers RM (2017),29083409,3.200852632522583,-4.7589545249938965,2.190270185470581,8.151037216186523
243,381,381 (forward),Forward,False,Train,circle,decreases cell proliferation,Fitness / Proliferation / Viability,Cell-essential genes,Negative Selection,unidirectional,Knockout,Cecum Cancer Cell Line,NCI-H716,17637,2017,Meyers RM (2017),29083409,2.568087339401245,-4.507552146911621,3.167863130569458,7.90045690536499
244,382,382 (forward),Forward,False,Train,circle,decreases cell proliferation,Fitness / Proliferation / Viability,Cell-essential genes,Negative Selection,unidirectional,Knockout,Colonic Cancer Cell Line,NCI-H747,17637,2017,Meyers RM (2017),29083409,3.160912275314331,-4.802730560302734,2.0156102180480957,8.131101608276367
245,383,383 (forward),Forward,False,Train,circle,decreases cell proliferation,Fitness / Proliferation / Viability,Cell-essential genes,Negative Selection,unidirectional,Knockout,Lung Adenocarcinoma Cell Line,NCI-H838,17637,2017,Meyers RM (2017),29083409,3.117032766342163,-4.773207664489746,2.3741953372955322,8.111649513244629
246,384,384 (forward),Forward,False,Train,circle,decreases cell proliferation,Fitness / Proliferation / Viability,Cell-essential genes,Negative Selection,unidirectional,Knockout,Non-Small Cell Lung Cancer Cell Line,NCI-H1299,17637,2017,Meyers RM (2017),29083409,3.5603959560394287,-4.626767158508301,1.967248797416687,8.262075424194336
247,385,385 (forward),Forward,False,Train,circle,decreases cell proliferation,Fitness / Proliferation / Viability,Cell-essential genes,Negative Selection,unidirectional,Knockout,Lung Adenocarcinoma Cell Line,NCI-H1437,17637,2017,Meyers RM (2017),29083409,4.262936115264893,-5.002293586730957,0.8344114422798157,8.197062492370605
248,386,386 (forward),Forward,False,Train,circle,decreases cell proliferation,Fitness / Proliferation / Viability,Cell-essential genes,Negative Selection,unidirectional,Knockout,Non-Small Cell Lung Cancer Cell Line,NCI-H1581,17637,2017,Meyers RM (2017),29083409,4.234903335571289,-5.004098892211914,0.9435491561889648,8.342449188232422
249,387,387 (forward),Forward,False,Train,circle,decreases cell proliferation,Fitness / Proliferation / Viability,Cell-essential genes,Negative Selection,unidirectional,Knockout,Lung Adenocarcinoma Cell Line,NCI-H1650,17637,2017,Meyers RM (2017),29083409,2.7813029289245605,-4.667753219604492,2.518537759780884,7.965648174285889
250,388,388 (forward),Forward,False,Train,circle,decreases cell proliferation,Fitness / Proliferation / Viability,Cell-essential genes,Negative Selection,unidirectional,Knockout,Lung Cancer Cell Line,NCI-H1693,17637,2017,Meyers RM (2017),29083409,3.292783260345459,-4.7396159172058105,2.177130937576294,8.110666275024414
251,389,389 (forward),Forward,False,Train,circle,decreases cell proliferation,Fitness / Proliferation / Viability,Cell-essential genes,Negative Selection,unidirectional,Knockout,Non-Small Cell Lung Cancer Cell Line,NCI-H1703,17637,2017,Meyers RM (2017),29083409,3.7437398433685303,-4.597818374633789,1.4726972579956055,8.362516403198242
252,390,390 (forward),Forward,False,Train,circle,decreases cell proliferation,Fitness / Proliferation / Viability,Cell-essential genes,Negative Selection,unidirectional,Knockout,Lung Cancer Cell Line,NCI-H1792,17637,2017,Meyers RM (2017),29083409,3.5520217418670654,-5.186268329620361,1.657510757446289,7.641589164733887
253,391,391 (forward),Forward,False,Train,circle,decreases cell proliferation,Fitness / Proliferation / Viability,Cell-essential genes,Negative Selection,unidirectional,Knockout,Lung Cancer Cell Line,NCI-H1944,17637,2017,Meyers RM (2017),29083409,3.846261501312256,-5.115728378295898,1.2311985492706299,8.133681297302246
254,392,392 (forward),Forward,False,Train,circle,decreases cell proliferation,Fitness / Proliferation / Viability,Cell-essential genes,Negative Selection,unidirectional,Knockout,Lung Cancer Cell Line,NCI-H2023,17637,2017,Meyers RM (2017),29083409,4.156991958618164,-5.202016830444336,1.0173594951629639,8.127506256103516
255,393,393 (forward),Forward,False,Train,circle,decreases cell proliferation,Fitness / Proliferation / Viability,Cell-essential genes,Negative Selection,unidirectional,Knockout,Lung Cancer Cell Line,NCI-H2030,17637,2017,Meyers RM (2017),29083409,3.2949676513671875,-4.935235977172852,1.9903385639190674,7.592769145965576
256,394,394 (forward),Forward,False,Train,circle,decreases cell proliferation,Fitness / Proliferation / Viability,Cell-essential genes,Negative Selection,unidirectional,Knockout,Lung Adenocarcinoma Cell Line,NCI-H2087,17637,2017,Meyers RM (2017),29083409,3.2592005729675293,-5.103503227233887,2.0575993061065674,7.439306259155273
257,395,395 (forward),Forward,False,Train,circle,decreases cell proliferation,Fitness / Proliferation / Viability,Cell-essential genes,Negative Selection,unidirectional,Knockout,Lung Cancer Cell Line,NCI-H2110,17637,2017,Meyers RM (2017),29083409,3.3623476028442383,-5.233556747436523,1.9403547048568726,7.726579189300537
258,396,396 (forward),Forward,False,Train,circle,decreases cell proliferation,Fitness / Proliferation / Viability,Cell-essential genes,Negative Selection,unidirectional,Knockout,Non-Small Cell Lung Cancer Cell Line,NCI-H2122,17637,2017,Meyers RM (2017),29083409,3.05413818359375,-4.445540904998779,2.595435380935669,8.050257682800293
259,397,397 (forward),Forward,False,Train,circle,decreases cell proliferation,Fitness / Proliferation / Viability,Cell-essential genes,Negative Selection,unidirectional,Knockout,Lung Adenocarcinoma Cell Line,NCI-H2126,17637,2017,Meyers RM (2017),29083409,3.1118416786193848,-5.31983757019043,1.7806100845336914,7.634092807769775
260,398,398 (forward),Forward,False,Train,circle,decreases cell proliferation,Fitness / Proliferation / Viability,Cell-essential genes,Negative Selection,unidirectional,Knockout,Lung Squamous Cell Carcinoma Cell Line,NCI-H2170,17637,2017,Meyers RM (2017),29083409,2.831263780593872,-4.934966087341309,2.5382156372070312,7.517004013061523
261,399,399 (forward),Forward,False,Train,circle,decreases cell proliferation,Fitness / Proliferation / Viability,Cell-essential genes,Negative Selection,unidirectional,Knockout,Lung Cancer Cell Line,NCI-H2172,17637,2017,Meyers RM (2017),29083409,4.24265193939209,-4.881555080413818,0.86518394947052,8.229891777038574
262,400,400 (forward),Forward,False,Train,circle,decreases cell proliferation,Fitness / Proliferation / Viability,Cell-essential genes,Negative Selection,unidirectional,Knockout,Lung Adenocarcinoma Cell Line,NCI-H2291,17637,2017,Meyers RM (2017),29083409,3.32149076461792,-5.365993499755859,1.9940365552902222,7.479536533355713
263,401,401 (forward),Forward,False,Train,circle,decreases cell proliferation,Fitness / Proliferation / Viability,Cell-essential genes,Negative Selection,unidirectional,Knockout,Gastric Cancer Cell Line,NCI-N87,17637,2017,Meyers RM (2017),29083409,2.542884588241577,-4.411005020141602,3.235521078109741,7.891018390655518
264,402,402 (forward),Forward,False,Train,circle,decreases cell proliferation,Fitness / Proliferation / Viability,Cell-essential genes,Negative Selection,unidirectional,Knockout,Acute Myeloid Leukemia Cell Line,NOMO-1,17637,2017,Meyers RM (2017),29083409,3.2647268772125244,-4.2945661544799805,2.6725046634674072,8.510684967041016
265,403,403 (forward),Forward,False,Train,circle,decreases cell proliferation,Fitness / Proliferation / Viability,Cell-essential genes,Negative Selection,unidirectional,Knockout,Gastric Adenocarcinoma Cell Line,NUGC-3,17637,2017,Meyers RM (2017),29083409,4.285308361053467,-5.086787223815918,0.7453457117080688,8.37865924835205
266,404,404 (forward),Forward,False,Train,circle,decreases cell proliferation,Fitness / Proliferation / Viability,Cell-essential genes,Negative Selection,unidirectional,Knockout,Ovary Adenocarcinoma Cell Line,OAW28,17637,2017,Meyers RM (2017),29083409,3.273714065551758,-5.217345714569092,1.6613467931747437,7.883418083190918
267,405,405 (forward),Forward,False,Train,circle,decreases Gal-3 cell surface localization,Trafficking / Localization / Structural Phenotypes,Regulators or GAL3 surface localization,Phenotype Screen,unidirectional,Knockout,Cervical Adenocarcinoma Cell Line,HeLa,20649,2017,Stewart SE (2017),28775154,5.02737283706665,4.342356204986572,10.84495735168457,10.865606307983398
268,406,406 (forward),Forward,False,Train,circle,decreases cell proliferation,Fitness / Proliferation / Viability,Cell-essential genes,Negative Selection,unidirectional,Knockout,Esophageal Cancer Cell Line,OE21,17637,2017,Meyers RM (2017),29083409,3.9959027767181396,-5.034639358520508,1.0913026332855225,7.9771409034729
269,407,407 (forward),Forward,False,Train,circle,decreases cell proliferation,Fitness / Proliferation / Viability,Cell-essential genes,Negative Selection,unidirectional,Knockout,Esophageal Cancer Cell Line,OE33,17637,2017,Meyers RM (2017),29083409,3.030747413635254,-5.182677268981934,2.139387369155884,7.738945007324219
270,408,408 (forward),Forward,False,Train,circle,decreases cell proliferation,Fitness / Proliferation / Viability,Cell-essential genes,Negative Selection,unidirectional,Knockout,Medulloblastoma Cell Line,ONS-76,17637,2017,Meyers RM (2017),29083409,3.9541964530944824,-4.865593910217285,1.3312419652938843,8.321310043334961
271,409,409 (forward),Forward,False,Train,circle,decreases cell proliferation,Fitness / Proliferation / Viability,Cell-essential genes,Negative Selection,unidirectional,Knockout,Renal Cell Carcinoma Cell Line,OS-RC-2,17637,2017,Meyers RM (2017),29083409,2.7416892051696777,-4.90195894241333,2.552669048309326,7.540349006652832
272,410,410 (forward),Forward,False,Train,circle,decreases cell proliferation,Fitness / Proliferation / Viability,Cell-essential genes,Negative Selection,unidirectional,Knockout,Colonic Cancer Cell Line,OUMS-23,17637,2017,Meyers RM (2017),29083409,3.782250165939331,-4.62540340423584,1.8069475889205933,8.40153980255127
273,411,411 (forward),Forward,False,Train,circle,decreases cell proliferation,Fitness / Proliferation / Viability,Cell-essential genes,Negative Selection,unidirectional,Knockout,Ovarian Cancer Cell Line,OV7,17637,2017,Meyers RM (2017),29083409,2.908379316329956,-5.5227203369140625,2.0235042572021484,6.975822925567627
274,412,412 (forward),Forward,False,Train,circle,decreases cell proliferation,Fitness / Proliferation / Viability,Cell-essential genes,Negative Selection,unidirectional,Knockout,Ovary Adenocarcinoma Cell Line,OV-90,17637,2017,Meyers RM (2017),29083409,3.4863240718841553,-5.496191024780273,1.3739323616027832,7.542317867279053
275,413,413 (forward),Forward,False,Train,circle,decreases cell proliferation,Fitness / Proliferation / Viability,Cell-essential genes,Negative Selection,unidirectional,Knockout,Ovarian Cancer Cell Line,OVCAR-8,17637,2017,Meyers RM (2017),29083409,4.235738277435303,-5.296749114990234,0.723435640335083,8.24709415435791
276,414,414 (forward),Forward,False,Train,circle,decreases cell proliferation,Fitness / Proliferation / Viability,Cell-essential genes,Negative Selection,unidirectional,Knockout,Ovary Adenocarcinoma Cell Line,OVISE,17637,2017,Meyers RM (2017),29083409,3.0379767417907715,-5.059266567230225,2.097271680831909,7.8788228034973145
277,415,415 (forward),Forward,False,Train,circle,decreases cell proliferation,Fitness / Proliferation / Viability,Cell-essential genes,Negative Selection,unidirectional,Knockout,Ovarian Cancer Cell Line,OVK-18,17637,2017,Meyers RM (2017),29083409,4.414205551147461,-4.994419097900391,0.8243164420127869,8.41071605682373
278,416,416 (forward),Forward,False,Train,circle,decreases cell proliferation,Fitness / Proliferation / Viability,Cell-essential genes,Negative Selection,unidirectional,Knockout,Ovary Adenocarcinoma Cell Line,OVMANA,17637,2017,Meyers RM (2017),29083409,2.484870433807373,-4.456833362579346,3.2342355251312256,7.939727306365967
279,418,418 (forward),Forward,False,Train,circle,decreases cell proliferation,Fitness / Proliferation / Viability,Cell-essential genes,Negative Selection,unidirectional,Knockout,Ovary Adenocarcinoma Cell Line,OVTOKO,17637,2017,Meyers RM (2017),29083409,3.0251455307006836,-4.263847351074219,2.8784995079040527,7.68959379196167
280,419,419 (forward),Forward,False,Train,circle,decreases cell proliferation,Fitness / Proliferation / Viability,Cell-essential genes,Negative Selection,unidirectional,Knockout,Lymphoma or Leukaemia Cell Line,P31/FUJ,17637,2017,Meyers RM (2017),29083409,3.127725839614868,-4.1355085372924805,2.689927101135254,8.492965698242188
281,420,420 (forward),Forward,False,Train,circle,decreases cell proliferation,Fitness / Proliferation / Viability,Cell-essential genes,Negative Selection,unidirectional,Knockout,Cancer Cell Line,Panc 02.03,17637,2017,Meyers RM (2017),29083409,3.1096932888031006,-5.2690558433532715,2.051692247390747,7.745052814483643
282,421,421 (forward),Forward,False,Train,circle,decreases cell proliferation,Fitness / Proliferation / Viability,Cell-essential genes,Negative Selection,unidirectional,Knockout,Cancer Cell Line,Panc 04.03,17637,2017,Meyers RM (2017),29083409,3.966036081314087,-4.838316917419434,1.2128722667694092,8.421867370605469
283,422,422 (forward),Forward,False,Train,circle,decreases cell proliferation,Fitness / Proliferation / Viability,Cell-essential genes,Negative Selection,unidirectional,Knockout,Pancreatic Ductal Adenocarcinoma Cell Line,Panc 10.05,17637,2017,Meyers RM (2017),29083409,3.204371929168701,-5.605587482452393,1.803659200668335,7.383441925048828
284,423,423 (forward),Forward,False,Train,circle,decreases cell proliferation,Fitness / Proliferation / Viability,Cell-essential genes,Negative Selection,unidirectional,Knockout,Cancer Cell Line,PaTu 8988s,17637,2017,Meyers RM (2017),29083409,3.7426795959472656,-5.0220417976379395,1.4423624277114868,8.237817764282227
285,424,424 (forward),Forward,False,Train,circle,decreases cell proliferation,Fitness / Proliferation / Viability,Cell-essential genes,Negative Selection,unidirectional,Knockout,Lung Adenocarcinoma Cell Line,PC-14,17637,2017,Meyers RM (2017),29083409,3.9409101009368896,-4.84096097946167,1.3241682052612305,8.556103706359863
286,425,425 (forward),Forward,False,Train,circle,decreases cell proliferation,Fitness / Proliferation / Viability,Cell-essential genes,Negative Selection,unidirectional,Knockout,Cancer Cell Line,PE/CA-PJ34 (clone C12),17637,2017,Meyers RM (2017),29083409,4.285349369049072,-5.046056270599365,0.9638312458992004,8.418498039245605
287,426,426 (forward),Forward,False,Train,circle,decreases cell proliferation,Fitness / Proliferation / Viability,Cell-essential genes,Negative Selection,unidirectional,Knockout,Lymphoma or Leukaemia Cell Line,PF-382,17637,2017,Meyers RM (2017),29083409,3.1150779724121094,-4.106759071350098,2.861055850982666,8.51898193359375
288,427,427 (forward),Forward,False,Train,circle,decreases cell proliferation,Fitness / Proliferation / Viability,Cell-essential genes,Negative Selection,unidirectional,Knockout,Pancreatic Ductal Adenocarcinoma Cell Line,PK-1,17637,2017,Meyers RM (2017),29083409,3.2126669883728027,-4.642793655395508,2.371893882751465,8.313216209411621
289,428,428 (forward),Forward,False,Train,circle,decreases cell proliferation,Fitness / Proliferation / Viability,Cell-essential genes,Negative Selection,unidirectional,Knockout,Cancer Cell Line,PK-45H,17637,2017,Meyers RM (2017),29083409,3.146444797515869,-5.041194438934326,1.843782901763916,7.74671745300293
290,429,429 (forward),Forward,False,Train,circle,decreases cell proliferation,Fitness / Proliferation / Viability,Cell-essential genes,Negative Selection,unidirectional,Knockout,Hepatoma Cell Line,PLC/PRF/5,17637,2017,Meyers RM (2017),29083409,3.768609046936035,-5.461855888366699,0.9691171646118164,7.800679683685303
291,430,430 (forward),Forward,False,Train,circle,decreases cell proliferation,Fitness / Proliferation / Viability,Cell-essential genes,Negative Selection,unidirectional,Knockout,Pancreatic Adenocarcinoma Cell Line,PSN1,17637,2017,Meyers RM (2017),29083409,2.769852638244629,-4.499663829803467,2.853628635406494,8.040509223937988
292,431,431 (forward),Forward,False,Train,circle,decreases cell proliferation,Fitness / Proliferation / Viability,Cell-essential genes,Negative Selection,unidirectional,Knockout,Renal Cell Carcinoma Cell Line,RCC10RGB,17637,2017,Meyers RM (2017),29083409,2.812624216079712,-5.020442485809326,2.3141863346099854,7.463662624359131
293,432,432 (forward),Forward,False,Train,circle,decreases cell proliferation,Fitness / Proliferation / Viability,Cell-essential genes,Negative Selection,unidirectional,Knockout,Rhabdomyosarcoma Cell Line,RD,17637,2017,Meyers RM (2017),29083409,3.902292013168335,-5.285144805908203,1.0438750982284546,7.910211563110352
294,433,433 (forward),Forward,False,Train,circle,decreases cell proliferation,Fitness / Proliferation / Viability,Cell-essential genes,Negative Selection,unidirectional,Knockout,Lung Adenocarcinoma Cell Line,RERF-LC-Ad1,17637,2017,Meyers RM (2017),29083409,3.2775230407714844,-5.4804253578186035,1.7975268363952637,7.30320930480957
295,434,434 (forward),Forward,False,Train,circle,decreases cell proliferation,Fitness / Proliferation / Viability,Cell-essential genes,Negative Selection,unidirectional,Knockout,Lung Squamous Cell Carcinoma Cell Line,RERF-LC-A1,17637,2017,Meyers RM (2017),29083409,3.15325927734375,-5.764338970184326,1.433864712715149,6.990417957305908
296,435,435 (forward),Forward,False,Train,circle,decreases cell proliferation,Fitness / Proliferation / Viability,Cell-essential genes,Negative Selection,unidirectional,Knockout,Rhabdomyosarcoma Cell Line,Rh30,17637,2017,Meyers RM (2017),29083409,3.4721858501434326,-4.368910789489746,2.2307093143463135,8.57650375366211
297,436,436 (forward),Forward,False,Train,circle,decreases cell proliferation,Fitness / Proliferation / Viability,Cell-essential genes,Negative Selection,unidirectional,Knockout,Cancer Cell Line,RKN,17637,2017,Meyers RM (2017),29083409,3.2097008228302,-5.769346237182617,1.4275420904159546,6.9911956787109375
298,437,437 (forward),Forward,False,Train,circle,decreases cell proliferation,Fitness / Proliferation / Viability,Cell-essential genes,Negative Selection,unidirectional,Knockout,Colonic Cancer Cell Line,RKO,17637,2017,Meyers RM (2017),29083409,4.171825408935547,-4.473896503448486,1.6155225038528442,8.644148826599121
299,438,438 (forward),Forward,False,Train,circle,decreases cell proliferation,Fitness / Proliferation / Viability,Cell-essential genes,Negative Selection,unidirectional,Knockout,Ovarian Cancer Cell Line,RMUG-S,17637,2017,Meyers RM (2017),29083409,2.8974642753601074,-4.686499118804932,2.6854794025421143,8.007899284362793
300,439,439 (forward),Forward,False,Train,circle,decreases cell proliferation,Fitness / Proliferation / Viability,Cell-essential genes,Negative Selection,unidirectional,Knockout,Melanoma Cell Line,RPMI-7951,17637,2017,Meyers RM (2017),29083409,3.340522289276123,-5.778109073638916,1.3312761783599854,7.090603351593018
301,440,440 (forward),Forward,False,Train,circle,decreases cell proliferation,Fitness / Proliferation / Viability,Cell-essential genes,Negative Selection,unidirectional,Knockout,Bladder Transitional Cell Carcinoma Cell Line,RT-4,17637,2017,Meyers RM (2017),29083409,2.647385358810425,-4.221129894256592,3.289236068725586,8.13771915435791
302,441,441 (forward),Forward,False,Train,circle,decreases cell proliferation,Fitness / Proliferation / Viability,Cell-essential genes,Negative Selection,unidirectional,Knockout,Bladder Transitional Cell Carcinoma Cell Line,RT-112,17637,2017,Meyers RM (2017),29083409,3.4798028469085693,-4.873756408691406,1.8458302021026611,8.320137023925781
303,442,442 (forward),Forward,False,Train,circle,decreases cell proliferation,Fitness / Proliferation / Viability,Cell-essential genes,Negative Selection,unidirectional,Knockout,Bladder Carcinoma,RT112/84,17637,2017,Meyers RM (2017),29083409,3.4290554523468018,-5.840972423553467,1.384912371635437,7.063337802886963
304,443,443 (forward),Forward,False,Train,circle,decreases cell proliferation,Fitness / Proliferation / Viability,Cell-essential genes,Negative Selection,unidirectional,Knockout,Melanoma Cell Line,RVH-421,17637,2017,Meyers RM (2017),29083409,3.228419065475464,-4.246893882751465,2.6807751655578613,7.218227863311768
305,444,444 (forward),Forward,False,Train,circle,decreases cell proliferation,Fitness / Proliferation / Viability,Cell-essential genes,Negative Selection,unidirectional,Knockout,Urinary Bladder Squamous Cell Carcinoma Cell Line,SCaBER,17637,2017,Meyers RM (2017),29083409,3.461430311203003,-5.382027626037598,1.925148606300354,7.734902381896973
306,445,445 (forward),Forward,False,Train,circle,decreases cell proliferation,Fitness / Proliferation / Viability,Cell-essential genes,Negative Selection,unidirectional,Knockout,Glioblastoma Cell Line,SF295,17637,2017,Meyers RM (2017),29083409,4.3417277336120605,-5.189077377319336,0.6348505020141602,8.246455192565918
307,446,446 (forward),Forward,False,Train,circle,decreases cell proliferation,Fitness / Proliferation / Viability,Cell-essential genes,Negative Selection,unidirectional,Knockout,Glioblastoma Cell Line,SF767,17637,2017,Meyers RM (2017),29083409,3.0709338188171387,-5.151211261749268,2.0782065391540527,7.652924060821533
308,447,447 (forward),Forward,False,Train,circle,decreases cell proliferation,Fitness / Proliferation / Viability,Cell-essential genes,Negative Selection,unidirectional,Knockout,Gastric Adenocarcinoma Cell Line,SH-10-TC,17637,2017,Meyers RM (2017),29083409,2.9134864807128906,-5.228286266326904,1.9540334939956665,7.285495281219482
309,448,448 (forward),Forward,False,Train,circle,decreases cell proliferation,Fitness / Proliferation / Viability,Cell-essential genes,Negative Selection,unidirectional,Knockout,Adrenal Gland Neuroblastoma,SiMa,17637,2017,Meyers RM (2017),29083409,3.6919429302215576,-4.359364986419678,1.7467710971832275,8.662383079528809
310,449,449 (forward),Forward,False,Train,circle,decreases cell proliferation,Fitness / Proliferation / Viability,Cell-essential genes,Negative Selection,unidirectional,Knockout,Osteosarcoma Cell Line,SJSA-1,17637,2017,Meyers RM (2017),29083409,3.3776097297668457,-5.785914897918701,1.2738481760025024,7.080572605133057
311,450,450 (forward),Forward,False,Train,circle,decreases cell proliferation,Fitness / Proliferation / Viability,Cell-essential genes,Negative Selection,unidirectional,Knockout,Breast Adenocarcinoma Cell Line,SK-BR-3,17637,2017,Meyers RM (2017),29083409,3.5878846645355225,-4.466681957244873,2.239733934402466,8.582963943481445
312,451,451 (forward),Forward,False,Train,circle,decreases cell proliferation,Fitness / Proliferation / Viability,Cell-essential genes,Negative Selection,unidirectional,Knockout,Hepatoma Cell Line,SK-HEP-1,17637,2017,Meyers RM (2017),29083409,3.104995012283325,-4.768767833709717,2.31443452835083,7.982508659362793
313,452,452 (forward),Forward,False,Train,circle,decreases cell proliferation,Fitness / Proliferation / Viability,Cell-essential genes,Negative Selection,unidirectional,Knockout,Melanoma Cell Line,SK-MEL-24,17637,2017,Meyers RM (2017),29083409,2.8154213428497314,-4.475872039794922,2.8931033611297607,7.5260138511657715
314,453,453 (forward),Forward,False,Train,circle,decreases cell proliferation,Fitness / Proliferation / Viability,Cell-essential genes,Negative Selection,unidirectional,Knockout,Melanoma Cell Line,SK-MEL-30,17637,2017,Meyers RM (2017),29083409,3.224547863006592,-4.602486610412598,2.5413105487823486,7.468369483947754
315,454,454 (forward),Forward,False,Train,circle,decreases cell proliferation,Fitness / Proliferation / Viability,Cell-essential genes,Negative Selection,unidirectional,Knockout,Lung Squamous Cell Carcinoma Cell Line,SK-MES-1,17637,2017,Meyers RM (2017),29083409,3.044189214706421,-5.414234161376953,1.7992225885391235,7.161876678466797
316,455,455 (forward),Forward,False,Train,circle,decreases cell proliferation,Fitness / Proliferation / Viability,Cell-essential genes,Negative Selection,unidirectional,Knockout,Neuroblastoma Cell Line,SK-N-AS,17637,2017,Meyers RM (2017),29083409,4.133975982666016,-5.511038780212402,0.8058379888534546,7.766574859619141
317,456,456 (forward),Forward,False,Train,circle,decreases cell proliferation,Fitness / Proliferation / Viability,Cell-essential genes,Negative Selection,unidirectional,Knockout,Neuroblastoma Cell Line,SK-N-BE(2),17637,2017,Meyers RM (2017),29083409,3.0909364223480225,-4.68011474609375,2.539583683013916,7.656372547149658
318,457,457 (forward),Forward,False,Train,circle,decreases cell proliferation,Fitness / Proliferation / Viability,Cell-essential genes,Negative Selection,unidirectional,Knockout,Neuroblastoma Cell Line,SK-N-DZ,17637,2017,Meyers RM (2017),29083409,3.744123935699463,-4.602142333984375,1.7133110761642456,8.652565002441406
319,458,458 (forward),Forward,False,Train,circle,decreases cell proliferation,Fitness / Proliferation / Viability,Cell-essential genes,Negative Selection,unidirectional,Knockout,Neuroblastoma Cell Line,SK-N-FI,17637,2017,Meyers RM (2017),29083409,2.460702419281006,-4.864850044250488,3.0661213397979736,7.669748783111572
320,459,459 (forward),Forward,False,Train,circle,decreases cell proliferation,Fitness / Proliferation / Viability,Cell-essential genes,Negative Selection,unidirectional,Knockout,Neuroepithelioma Cell Line,SK-N-MC,17637,2017,Meyers RM (2017),29083409,2.590512990951538,-4.477142333984375,3.0139808654785156,7.967964172363281
321,460,460 (forward),Forward,False,Train,circle,decreases cell proliferation,Fitness / Proliferation / Viability,Cell-essential genes,Negative Selection,unidirectional,Knockout,Ovary Adenocarcinoma Cell Line,SK-OV-3,17637,2017,Meyers RM (2017),29083409,2.7668280601501465,-5.463181972503662,1.9901432991027832,7.05274772644043
322,461,461 (forward),Forward,False,Train,circle,decreases cell proliferation,Fitness / Proliferation / Viability,Cell-essential genes,Negative Selection,unidirectional,Knockout,Bladder Carcinoma,SLR20,17637,2017,Meyers RM (2017),29083409,3.625218629837036,-5.025442600250244,1.409903645515442,7.951012134552002
323,462,462 (forward),Forward,False,Train,circle,decreases cell proliferation,Fitness / Proliferation / Viability,Cell-essential genes,Negative Selection,unidirectional,Knockout,Cancer Cell Line,SLR23,17637,2017,Meyers RM (2017),29083409,4.081613063812256,-5.413992881774902,0.8645331263542175,7.6597208976745605
324,463,463 (forward),Forward,False,Train,circle,decreases cell proliferation,Fitness / Proliferation / Viability,Cell-essential genes,Negative Selection,unidirectional,Knockout,Renal Cell Carcinoma Cell Line,SLR26,17637,2017,Meyers RM (2017),29083409,2.9594836235046387,-5.6564621925354,1.7730621099472046,6.8992533683776855
325,464,464 (forward),Forward,False,Train,circle,decreases cell proliferation,Fitness / Proliferation / Viability,Cell-essential genes,Negative Selection,unidirectional,Knockout,Endometrial Cancer Cell Line,SNG-M,17637,2017,Meyers RM (2017),29083409,4.055395126342773,-4.6734724044799805,1.3396426439285278,8.578816413879395
326,465,465 (forward),Forward,False,Train,circle,decreases cell proliferation,Fitness / Proliferation / Viability,Cell-essential genes,Negative Selection,unidirectional,Knockout,Gastric Cancer Cell Line,SNU-1,17637,2017,Meyers RM (2017),29083409,4.1442790031433105,-4.578598976135254,1.3321045637130737,8.760040283203125
327,466,466 (forward),Forward,False,Train,circle,decreases cell proliferation,Fitness / Proliferation / Viability,Cell-essential genes,Negative Selection,unidirectional,Knockout,Ovarian Cancer Cell Line,SNU-8,17637,2017,Meyers RM (2017),29083409,3.594259262084961,-5.181205749511719,1.5590053796768188,8.059457778930664
328,467,467 (forward),Forward,False,Train,circle,decreases cell proliferation,Fitness / Proliferation / Viability,Cell-essential genes,Negative Selection,unidirectional,Knockout,Glioma Cell Line,SNU-201,17637,2017,Meyers RM (2017),29083409,3.0613842010498047,-5.367225170135498,1.8404043912887573,7.155795097351074
329,468,468 (forward),Forward,False,Train,circle,decreases cell proliferation,Fitness / Proliferation / Viability,Cell-essential genes,Negative Selection,unidirectional,Knockout,Pancreatic Adenocarcinoma Cell Line,SNU-213,17637,2017,Meyers RM (2017),29083409,2.814284563064575,-4.894142150878906,2.442349910736084,7.7649970054626465
330,469,469 (forward),Forward,False,Train,circle,decreases cell proliferation,Fitness / Proliferation / Viability,Cell-essential genes,Negative Selection,unidirectional,Knockout,Renal Cell Carcinoma Cell Line,SNU-349,17637,2017,Meyers RM (2017),29083409,3.3422577381134033,-5.606431007385254,1.5077422857284546,7.532981872558594
331,470,470 (forward),Forward,False,Train,circle,decreases cell proliferation,Fitness / Proliferation / Viability,Cell-essential genes,Negative Selection,unidirectional,Knockout,Hepatoma Cell Line,SNU-398,17637,2017,Meyers RM (2017),29083409,4.4619221687316895,-4.978424549102783,0.8409708142280579,8.426412582397461
332,471,471 (forward),Forward,False,Train,circle,decreases cell proliferation,Fitness / Proliferation / Viability,Cell-essential genes,Negative Selection,unidirectional,Knockout,Pancreatic Adenocarcinoma Cell Line,SNU-410,17637,2017,Meyers RM (2017),29083409,3.1804611682891846,-5.46535062789917,1.7761955261230469,7.375241756439209
333,472,472 (forward),Forward,False,Train,circle,decreases cell proliferation,Fitness / Proliferation / Viability,Cell-essential genes,Negative Selection,unidirectional,Knockout,Hepatoma Cell Line,SNU-449,17637,2017,Meyers RM (2017),29083409,3.388620615005493,-5.7214179039001465,1.1672990322113037,7.249264717102051
334,473,473 (forward),Forward,False,Train,circle,decreases cell proliferation,Fitness / Proliferation / Viability,Cell-essential genes,Negative Selection,unidirectional,Knockout,Colorectal Cancer Cell Line,SNU-503,17637,2017,Meyers RM (2017),29083409,2.5833964347839355,-4.707880973815918,2.986025810241699,7.890166759490967
335,474,474 (forward),Forward,False,Train,circle,decreases cell proliferation,Fitness / Proliferation / Viability,Cell-essential genes,Negative Selection,unidirectional,Knockout,Uterine Carcinosarcoma Cell Line,SNU-685,17637,2017,Meyers RM (2017),29083409,3.5700201988220215,-5.758452892303467,1.2543936967849731,7.313564777374268
336,475,475 (forward),Forward,False,Train,circle,decreases cell proliferation,Fitness / Proliferation / Viability,Cell-essential genes,Negative Selection,unidirectional,Knockout,Ovarian Cancer Cell Line,SNU-840,17637,2017,Meyers RM (2017),29083409,3.3771352767944336,-4.504498481750488,2.156501531600952,8.178505897521973
337,476,476 (forward),Forward,False,Train,circle,decreases cell proliferation,Fitness / Proliferation / Viability,Cell-essential genes,Negative Selection,unidirectional,Knockout,Pancreatic Cancer Cell Line,SUIT-2,17637,2017,Meyers RM (2017),29083409,3.1320602893829346,-4.404054164886475,2.565950393676758,8.254570960998535
338,477,477 (forward),Forward,False,Train,circle,decreases cell proliferation,Fitness / Proliferation / Viability,Cell-essential genes,Negative Selection,unidirectional,Knockout,Anaplastic Large Cell Lymphoma Cell Line,SUP-M2,17637,2017,Meyers RM (2017),29083409,3.1652889251708984,-4.03528356552124,2.7869534492492676,8.626118659973145
339,478,478 (forward),Forward,False,Train,circle,decreases cell proliferation,Fitness / Proliferation / Viability,Cell-essential genes,Negative Selection,unidirectional,Knockout,T-lymphoma cell line,SUP-T1,17637,2017,Meyers RM (2017),29083409,2.7233376502990723,-4.051597595214844,3.2230610847473145,8.41067123413086
340,479,479 (forward),Forward,False,Train,circle,decreases cell proliferation,Fitness / Proliferation / Viability,Cell-essential genes,Negative Selection,unidirectional,Knockout,Colorectal Adenocarcinoma Cell Line,SW48,17637,2017,Meyers RM (2017),29083409,3.165802240371704,-4.445265769958496,2.5861713886260986,8.171392440795898
341,480,480 (forward),Forward,False,Train,circle,decreases cell proliferation,Fitness / Proliferation / Viability,Cell-essential genes,Negative Selection,unidirectional,Knockout,Colonic Adenocarcinoma Cell Line,SW403,17637,2017,Meyers RM (2017),29083409,2.6640617847442627,-4.392905235290527,3.2576470375061035,8.133038520812988
342,481,481 (forward),Forward,False,Train,circle,decreases cell proliferation,Fitness / Proliferation / Viability,Cell-essential genes,Negative Selection,unidirectional,Knockout,Colonic Adenocarcinoma Cell Line,SW620,17637,2017,Meyers RM (2017),29083409,4.092886447906494,-4.564647674560547,1.3940738439559937,8.735919952392578
343,482,482 (forward),Forward,False,Train,circle,decreases cell proliferation,Fitness / Proliferation / Viability,Cell-essential genes,Negative Selection,unidirectional,Knockout,Colonic Cancer Cell Line,SW837,17637,2017,Meyers RM (2017),29083409,3.002899646759033,-5.080757141113281,2.3032031059265137,7.982699871063232
344,483,483 (forward),Forward,False,Train,circle,decreases cell proliferation,Fitness / Proliferation / Viability,Cell-essential genes,Negative Selection,unidirectional,Knockout,Colonic Cancer Cell Line,SW1463,17637,2017,Meyers RM (2017),29083409,3.2728431224823,-4.912510395050049,1.9155778884887695,7.813321590423584
345,484,484 (forward),Forward,False,Train,circle,decreases cell proliferation,Fitness / Proliferation / Viability,Cell-essential genes,Negative Selection,unidirectional,Knockout,Pancreatic Adenocarcinoma Cell Line,T3M-4,17637,2017,Meyers RM (2017),29083409,3.2715535163879395,-5.525249481201172,1.7777546644210815,7.388723850250244
346,485,485 (forward),Forward,False,Train,circle,decreases cell proliferation,Fitness / Proliferation / Viability,Cell-essential genes,Negative Selection,unidirectional,Knockout,Urinary Bladder Cancer Cell Line,T24,17637,2017,Meyers RM (2017),29083409,2.9687812328338623,-4.784590721130371,2.4162487983703613,7.719733715057373
347,486,486 (forward),Forward,False,Train,circle,decreases cell proliferation,Fitness / Proliferation / Viability,Cell-essential genes,Negative Selection,unidirectional,Knockout,Colonic Cancer Cell Line,T84,17637,2017,Meyers RM (2017),29083409,3.6743581295013428,-4.479271411895752,1.9604114294052124,8.559011459350586
348,487,487 (forward),Forward,False,Train,circle,decreases cell proliferation,Fitness / Proliferation / Viability,Cell-essential genes,Negative Selection,unidirectional,Knockout,Glioblastoma Cell Line,T98G,17637,2017,Meyers RM (2017),29083409,2.854260206222534,-5.453419208526611,2.002933979034424,7.1229376792907715
349,488,488 (forward),Forward,False,Train,circle,decreases cell proliferation,Fitness / Proliferation / Viability,Cell-essential genes,Negative Selection,unidirectional,Knockout,Cancer Cell Line,TCC-Pan2,17637,2017,Meyers RM (2017),29083409,4.070109844207764,-5.447801113128662,0.8862457275390625,7.760807514190674
350,489,489 (forward),Forward,False,Train,circle,decreases cell proliferation,Fitness / Proliferation / Viability,Cell-essential genes,Negative Selection,unidirectional,Knockout,Bladder Carcinoma,TCCSUP,17637,2017,Meyers RM (2017),29083409,4.1326141357421875,-5.318955421447754,0.6770290732383728,8.021449089050293
351,490,490 (forward),Forward,False,Train,circle,decreases cell proliferation,Fitness / Proliferation / Viability,Cell-essential genes,Negative Selection,unidirectional,Knockout,Esophageal Squamous Cell Carcinoma Cell Line,TE-1,17637,2017,Meyers RM (2017),29083409,3.032416343688965,-5.15582275390625,2.090869903564453,7.9967217445373535
352,491,491 (forward),Forward,False,Train,circle,decreases cell proliferation,Fitness / Proliferation / Viability,Cell-essential genes,Negative Selection,unidirectional,Knockout,Esophageal Squamous Cell Carcinoma Cell Line,TE-5,17637,2017,Meyers RM (2017),29083409,3.6785173416137695,-4.824233531951904,1.7851535081863403,8.386540412902832
353,492,492 (forward),Forward,False,Train,circle,decreases cell proliferation,Fitness / Proliferation / Viability,Cell-essential genes,Negative Selection,unidirectional,Knockout,Endometrial Cancer Cell Line,TEN,17637,2017,Meyers RM (2017),29083409,3.0909175872802734,-5.179787635803223,1.9515212774276733,7.7432861328125
354,493,493 (forward),Forward,False,Train,circle,decreases cell proliferation,Fitness / Proliferation / Viability,Cell-essential genes,Negative Selection,unidirectional,Knockout,Erythroleukemia Cell Line,TF-1,17637,2017,Meyers RM (2017),29083409,3.502408027648926,-5.0291290283203125,2.0426955223083496,8.125493049621582
355,494,494 (forward),Forward,False,Train,circle,decreases cell proliferation,Fitness / Proliferation / Viability,Cell-essential genes,Negative Selection,unidirectional,Knockout,Ovarian Cancer Cell Line,TOV-21G,17637,2017,Meyers RM (2017),29083409,4.239833354949951,-4.8637542724609375,0.9771636724472046,8.343672752380371
356,495,495 (forward),Forward,False,Train,circle,decreases cell proliferation,Fitness / Proliferation / Viability,Cell-essential genes,Negative Selection,unidirectional,Knockout,Glioblastoma Cell Line,U-118MG,17637,2017,Meyers RM (2017),29083409,3.0270304679870605,-5.607150077819824,1.635519027709961,7.001861095428467
357,496,496 (forward),Forward,False,Train,circle,decreases cell proliferation,Fitness / Proliferation / Viability,Cell-essential genes,Negative Selection,unidirectional,Knockout,Glioma Cell Line,U-178MG,17637,2017,Meyers RM (2017),29083409,2.587631940841675,-4.792177677154541,2.5989108085632324,7.559741020202637
358,497,497 (forward),Forward,False,Train,circle,decreases cell proliferation,Fitness / Proliferation / Viability,Cell-essential genes,Negative Selection,unidirectional,Knockout,Renal Cell Carcinoma Cell Line,UOK101,17637,2017,Meyers RM (2017),29083409,3.4051597118377686,-5.5507636070251465,1.6464334726333618,7.590842247009277
359,498,498 (forward),Forward,False,Train,circle,decreases cell proliferation,Fitness / Proliferation / Viability,Cell-essential genes,Negative Selection,unidirectional,Knockout,Melanoma Cell Line,WM1799,17637,2017,Meyers RM (2017),29083409,3.2266547679901123,-4.231485366821289,2.7235870361328125,7.356823444366455
360,503,503 (forward),Forward,False,Train,circle,impacts cell proliferation,Fitness / Proliferation / Viability,Cell-essential genes and growth restrictive genes,Positive and Negative Selection,recovered_bidirectional,Knockout,B-lymphoma cell line,BJAB,18701,2017,Reddy A (2017),28985567,5.565572261810303,-1.0424859523773193,8.125988960266113,6.2814764976501465
361,504,504 (forward),Forward,False,Train,circle,impacts cell proliferation,Fitness / Proliferation / Viability,Cell-essential genes and growth restrictive genes,Positive and Negative Selection,recovered_bidirectional,Knockout,Lymphoma or Leukaemia Cell Line,SU-DHL-4,18701,2017,Reddy A (2017),28985567,5.5898566246032715,-1.0386167764663696,8.061936378479004,6.214915752410889
362,505,505 (forward),Forward,False,Train,circle,impacts cell proliferation,Fitness / Proliferation / Viability,Cell-essential genes and growth restrictive genes,Positive and Negative Selection,recovered_bidirectional,Knockout,Lymphoblastoid Cell Line,Pfeiffer,18700,2017,Reddy A (2017),28985567,5.629981517791748,-0.9462884664535522,8.065701484680176,6.196765899658203
363,506,506 (forward),Forward,False,Train,circle,impacts cell proliferation,Fitness / Proliferation / Viability,Cell-essential genes and growth restrictive genes,Positive and Negative Selection,recovered_bidirectional,Knockout,B-cell non-Hodgkin lymphoma cell line,OCI-Ly3,18701,2017,Reddy A (2017),28985567,5.559248924255371,-1.0605900287628174,7.908841133117676,6.294829845428467
364,507,507 (forward),Forward,False,Train,circle,impacts cell proliferation,Fitness / Proliferation / Viability,Cell-essential genes and growth restrictive genes,Positive and Negative Selection,recovered_bidirectional,Knockout,Diffuse Large B-cell Lymphoma Cell,HBL-1,18701,2017,Reddy A (2017),28985567,5.5447821617126465,-1.0991895198822021,8.010068893432617,6.228529453277588
365,508,508 (forward),Forward,False,Train,circle,impacts cell proliferation,Fitness / Proliferation / Viability,Cell-essential genes and growth restrictive genes,Positive and Negative Selection,recovered_bidirectional,Knockout,Lymphoma or Leukaemia Cell Line,TMD8,18701,2017,Reddy A (2017),28985567,5.759214401245117,-0.9580689072608948,8.30493450164795,6.1223626136779785
366,509,509 (forward),Forward,False,Train,circle,decreases cell proliferation,Fitness / Proliferation / Viability,Cell-essential genes,Negative Selection,unidirectional,Knockout,Colonic Adenocarcinoma Cell Line,C2BBe1,17637,2017,Meyers RM (2017),29083409,3.1819145679473877,-4.836030006408691,2.0806171894073486,7.805608749389648
367,510,510 (forward),Forward,False,Train,circle,decreases cell proliferation,Fitness / Proliferation / Viability,Cell-essential genes,Negative Selection,unidirectional,Knockout,Melanoma Cell Line,C32,17637,2017,Meyers RM (2017),29083409,3.325916051864624,-4.851529598236084,2.409074306488037,7.119320392608643
368,511,511 (forward),Forward,False,Train,circle,decreases cell proliferation,Fitness / Proliferation / Viability,Cell-essential genes,Negative Selection,unidirectional,Knockout,Renal Cell Carcinoma Cell Line,Caki-1,17637,2017,Meyers RM (2017),29083409,2.72749924659729,-5.417590618133545,2.0208044052124023,7.0721845626831055
369,512,512 (forward),Forward,False,Train,circle,decreases cell proliferation,Fitness / Proliferation / Viability,Cell-essential genes,Negative Selection,unidirectional,Knockout,Cancer Cell Line,Caki-2,17637,2017,Meyers RM (2017),29083409,2.677154064178467,-4.623041152954102,2.9593801498413086,7.756972789764404
370,513,513 (forward),Forward,False,Train,circle,decreases cell proliferation,Fitness / Proliferation / Viability,Cell-essential genes,Negative Selection,unidirectional,Knockout,Breast Adenocarcinoma Cell Line,CAL-51,17637,2017,Meyers RM (2017),29083409,4.061376094818115,-4.3702521324157715,1.477676510810852,8.738245010375977
371,514,514 (forward),Forward,False,Train,circle,decreases cell proliferation,Fitness / Proliferation / Viability,Cell-essential genes,Negative Selection,unidirectional,Knockout,Esophageal Squamous Cell Carcinoma Cell Line,KYSE-30,17637,2017,Meyers RM (2017),29083409,3.9340004920959473,-4.751339912414551,1.3761091232299805,8.50438404083252
372,515,515 (forward),Forward,False,Train,circle,decreases cell proliferation,Fitness / Proliferation / Viability,Cell-essential genes,Negative Selection,unidirectional,Knockout,Endometrial Cancer Cell Line,HEC-6,17637,2017,Meyers RM (2017),29083409,2.842514991760254,-5.2557148933410645,2.170661211013794,7.752702713012695
373,516,516 (forward),Forward,False,Train,circle,decreases cell proliferation,Fitness / Proliferation / Viability,Cell-essential genes,Negative Selection,unidirectional,Knockout,Chondrosarcoma,CAL-78,17637,2017,Meyers RM (2017),29083409,2.9099409580230713,-5.552978038787842,1.9282535314559937,7.076451301574707
374,517,517 (forward),Forward,False,Train,circle,decreases cell proliferation,Fitness / Proliferation / Viability,Cell-essential genes,Negative Selection,unidirectional,Knockout,Lung Cancer Cell Line,Calu-6,17637,2017,Meyers RM (2017),29083409,3.243173360824585,-5.798585414886475,1.4526160955429077,7.136524677276611
375,518,518 (forward),Forward,False,Train,circle,decreases cell proliferation,Fitness / Proliferation / Viability,Cell-essential genes,Negative Selection,unidirectional,Knockout,Breast Adenocarcinoma Cell Line,CAMA-1,17637,2017,Meyers RM (2017),29083409,3.1214210987091064,-4.680403709411621,2.347731828689575,8.171759605407715
376,519,519 (forward),Forward,False,Train,circle,decreases cell proliferation,Fitness / Proliferation / Viability,Cell-essential genes,Negative Selection,unidirectional,Knockout,Glioblastoma Cell Line,CAS-1,17637,2017,Meyers RM (2017),29083409,2.676708698272705,-4.958398342132568,2.5627565383911133,7.420956134796143
377,520,520 (forward),Forward,False,Train,circle,decreases cell proliferation,Fitness / Proliferation / Viability,Cell-essential genes,Negative Selection,unidirectional,Knockout,Astrocytoma Cell Line,CCF-STTG1,17637,2017,Meyers RM (2017),29083409,3.023585796356201,-5.189852237701416,1.9968618154525757,7.666929721832275
378,521,521 (forward),Forward,False,Train,circle,decreases cell proliferation,Fitness / Proliferation / Viability,Cell-essential genes,Negative Selection,unidirectional,Knockout,Colonic Adenocarcinoma Cell Line,CCK-81,17637,2017,Meyers RM (2017),29083409,2.6289398670196533,-4.170642852783203,3.3469078540802,8.20376968383789
379,522,522 (forward),Forward,False,Train,circle,decreases cell proliferation,Fitness / Proliferation / Viability,Cell-essential genes,Negative Selection,unidirectional,Knockout,Lung Cancer Cell Line,ChaGo-K-1,17637,2017,Meyers RM (2017),29083409,3.2206268310546875,-4.739793300628662,2.169006824493408,8.502190589904785
380,523,523 (forward),Forward,False,Train,circle,decreases cell proliferation,Fitness / Proliferation / Viability,Cell-essential genes,Negative Selection,unidirectional,Knockout,Neuroblastoma Cell Line,CHP-212,17637,2017,Meyers RM (2017),29083409,3.57804799079895,-5.237509250640869,1.5067930221557617,7.3876423835754395
381,524,524 (forward),Forward,False,Train,circle,decreases cell proliferation,Fitness / Proliferation / Viability,Cell-essential genes,Negative Selection,unidirectional,Knockout,Colorectal Cancer Cell Line,CL-40,17637,2017,Meyers RM (2017),29083409,3.659409284591675,-5.079202651977539,1.186944842338562,8.05328369140625
382,525,525 (forward),Forward,False,Train,circle,decreases cell proliferation,Fitness / Proliferation / Viability,Cell-essential genes,Negative Selection,unidirectional,Knockout,Colonic Cancer Cell Line,COLO 678,17637,2017,Meyers RM (2017),29083409,2.987443685531616,-4.6856369972229,2.4422190189361572,8.058340072631836
383,526,526 (forward),Forward,False,Train,circle,decreases cell proliferation,Fitness / Proliferation / Viability,Cell-essential genes,Negative Selection,unidirectional,Knockout,Melanoma Cell Line,COLO 679,17637,2017,Meyers RM (2017),29083409,3.1448814868927,-4.440318584442139,2.5821259021759033,7.351322650909424
384,527,527 (forward),Forward,False,Train,circle,decreases cell proliferation,Fitness / Proliferation / Viability,Cell-essential genes,Negative Selection,unidirectional,Knockout,Melanoma Cell Line,COLO 792,17637,2017,Meyers RM (2017),29083409,2.963179349899292,-4.6720499992370605,2.5209391117095947,7.881107807159424
385,528,528 (forward),Forward,False,Train,circle,decreases cell proliferation,Fitness / Proliferation / Viability,Cell-essential genes,Negative Selection,unidirectional,Knockout,Melanoma Cell Line,COLO 800,17637,2017,Meyers RM (2017),29083409,3.2765161991119385,-4.274811267852783,2.6179020404815674,7.232320308685303
386,529,529 (forward),Forward,False,Train,circle,decreases cell proliferation,Fitness / Proliferation / Viability,Cell-essential genes,Negative Selection,unidirectional,Knockout,Lung Cancer Cell Line,COR-L47,17637,2017,Meyers RM (2017),29083409,2.599311113357544,-4.398873805999756,3.242133855819702,7.973390102386475
387,530,530 (forward),Forward,False,Train,circle,decreases cell proliferation,Fitness / Proliferation / Viability,Cell-essential genes,Negative Selection,unidirectional,Knockout,Lung Cancer Cell Line,COR-L279,17637,2017,Meyers RM (2017),29083409,2.805338144302368,-4.588724136352539,2.6566929817199707,8.156656265258789
388,531,531 (forward),Forward,False,Train,circle,decreases cell proliferation,Fitness / Proliferation / Viability,Cell-essential genes,Negative Selection,unidirectional,Knockout,Ovarian Cancer Cell Line,COV318,17637,2017,Meyers RM (2017),29083409,3.15266489982605,-5.103265762329102,1.8232738971710205,8.059164047241211
389,532,532 (forward),Forward,False,Train,circle,decreases cell proliferation,Fitness / Proliferation / Viability,Cell-essential genes,Negative Selection,unidirectional,Knockout,Cancer Cell Line,COV362,17637,2017,Meyers RM (2017),29083409,3.061143159866333,-4.947774887084961,2.289271354675293,8.147699356079102
390,533,533 (forward),Forward,False,Train,circle,decreases cell proliferation,Fitness / Proliferation / Viability,Cell-essential genes,Negative Selection,unidirectional,Knockout,Ovarian Cancer Cell Line,COV434,17637,2017,Meyers RM (2017),29083409,4.31921911239624,-5.014349937438965,0.9170427918434143,8.397286415100098
391,534,534 (forward),Forward,False,Train,circle,decreases cell proliferation,Fitness / Proliferation / Viability,Cell-essential genes,Negative Selection,unidirectional,Knockout,Ovarian Cancer Cell Line,COV504,17637,2017,Meyers RM (2017),29083409,3.843745231628418,-5.156773567199707,1.3866569995880127,8.194234848022461
392,535,535 (forward),Forward,False,Train,circle,decreases cell proliferation,Fitness / Proliferation / Viability,Cell-essential genes,Negative Selection,unidirectional,Knockout,Cancer Cell Line,COV644,17637,2017,Meyers RM (2017),29083409,2.81327486038208,-4.829523086547852,2.4325826168060303,7.9344282150268555
393,536,536 (forward),Forward,False,Train,circle,decreases cell proliferation,Fitness / Proliferation / Viability,Cell-essential genes,Negative Selection,unidirectional,Knockout,Bladder Carcinoma,CAL-29,17637,2017,Meyers RM (2017),29083409,3.7261619567871094,-5.125254154205322,1.567624568939209,8.179713249206543
394,537,537 (forward),Forward,False,Train,circle,decreases cell proliferation,Fitness / Proliferation / Viability,Cell-essential genes,Negative Selection,unidirectional,Knockout,Melanoma Cell Line,A-375,17595,2016,Aguirre AJ (2016),27260156,6.313765048980713,-0.783911406993866,9.132203102111816,5.658764362335205
395,538,538 (forward),Forward,False,Train,circle,decreases cell proliferation,Fitness / Proliferation / Viability,Cell-essential genes,Negative Selection,unidirectional,Knockout,Rhabdomyosarcoma Cell Line,A-673,17595,2016,Aguirre AJ (2016),27260156,6.381615161895752,-0.8813511729240417,8.958755493164062,5.641350269317627
396,539,539 (forward),Forward,False,Train,circle,decreases cell proliferation,Fitness / Proliferation / Viability,Cell-essential genes,Negative Selection,unidirectional,Knockout,Pancreatic Adenocarcinoma Cell Line,BxPC-3,17595,2016,Aguirre AJ (2016),27260156,6.385226249694824,-0.8012164831161499,9.038002967834473,5.667062282562256
397,540,540 (forward),Forward,False,Train,circle,decreases cell proliferation,Fitness / Proliferation / Viability,Cell-essential genes,Negative Selection,unidirectional,Knockout,Cancer Cell Line,CADO-ES1,17595,2016,Aguirre AJ (2016),27260156,6.295583248138428,-0.9366315007209778,8.928613662719727,5.643346786499023
398,541,541 (forward),Forward,False,Train,circle,decreases cell proliferation,Fitness / Proliferation / Viability,Cell-essential genes,Negative Selection,unidirectional,Knockout,Breast Cancer Cell Line,CAL-120,17595,2016,Aguirre AJ (2016),27260156,6.225533962249756,-0.881103515625,8.834080696105957,5.8357696533203125
399,542,542 (forward),Forward,False,Train,circle,decreases cell proliferation,Fitness / Proliferation / Viability,Cell-essential genes,Negative Selection,unidirectional,Knockout,Lung Cancer Cell Line,COR-L105,17595,2016,Aguirre AJ (2016),27260156,6.3175950050354,-0.8199640512466431,8.990671157836914,5.691287517547607
400,543,543 (forward),Forward,False,Train,circle,decreases cell proliferation,Fitness / Proliferation / Viability,Cell-essential genes,Negative Selection,unidirectional,Knockout,Cancer Cell Line,EW-8,17595,2016,Aguirre AJ (2016),27260156,6.362254619598389,-0.8786110877990723,9.031851768493652,5.715138912200928
401,544,544 (forward),Forward,False,Train,circle,decreases cell proliferation,Fitness / Proliferation / Viability,Cell-essential genes,Negative Selection,unidirectional,Knockout,Cancer Cell Line,EWS-502,17595,2016,Aguirre AJ (2016),27260156,6.333286285400391,-0.8707512021064758,8.967916488647461,5.675897121429443
402,545,545 (forward),Forward,False,Train,circle,decreases cell proliferation,Fitness / Proliferation / Viability,Cell-essential genes,Negative Selection,unidirectional,Knockout,Renal Cancer Cell Line,G-402,17595,2016,Aguirre AJ (2016),27260156,6.296999454498291,-0.8075353503227234,9.04704475402832,5.697893142700195
403,546,546 (forward),Forward,False,Train,circle,decreases cell proliferation,Fitness / Proliferation / Viability,Cell-essential genes,Negative Selection,unidirectional,Knockout,Lung Cancer Cell Line,HCC44,17595,2016,Aguirre AJ (2016),27260156,6.3386454582214355,-0.8462540507316589,8.960128784179688,5.588761806488037
404,547,547 (forward),Forward,False,Train,circle,decreases cell proliferation,Fitness / Proliferation / Viability,Cell-essential genes,Negative Selection,unidirectional,Knockout,Melanoma Cell Line,Hs 294T,17595,2016,Aguirre AJ (2016),27260156,6.340235710144043,-0.8120967745780945,9.029108047485352,5.640442848205566
405,548,548 (forward),Forward,False,Train,circle,decreases cell proliferation,Fitness / Proliferation / Viability,Cell-essential genes,Negative Selection,unidirectional,Knockout,Colonic Adenocarcinoma Cell Line,HT-29,17595,2016,Aguirre AJ (2016),27260156,6.347442150115967,-0.8215616345405579,9.060860633850098,5.709585666656494
406,549,549 (forward),Forward,False,Train,circle,decreases cell proliferation,Fitness / Proliferation / Viability,Cell-essential genes,Negative Selection,unidirectional,Knockout,Chronic Myeloid Leukemia Cell Line,K-562,17595,2016,Aguirre AJ (2016),27260156,6.098191261291504,-0.9755184054374695,8.80207633972168,5.806118965148926
407,550,550 (forward),Forward,False,Train,circle,decreases cell proliferation,Fitness / Proliferation / Viability,Cell-essential genes,Negative Selection,unidirectional,Knockout,Pancreatic Cancer Cell Line,L3.3,17595,2016,Aguirre AJ (2016),27260156,6.279993057250977,-0.9200104475021362,8.86892318725586,5.761826038360596
408,551,551 (forward),Forward,False,Train,circle,decreases cell proliferation,Fitness / Proliferation / Viability,Cell-essential genes,Negative Selection,unidirectional,Knockout,Prostate Cancer Cell Line,LNCaP,17595,2016,Aguirre AJ (2016),27260156,6.278783798217773,-0.8497464656829834,8.896299362182617,5.7196807861328125
409,552,552 (forward),Forward,False,Train,circle,decreases cell proliferation,Fitness / Proliferation / Viability,Cell-essential genes,Negative Selection,unidirectional,Knockout,Melanoma Cell Line,MeWo,17595,2016,Aguirre AJ (2016),27260156,6.3608198165893555,-0.872661828994751,9.012405395507812,5.669920921325684
410,553,553 (forward),Forward,False,Train,circle,decreases cell proliferation,Fitness / Proliferation / Viability,Cell-essential genes,Negative Selection,unidirectional,Knockout,Cancer Cell Line,MHH-ES-1,17595,2016,Aguirre AJ (2016),27260156,6.391171932220459,-0.838841438293457,9.072068214416504,5.615017890930176
411,554,554 (forward),Forward,False,Train,circle,decreases cell proliferation,Fitness / Proliferation / Viability,Cell-essential genes,Negative Selection,unidirectional,Knockout,Lung Cancer Cell Line,NCI-H1373,17595,2016,Aguirre AJ (2016),27260156,6.357919692993164,-0.8217517137527466,8.99852180480957,5.770012378692627
412,555,555 (forward),Forward,False,Train,circle,decreases cell proliferation,Fitness / Proliferation / Viability,Cell-essential genes,Negative Selection,unidirectional,Knockout,Lung Cancer Cell Line,NCI-H2009,17595,2016,Aguirre AJ (2016),27260156,6.351301193237305,-0.7890701293945312,9.116296768188477,5.787729740142822
413,556,556 (forward),Forward,False,Train,circle,decreases cell proliferation,Fitness / Proliferation / Viability,Cell-essential genes,Negative Selection,unidirectional,Knockout,Pancreatic Cancer Cell Line,PANC-1,17595,2016,Aguirre AJ (2016),27260156,6.374629974365234,-0.8314050436019897,9.062971115112305,5.6487016677856445
414,557,557 (forward),Forward,False,Train,circle,decreases cell proliferation,Fitness / Proliferation / Viability,Cell-essential genes,Negative Selection,unidirectional,Knockout,Cancer Cell Line,Panc 03.27,17595,2016,Aguirre AJ (2016),27260156,6.3582987785339355,-0.7939645648002625,9.048189163208008,5.757582187652588
415,558,558 (forward),Forward,False,Train,circle,decreases cell proliferation,Fitness / Proliferation / Viability,Cell-essential genes,Negative Selection,unidirectional,Knockout,Cancer Cell Line,Panc 08.13,17595,2016,Aguirre AJ (2016),27260156,6.378458023071289,-0.8192154765129089,9.121696472167969,5.766125679016113
416,559,559 (forward),Forward,False,Train,circle,decreases cell proliferation,Fitness / Proliferation / Viability,Cell-essential genes,Negative Selection,unidirectional,Knockout,Cancer Cell Line,PaTu 8902,17595,2016,Aguirre AJ (2016),27260156,6.399599075317383,-0.7928932309150696,9.186136245727539,5.751262664794922
417,560,560 (forward),Forward,False,Train,circle,decreases cell proliferation,Fitness / Proliferation / Viability,Cell-essential genes,Negative Selection,unidirectional,Knockout,Cancer Cell Line,PaTu 8988s,17595,2016,Aguirre AJ (2016),27260156,6.34211540222168,-0.7919071316719055,9.141433715820312,5.640722751617432
418,561,561 (forward),Forward,False,Train,circle,decreases cell proliferation,Fitness / Proliferation / Viability,Cell-essential genes,Negative Selection,unidirectional,Knockout,Prostate Cancer Cell Line,PC-3,17595,2016,Aguirre AJ (2016),27260156,6.065625190734863,-0.891281247138977,8.766392707824707,5.832203388214111
419,562,562 (forward),Forward,False,Train,circle,decreases cell proliferation,Fitness / Proliferation / Viability,Cell-essential genes,Negative Selection,unidirectional,Knockout,Cancer Cell Line,RD-ES,17595,2016,Aguirre AJ (2016),27260156,6.356025218963623,-0.8601498007774353,8.991141319274902,5.759246826171875
420,563,563 (forward),Forward,False,Train,circle,decreases cell proliferation,Fitness / Proliferation / Viability,Cell-essential genes,Negative Selection,unidirectional,Knockout,Cancer Cell Line,SK-ES-1,17595,2016,Aguirre AJ (2016),27260156,6.392025470733643,-0.9075616002082825,8.958353996276855,5.594294548034668
421,564,564 (forward),Forward,False,Train,circle,decreases cell proliferation,Fitness / Proliferation / Viability,Cell-essential genes,Negative Selection,unidirectional,Knockout,Pancreatic Ductal Adenocarcinoma Cell Line,SU.86.86,17595,2016,Aguirre AJ (2016),27260156,6.410985469818115,-0.8058004379272461,9.188090324401855,5.647064685821533
422,565,565 (forward),Forward,False,Train,circle,decreases cell proliferation,Fitness / Proliferation / Viability,Cell-essential genes,Negative Selection,unidirectional,Knockout,Breast Cancer Cell Line,T-47D,17595,2016,Aguirre AJ (2016),27260156,5.806875705718994,-0.9104993939399719,8.492463111877441,6.070286750793457
423,566,566 (forward),Forward,False,Train,circle,decreases cell proliferation,Fitness / Proliferation / Viability,Cell-essential genes,Negative Selection,unidirectional,Knockout,Ewing's Sarcoma Cell Line,TC-32,17595,2016,Aguirre AJ (2016),27260156,6.282055377960205,-0.943322479724884,8.89648723602295,5.701577186584473
424,567,567 (forward),Forward,False,Train,circle,decreases cell proliferation,Fitness / Proliferation / Viability,Cell-essential genes,Negative Selection,unidirectional,Knockout,Ewing's Sarcoma Cell Line,TC-71,17595,2016,Aguirre AJ (2016),27260156,6.4056267738342285,-0.9572036862373352,8.929779052734375,5.637296199798584
425,568,568 (forward),Forward,False,Train,circle,decreases cell proliferation,Fitness / Proliferation / Viability,Cell-essential genes,Negative Selection,unidirectional,Knockout,Ovarian Cancer Cell Line,TOV-112D,17595,2016,Aguirre AJ (2016),27260156,6.453264236450195,-0.9416654706001282,8.972757339477539,5.601166248321533
426,569,569 (forward),Forward,False,Train,circle,decreases cell proliferation,Fitness / Proliferation / Viability,Cell-essential genes,Negative Selection,unidirectional,Knockout,Colorectal Cancer Cell Line,COLO 741,17595,2016,Aguirre AJ (2016),27260156,6.352334022521973,-0.8910914659500122,9.026176452636719,5.547440052032471
427,570,570 (forward),Forward,False,Train,circle,decreases cell proliferation,Fitness / Proliferation / Viability,Cell-essential genes,Negative Selection,unidirectional,Knockout,Glioblastoma Cell Line,GSC-0131,17964,2015,Toledo CM (2015),26673326,5.851390838623047,-0.7806949615478516,8.32271671295166,5.746913433074951
428,571,571 (forward),Forward,False,Train,circle,decreases cell proliferation,Fitness / Proliferation / Viability,Cell-essential genes,Negative Selection,unidirectional,Knockout,Glioblastoma Cell Line,GSC-0827,17964,2015,Toledo CM (2015),26673326,5.893453598022461,-0.7450723052024841,8.409723281860352,5.772590637207031
429,572,572 (forward),Forward,False,Train,circle,decreases cell proliferation,Fitness / Proliferation / Viability,Cell-essential genes,Negative Selection,unidirectional,Knockout,Neural Stem Cell Line,NSC-CB660,17964,2015,Toledo CM (2015),26673326,5.852682113647461,-0.7559669017791748,8.31131362915039,5.760286808013916
430,573,573 (forward),Forward,False,Train,circle,decreases cell proliferation,Fitness / Proliferation / Viability,Cell-essential genes,Negative Selection,unidirectional,Knockout,Neural Stem Cell Line,NSC-U5,17964,2015,Toledo CM (2015),26673326,5.859208583831787,-0.8153997659683228,8.304340362548828,5.742478370666504
431,574,574 (forward),Forward,False,Train,circle,decreases cell proliferation,Fitness / Proliferation / Viability,Cell-essential genes,Negative Selection,unidirectional,Knockout,Acute Myeloid Leukemia Cell Line,MOLM-13,17966,2016,Tzelepis K (2016),27760321,-0.6137877702713013,-0.9720371961593628,7.958135604858398,3.65815806388855
432,575,575 (forward),Forward,False,Train,circle,decreases cell proliferation,Fitness / Proliferation / Viability,Cell-essential genes,Negative Selection,unidirectional,Knockout,Acute Myeloid Leukemia Cell Line,MV4-11,17966,2016,Tzelepis K (2016),27760321,-0.5556902289390564,-1.0186259746551514,7.9331464767456055,3.7335269451141357
433,576,576 (forward),Forward,False,Train,circle,decreases cell proliferation,Fitness / Proliferation / Viability,Cell-essential genes,Negative Selection,unidirectional,Knockout,Acute Myeloid Leukemia Cell Line,OCI-AML-2,17966,2016,Tzelepis K (2016),27760321,-0.57234787940979,-0.9927246570587158,7.926898002624512,3.767322063446045
434,577,577 (forward),Forward,False,Train,circle,decreases cell proliferation,Fitness / Proliferation / Viability,Cell-essential genes,Negative Selection,unidirectional,Knockout,Acute Myeloid Leukemia Cell Line,OCI-AML-3,17966,2016,Tzelepis K (2016),27760321,-0.5902193784713745,-0.9783269166946411,7.929649829864502,3.7428970336914062
435,583,583 (forward),Forward,False,Train,circle,increases NCOA4 protein accumulation as measured by GFP-tagged NCOA4 in cells,Trafficking / Localization / Structural Phenotypes,Regulators of NCOA4 abundance,Phenotype Screen,unidirectional,Knockout,Glioma Cell Line,H4,17850,2017,Goodwin JM (2017),28877469,4.154797554016113,0.734107255935669,8.523906707763672,9.204829216003418
436,584,584 (forward),Forward,False,Train,circle,increases drug resistance to vemurafenib,Drug / Chemical / Environmental Response,Increased drug resistance,Positive Selection,unidirectional,Knockout,Melanoma Cell Line,A-375,2371,2016,Doench JG (2016),26780180,6.34147834777832,2.7490642070770264,11.867340087890625,9.871400833129883
437,585,585 (forward),Forward,False,Train,circle,increases resistance to vemurafenib as measured by increased cell survival/proliferation under treatment,Drug / Chemical / Environmental Response,Increased drug resistance,Positive Selection,unidirectional,Knockout,Melanoma Cell Line,A-375,2333,2016,Doench JG (2016),26780180,6.347267150878906,2.742802858352661,11.853547096252441,9.860849380493164
438,586,586 (forward),Forward,False,Train,circle,increases protein accumulation as measured by increased p62 levels,Molecular Output / Reporter / Pathway Activity,Regulators of autophagy,Phenotype Screen,unidirectional,Knockout,Glioma Cell Line,H4,1046,2017,Goodwin JM (2017),28877469,4.055941581726074,0.9116997122764587,8.632890701293945,9.387571334838867
439,587,587 (forward),Forward,False,Train,circle,decreases p62 protein accumulation as measured by reduced GFP-p62 levels in FACS,Trafficking / Localization / Structural Phenotypes,Regulators of autophagy,Phenotype Screen,unidirectional,Knockout,Glioma Cell Line,H4,1046,2017,Goodwin JM (2017),28877469,4.483997821807861,-5.4938812255859375,0.33577975630760193,8.063558578491211
440,588,588 (forward),Forward,False,Train,circle,increases p62 protein accumulation in FIP200 knockout cells,Molecular Output / Reporter / Pathway Activity,Regulators of autophagy in the absence of FIP200,Phenotype Screen,unidirectional,Knockout,Glioma Cell Line,H4,1046,2017,Goodwin JM (2017),28877469,4.1044206619262695,0.8713265061378479,8.590825080871582,9.296653747558594
441,589,589 (forward),Forward,False,Train,circle,decreases p62 protein accumulation as measured by reduced GFP-p62 levels in a FIP200 knockout background,Molecular Output / Reporter / Pathway Activity,Regulators of autophagy in the absence of FIP200,Phenotype Screen,unidirectional,Knockout,Glioma Cell Line,H4,1046,2017,Goodwin JM (2017),28877469,4.497761249542236,-5.547763347625732,0.35314106941223145,8.036189079284668
442,590,590 (forward),Forward,False,Train,circle,increases TAX1BP1 protein accumulation as measured by GFP-tag and FACS sorting,Trafficking / Localization / Structural Phenotypes,Regulators of TAX1BP1 abundance,Phenotype Screen,unidirectional,Knockout,Glioma Cell Line,H4,1046,2017,Goodwin JM (2017),28877469,4.065149784088135,0.9929518103599548,8.666707038879395,9.406654357910156
443,591,591 (forward),Forward,False,Train,circle,decreases TAX1BP1 protein abundance as determined by GFP-tag and FACS sorting,Molecular Output / Reporter / Pathway Activity,Regulators of TAX1BP1 abundance,Phenotype Screen,unidirectional,Knockout,Glioma Cell Line,H4,1046,2017,Goodwin JM (2017),28877469,4.477042198181152,-5.511587619781494,0.3439617156982422,8.03551959991455
444,592,592 (forward),Forward,False,Train,circle,increases TAX1BP1 protein accumulation in a FIP200 knockout background as measured by GFP-tag levels via FACS sorting,Trafficking / Localization / Structural Phenotypes,Regulators of TAX1BP1 abundance in the absence of FIP200,Phenotype Screen,unidirectional,Knockout,Glioma Cell Line,H4,1046,2017,Goodwin JM (2017),28877469,4.112292766571045,0.9814411401748657,8.679319381713867,9.356589317321777
445,593,593 (forward),Forward,False,Train,circle,decreases TAX1BP1 protein accumulation in a FIP200 knockout background,Trafficking / Localization / Structural Phenotypes,Regulators of TAX1BP1 abundance in the absence of FIP200,Phenotype Screen,unidirectional,Knockout,Glioma Cell Line,H4,1046,2017,Goodwin JM (2017),28877469,4.4959588050842285,-5.494463920593262,0.3581009805202484,8.03995418548584
446,594,594 (forward),Forward,False,Train,circle,increases resistance to vemurafenib,Drug / Chemical / Environmental Response,Increased drug resistance,Positive Selection,unidirectional,Knockout,Melanoma Cell Line,A-375,880,2016,Doench JG (2016),26780180,6.361063003540039,2.8333723545074463,11.89572525024414,9.887163162231445
447,595,595 (forward),Forward,False,Train,circle,increases drug resistance to vemurafenib,Drug / Chemical / Environmental Response,Increased drug resistance,Positive Selection,unidirectional,Knockout,Melanoma Cell Line,A-375,881,2016,Doench JG (2016),26780180,6.3528337478637695,2.7862470149993896,11.907122611999512,9.867422103881836
448,596,596 (forward),Forward,False,Train,circle,increases resistance to vemurafenib in A-375 cells,Drug / Chemical / Environmental Response,Increased drug resistance,Positive Selection,unidirectional,Knockout,Melanoma Cell Line,A-375,2265,2016,Doench JG (2016),26780180,6.362930774688721,2.7915687561035156,11.910202026367188,9.857332229614258
449,597,597 (forward),Forward,False,Train,circle,impacts cell proliferation,Fitness / Proliferation / Viability,Cell-essential genes and growth restrictive genes,Positive and Negative Selection,recovered_bidirectional,Knockout,Embryonic Stem Cell Line,h-pES10,18110,2018,Yilmaz A (2018),29662178,4.5762834548950195,-0.21338745951652527,8.371115684509277,7.947061538696289
450,600,600 (forward),Forward,False,Train,circle,decreases cell proliferation,Fitness / Proliferation / Viability,Cell-essential genes,Negative Selection,unidirectional,Knockout,Melanoma Cell Line,A-375,2410,2016,Doench JG (2016),26780180,2.567580223083496,-4.083975791931152,3.476043462753296,8.273955345153809
451,601,601 (forward),Forward,False,Train,circle,decreases cell proliferation,Fitness / Proliferation / Viability,Cell-essential genes,Negative Selection,unidirectional,Knockout,Melanoma Cell Line,A-375,2336,2016,Doench JG (2016),26780180,2.593257188796997,-4.037003040313721,3.484429359436035,8.31272029876709
452,602,602 (forward),Forward,False,Train,circle,decreases cell proliferation,Fitness / Proliferation / Viability,Cell-essential genes,Negative Selection,unidirectional,Knockout,Colonic Adenocarcinoma Cell Line,HT-29,2010,2016,Doench JG (2016),26780180,2.5441713333129883,-4.111954212188721,3.4569857120513916,8.27825927734375
453,603,603 (forward),Forward,False,Train,circle,decreases cell proliferation,Fitness / Proliferation / Viability,Cell-essential genes,Negative Selection,unidirectional,Knockout,Melanoma Cell Line,A-375,2838,2016,Doench JG (2016),26780180,5.429407119750977,-0.7257524132728577,8.366525650024414,6.455419540405273
454,604,604 (forward),Forward,False,Train,circle,decreases cell proliferation,Fitness / Proliferation / Viability,Cell-essential genes,Negative Selection,unidirectional,Knockout,Colonic Adenocarcinoma Cell Line,HT-29,2669,2016,Doench JG (2016),26780180,5.8105292320251465,-0.8576737642288208,8.48221206665039,6.138731479644775
455,611,611 (forward),Forward,False,Train,circle,increases resistance to interferon gamma as measured by increased cell proliferation,Drug / Chemical / Environmental Response,Increased ligand resistance,Positive Selection,unidirectional,Knockout,Microglial Cell Line,BV-2,322,2016,Doench JG (2016),26780180,5.266297817230225,3.7573649883270264,11.036165237426758,10.628849029541016
456,613,613 (forward),Forward,False,Train,circle,increases cell proliferation,Fitness / Proliferation / Viability,Suppressors of tumorigenesis or proliferation,Positive Selection,unidirectional,Knockout,Mammary Epithelial Cell Line,HMEC,18084,2018,Sack LM (2018),29576454,4.920721054077148,4.8178629875183105,11.006103515625,10.836372375488281
457,614,614 (forward),Forward,False,Train,circle,decreases cell proliferation,Fitness / Proliferation / Viability,Growth-promoting genes and oncogenes,Negative Selection,unidirectional,Knockout,Mammary Epithelial Cell Line,HMEC,18084,2018,Sack LM (2018),29576454,4.650529384613037,-0.12577691674232483,8.350052833557129,7.81803560256958
458,626,626 (forward),Forward,False,Train,circle,increases melanoma cell resistance to T cell-mediated cytolysis,Drug / Chemical / Environmental Response,Cell-essential genes,Positive Selection,unidirectional,Knockout,Melanoma Cell Line,624-mel,947,2017,Patel SJ (2017),28783722,3.7376463413238525,4.044185638427734,10.735461235046387,10.92063045501709
459,627,627 (forward),Forward,False,Train,circle,decreases cell proliferation,Fitness / Proliferation / Viability,Cell-essential genes,Negative Selection,unidirectional,Knockout,Melanoma Cell Line,624-mel,870,2017,Patel SJ (2017),28783722,5.2124762535095215,-0.6302250027656555,8.342595100402832,6.443574905395508
460,629,629 (forward),Forward,False,Train,circle,decreases cell proliferation,Fitness / Proliferation / Viability,Cell-essential genes,Negative Selection,unidirectional,Knockout,Colonic Adenocarcinoma Cell Line,DLD-1,18072,2017,Martin TD (2017),28700943,4.591543197631836,-0.15100497007369995,8.29833984375,7.943042755126953
461,631,631 (forward),Forward,False,Train,circle,increases drug resistance to methotrexate as measured by increased cell proliferation,Drug / Chemical / Environmental Response,Increased drug resistance,Positive Selection,unidirectional,Knockout,Erythroleukemia Cell Line,HEL,74,2018,Kanarek N (2018),29995852,4.658275127410889,4.560316562652588,10.720608711242676,10.458669662475586
462,632,632 (forward),Forward,False,Train,circle,increases resistance to the BRD4 inhibitor JQ1 as measured by increased cell proliferation under JQ1 treatment,Drug / Chemical / Environmental Response,Increased drug resistance,Positive Selection,unidirectional,Knockout,NMC-G1 cell,10-15,496,2018,Liao S (2018),30135075,5.691774845123291,3.7656760215759277,10.891231536865234,10.302056312561035
463,639,639 (forward),Forward,False,Train,circle,decreases cell proliferation in AML cells,Fitness / Proliferation / Viability,Cell-essential genes from a targeted transcription factor screen,Negative Selection,unidirectional,Knockout,Acute Myeloid Leukemia Cell Line,MOLM-13,479,2018,Tarumoto Y (2018),29526696,-8.900154113769531,3.7408175468444824,-1.8282254934310913,-6.681704521179199
464,640,640 (forward),Forward,False,Train,circle,decreases cell proliferation,Fitness / Proliferation / Viability,Cell-essential genes from a targeted transcription factor screen,Negative Selection,unidirectional,Knockout,Acute Myeloid Leukemia Cell Line,MV4-11,479,2018,Tarumoto Y (2018),29526696,-8.886391639709473,3.7291929721832275,-1.8465787172317505,-6.700553894042969
465,641,641 (forward),Forward,False,Train,circle,decreases cell proliferation,Fitness / Proliferation / Viability,Cell-essential genes from a targeted transcription factor screen,Negative Selection,unidirectional,Knockout,Acute Myeloid Leukemia Cell Line,NOMO-1,479,2018,Tarumoto Y (2018),29526696,-8.901300430297852,3.7595808506011963,-1.8472859859466553,-6.700572490692139
466,642,642 (forward),Forward,False,Train,circle,decreases cell proliferation,Fitness / Proliferation / Viability,Cell-essential genes from a targeted transcription factor screen,Negative Selection,unidirectional,Knockout,Monocytic Leukemia Cell Line,THP-1,479,2018,Tarumoto Y (2018),29526696,-8.870583534240723,3.7066898345947266,-1.7891743183135986,-6.642696857452393
467,643,643 (forward),Forward,False,Train,circle,decreases cell proliferation,Fitness / Proliferation / Viability,Cell-essential genes from a targeted transcription factor screen,Negative Selection,unidirectional,Knockout,Erythroleukemia Cell Line,HEL,479,2018,Tarumoto Y (2018),29526696,-8.71927261352539,3.56730580329895,-1.817033052444458,-6.670562744140625
468,644,644 (forward),Forward,False,Train,circle,decreases cell proliferation,Fitness / Proliferation / Viability,Cell-essential genes from a targeted transcription factor screen,Negative Selection,unidirectional,Knockout,Acute Myeloid Leukemia Cell Line,SET-2,479,2018,Tarumoto Y (2018),29526696,-8.86086368560791,3.7035765647888184,-1.8548592329025269,-6.708329200744629
469,645,645 (forward),Forward,False,Train,circle,decreases cell proliferation,Fitness / Proliferation / Viability,Cell-essential genes from a targeted transcription factor screen,Negative Selection,unidirectional,Knockout,Acute Myeloid Leukemia Cell Line,OCI-AML-3,479,2018,Tarumoto Y (2018),29526696,-8.94202995300293,3.7785496711730957,-1.8166595697402954,-6.670207500457764
470,646,646 (forward),Forward,False,Train,circle,decreases cell proliferation,Fitness / Proliferation / Viability,Cell-essential genes from a targeted transcription factor screen,Negative Selection,unidirectional,Knockout,Lymphoma Cell Line,U-937,479,2018,Tarumoto Y (2018),29526696,-8.83045768737793,3.6724987030029297,-1.7797602415084839,-6.633248805999756
471,647,647 (forward),Forward,False,Train,circle,decreases cell proliferation,Fitness / Proliferation / Viability,Cell-essential genes from a targeted transcription factor screen,Negative Selection,unidirectional,Knockout,Chronic Myeloid Leukemia Cell Line,K-562,479,2018,Tarumoto Y (2018),29526696,-8.928990364074707,3.766167640686035,-1.7847332954406738,-6.638228893280029
472,648,648 (forward),Forward,False,Train,circle,decreases cell proliferation,Fitness / Proliferation / Viability,Cell-essential genes from a targeted transcription factor screen,Negative Selection,unidirectional,Knockout,Lung Cancer Cell Line,DMS 114,479,2018,Tarumoto Y (2018),29526696,-8.861401557922363,3.6994118690490723,-1.7674412727355957,-6.620905876159668
473,649,649 (forward),Forward,False,Train,circle,decreases cell proliferation,Fitness / Proliferation / Viability,Cell-essential genes from a targeted transcription factor screen,Negative Selection,unidirectional,Knockout,Lung Cancer Cell Line,NCI-H446,479,2018,Tarumoto Y (2018),29526696,-8.853160858154297,3.688835620880127,-1.7213683128356934,-6.574855327606201
474,650,650 (forward),Forward,False,Train,circle,decreases cell proliferation,Fitness / Proliferation / Viability,Cell-essential genes from a targeted transcription factor screen,Negative Selection,unidirectional,Knockout,Lung Cancer Cell Line,NCI-H526,479,2018,Tarumoto Y (2018),29526696,-8.862396240234375,3.697193145751953,-1.7165577411651611,-6.570030689239502
475,651,651 (forward),Forward,False,Train,circle,decreases cell proliferation,Fitness / Proliferation / Viability,Cell-essential genes from a targeted transcription factor screen,Negative Selection,unidirectional,Knockout,Lung Cancer Cell Line,NCI-H82,479,2018,Tarumoto Y (2018),29526696,-8.894118309020996,3.726912021636963,-1.754961371421814,-6.608441352844238
476,652,652 (forward),Forward,False,Train,circle,decreases cell proliferation,Fitness / Proliferation / Viability,Cell-essential genes from a targeted transcription factor screen,Negative Selection,unidirectional,Knockout,Lung Cancer Cell Line,A-549,479,2018,Tarumoto Y (2018),29526696,-8.941557884216309,3.7551586627960205,-1.7352081537246704,-6.588688850402832
477,653,653 (forward),Forward,False,Train,circle,decreases cell proliferation,Fitness / Proliferation / Viability,Cell-essential genes from a targeted transcription factor screen,Negative Selection,unidirectional,Knockout,Pancreatic Adenocarcinoma Cell Line,AsPC-1,479,2018,Tarumoto Y (2018),29526696,-8.836792945861816,3.674654483795166,-1.6841555833816528,-6.537624835968018
478,654,654 (forward),Forward,False,Train,circle,decreases cell proliferation,Fitness / Proliferation / Viability,Cell-essential genes from a targeted transcription factor screen,Negative Selection,unidirectional,Knockout,Pancreatic Ductal Adenocarcinoma Cell Line,CFPAC-1,479,2018,Tarumoto Y (2018),29526696,-8.852740287780762,3.6764514446258545,-1.7383763790130615,-6.591878890991211
479,655,655 (forward),Forward,False,Train,circle,decreases cell proliferation,Fitness / Proliferation / Viability,Cell-essential genes from a targeted transcription factor screen,Negative Selection,unidirectional,Knockout,Pancreatic Adenocarcinoma Cell Line,BxPC-3,479,2018,Tarumoto Y (2018),29526696,-8.8147554397583,3.6539928913116455,-1.6266212463378906,-6.480051517486572
480,656,656 (forward),Forward,False,Train,circle,decreases cell proliferation in AML cells,Fitness / Proliferation / Viability,Cell-essential genes from a targeted transcription factor screen,Negative Selection,unidirectional,Knockout,Cancer Cell Line,MIA PaCa-2,479,2018,Tarumoto Y (2018),29526696,-8.887065887451172,3.7404050827026367,-1.717790961265564,-6.571284294128418
481,657,657 (forward),Forward,False,Train,circle,decreases cell proliferation,Fitness / Proliferation / Viability,Cell-essential genes from a targeted transcription factor screen,Negative Selection,unidirectional,Knockout,Pancreatic Cancer Cell Line,SUIT-2,479,2018,Tarumoto Y (2018),29526696,-8.88945198059082,3.7215054035186768,-1.7772003412246704,-6.630734443664551
482,658,658 (forward),Forward,False,Train,circle,decreases cell proliferation,Fitness / Proliferation / Viability,Cell-essential genes from a targeted transcription factor screen,Negative Selection,unidirectional,Knockout,Hepatoma Cell Line,Hep-G2,479,2018,Tarumoto Y (2018),29526696,-8.924529075622559,3.738917350769043,-1.678558111190796,-6.531998157501221
483,659,659 (forward),Forward,False,Train,circle,decreases cell proliferation,Fitness / Proliferation / Viability,Cell-essential genes from a targeted transcription factor screen,Negative Selection,unidirectional,Knockout,Hepatoma Cell Line,HuH-1,478,2018,Tarumoto Y (2018),29526696,-8.916234016418457,3.755411148071289,-1.7727077007293701,-6.626138210296631
484,660,660 (forward),Forward,False,Train,circle,decreases cell proliferation in AML cells,Fitness / Proliferation / Viability,Cell-essential genes from a targeted transcription factor screen,Negative Selection,unidirectional,Knockout,Hepatoma Cell Line,Hep 3B2.1-7,479,2018,Tarumoto Y (2018),29526696,-8.97978687286377,3.771641254425049,-1.7422775030136108,-6.595783233642578
485,661,661 (forward),Forward,False,Train,circle,decreases cell proliferation,Fitness / Proliferation / Viability,Cell-essential genes from a targeted transcription factor screen,Negative Selection,unidirectional,Knockout,Hepatoma Cell Line,SNU-449,479,2018,Tarumoto Y (2018),29526696,-8.903321266174316,3.73433518409729,-1.7280672788619995,-6.581545352935791
486,662,662 (forward),Forward,False,Train,circle,decreases cell proliferation,Fitness / Proliferation / Viability,Cell-essential genes from a targeted transcription factor screen,Negative Selection,unidirectional,Knockout,Hepatoma Cell Line,SNU-475,479,2018,Tarumoto Y (2018),29526696,-8.89480209350586,3.726928949356079,-1.7302595376968384,-6.583739757537842
487,663,663 (forward),Forward,False,Train,circle,decreases cell proliferation,Fitness / Proliferation / Viability,Cell-essential genes from a targeted transcription factor screen,Negative Selection,unidirectional,Knockout,Hepatoma Cell Line,SNU-387,478,2018,Tarumoto Y (2018),29526696,-8.943395614624023,3.7537763118743896,-1.7522151470184326,-6.605722904205322
488,664,664 (forward),Forward,False,Train,circle,decreases cell proliferation,Fitness / Proliferation / Viability,Cell-essential genes from a targeted transcription factor screen,Negative Selection,unidirectional,Knockout,Hepatoma Cell Line,SNU-423,479,2018,Tarumoto Y (2018),29526696,-8.884735107421875,3.7160065174102783,-1.7413028478622437,-6.594781875610352
489,665,665 (forward),Forward,False,Train,circle,decreases cell proliferation,Fitness / Proliferation / Viability,Cell-essential genes from a targeted transcription factor screen,Negative Selection,unidirectional,Knockout,Acute Myeloid Leukemia Cell Line,MOLM-13,1427,2018,Tarumoto Y (2018),29526696,-4.9020586013793945,1.8616834878921509,-8.957796096801758,1.9964752197265625
490,666,666 (forward),Forward,False,Train,circle,decreases cell proliferation,Fitness / Proliferation / Viability,Cell-essential genes from a targeted transcription factor screen,Negative Selection,unidirectional,Knockout,Acute Myeloid Leukemia Cell Line,MV4-11,1427,2018,Tarumoto Y (2018),29526696,-4.897707939147949,1.8666126728057861,-8.927491188049316,2.026369333267212
491,667,667 (forward),Forward,False,Train,circle,decreases cell proliferation,Fitness / Proliferation / Viability,Cell-essential genes from a targeted transcription factor screen,Negative Selection,unidirectional,Knockout,Acute Myeloid Leukemia Cell Line,NOMO-1,1427,2018,Tarumoto Y (2018),29526696,-4.92318058013916,1.8344831466674805,-8.95434856414795,1.9995040893554688
492,668,668 (forward),Forward,False,Train,circle,decreases cell proliferation,Fitness / Proliferation / Viability,Cell-essential genes from a targeted transcription factor screen,Negative Selection,unidirectional,Knockout,Monocytic Leukemia Cell Line,THP-1,1427,2018,Tarumoto Y (2018),29526696,-4.88761568069458,1.8731693029403687,-8.942018508911133,2.0118696689605713
493,669,669 (forward),Forward,False,Train,circle,decreases AML cell proliferation,Fitness / Proliferation / Viability,Cell-essential genes from a targeted transcription factor screen,Negative Selection,unidirectional,Knockout,Erythroleukemia Cell Line,HEL,1426,2018,Tarumoto Y (2018),29526696,-4.892425060272217,1.8728481531143188,-8.983109474182129,1.9707659482955933
494,670,670 (forward),Forward,False,Train,circle,decreases cell proliferation,Fitness / Proliferation / Viability,Cell-essential genes from a targeted transcription factor screen,Negative Selection,unidirectional,Knockout,Acute Myeloid Leukemia Cell Line,SET-2,1427,2018,Tarumoto Y (2018),29526696,-4.916385173797607,1.8478437662124634,-9.008970260620117,1.9448630809783936
495,671,671 (forward),Forward,False,Train,circle,decreases cell proliferation,Fitness / Proliferation / Viability,Cell-essential genes from a targeted transcription factor screen,Negative Selection,unidirectional,Knockout,Acute Myeloid Leukemia Cell Line,OCI-AML-3,1427,2018,Tarumoto Y (2018),29526696,-4.8844804763793945,1.8798000812530518,-8.929866790771484,2.024003267288208
496,672,672 (forward),Forward,False,Train,circle,decreases cell proliferation,Fitness / Proliferation / Viability,Cell-essential genes from a targeted transcription factor screen,Negative Selection,unidirectional,Knockout,Lymphoma Cell Line,U-937,1427,2018,Tarumoto Y (2018),29526696,-4.904712677001953,1.8590912818908691,-8.973944664001465,1.9800268411636353
497,673,673 (forward),Forward,False,Train,circle,decreases cell proliferation,Fitness / Proliferation / Viability,Cell-essential genes from a targeted transcription factor screen,Negative Selection,unidirectional,Knockout,Chronic Myeloid Leukemia Cell Line,K-562,1427,2018,Tarumoto Y (2018),29526696,-4.897019863128662,1.867673635482788,-8.993230819702148,1.9606889486312866
498,674,674 (forward),Forward,False,Train,circle,decreases cell proliferation,Fitness / Proliferation / Viability,Cell-essential genes from a targeted transcription factor screen,Negative Selection,unidirectional,Knockout,Lung Cancer Cell Line,DMS 114,1427,2018,Tarumoto Y (2018),29526696,-4.908989906311035,1.8572090864181519,-9.001333236694336,1.952599048614502
499,675,675 (forward),Forward,False,Train,circle,decreases cell proliferation,Fitness / Proliferation / Viability,Cell-essential genes from a targeted transcription factor screen,Negative Selection,unidirectional,Knockout,Lung Cancer Cell Line,NCI-H446,1426,2018,Tarumoto Y (2018),29526696,-4.855987548828125,1.9098745584487915,-9.034631729125977,1.9192317724227905
500,676,676 (forward),Forward,False,Train,circle,decreases cell proliferation,Fitness / Proliferation / Viability,Cell-essential genes from a targeted transcription factor screen,Negative Selection,unidirectional,Knockout,Lung Cancer Cell Line,NCI-H526,1427,2018,Tarumoto Y (2018),29526696,-4.860621929168701,1.904924988746643,-8.978886604309082,1.9750369787216187
501,677,677 (forward),Forward,False,Train,circle,decreases cell proliferation,Fitness / Proliferation / Viability,Cell-essential genes from a targeted transcription factor screen,Negative Selection,unidirectional,Knockout,Lung Cancer Cell Line,NCI-H82,1427,2018,Tarumoto Y (2018),29526696,-4.865175247192383,1.9006849527359009,-9.022445678710938,1.931460976600647
502,678,678 (forward),Forward,False,Train,circle,decreases cell proliferation,Fitness / Proliferation / Viability,Cell-essential genes from a targeted transcription factor screen,Negative Selection,unidirectional,Knockout,Lung Cancer Cell Line,A-549,1427,2018,Tarumoto Y (2018),29526696,-4.891762733459473,1.8741822242736816,-9.059184074401855,1.8947712182998657
503,679,679 (forward),Forward,False,Train,circle,decreases cell proliferation of AML cells,Fitness / Proliferation / Viability,Cell-essential genes from a targeted transcription factor screen,Negative Selection,unidirectional,Knockout,Pancreatic Adenocarcinoma Cell Line,AsPC-1,1427,2018,Tarumoto Y (2018),29526696,-4.930271148681641,1.8356631994247437,-8.967082977294922,1.9868566989898682
504,680,680 (forward),Forward,False,Train,circle,decreases cell proliferation,Fitness / Proliferation / Viability,Cell-essential genes from a targeted transcription factor screen,Negative Selection,unidirectional,Knockout,Pancreatic Ductal Adenocarcinoma Cell Line,CFPAC-1,1427,2018,Tarumoto Y (2018),29526696,-4.896838188171387,1.875349998474121,-8.962053298950195,1.9918791055679321
505,681,681 (forward),Forward,False,Train,circle,decreases cell proliferation,Fitness / Proliferation / Viability,Cell-essential genes from a targeted transcription factor screen,Negative Selection,unidirectional,Knockout,Pancreatic Adenocarcinoma Cell Line,BxPC-3,1427,2018,Tarumoto Y (2018),29526696,-4.90151309967041,1.864048719406128,-8.92240047454834,2.031547784805298
506,682,682 (forward),Forward,False,Train,circle,decreases cell proliferation,Fitness / Proliferation / Viability,Cell-essential genes from a targeted transcription factor screen,Negative Selection,unidirectional,Knockout,Cancer Cell Line,MIA PaCa-2,1427,2018,Tarumoto Y (2018),29526696,-4.89732551574707,1.8687736988067627,-9.00780200958252,1.9461925029754639
507,683,683 (forward),Forward,False,Train,circle,decreases cell proliferation,Fitness / Proliferation / Viability,Cell-essential genes from a targeted transcription factor screen,Negative Selection,unidirectional,Knockout,Pancreatic Cancer Cell Line,SUIT-2,1427,2018,Tarumoto Y (2018),29526696,-4.882908344268799,1.8837556838989258,-9.00969123840332,1.9443233013153076
508,689,689 (forward),Forward,False,Train,circle,increases drug sensitivity as measured by decreased cell proliferation,Drug / Chemical / Environmental Response,Increased drug sensitivity,Negative Selection,unidirectional,Knockout,Pancreatic Cancer Cell Line,PANC-1,19007,2019,Bakke J (2019),30898113,4.259725570678711,-0.7355629801750183,8.437891006469727,7.915630340576172
509,691,691 (forward),Forward,False,Train,circle,decreases cell proliferation,Fitness / Proliferation / Viability,Cell-essential genes,Negative Selection,unidirectional,Knockout,Prostate Cancer Cell Line,22Rv1,17956,2019,Behan FM (2019),30971826,-5.537593364715576,-4.138277530670166,13.659728050231934,-2.820482015609741
510,692,692 (forward),Forward,False,Train,circle,decreases cell proliferation,Fitness / Proliferation / Viability,Cell-essential genes,Negative Selection,unidirectional,Knockout,Gastric Adenocarcinoma Cell Line,23132/87,17956,2019,Behan FM (2019),30971826,-5.648762226104736,-4.366710662841797,13.460679054260254,-3.05230450630188
511,693,693 (forward),Forward,False,Train,circle,decreases cell proliferation,Fitness / Proliferation / Viability,Cell-essential genes,Negative Selection,unidirectional,Knockout,Glioblastoma Cell Line,42-MG-BA,17956,2019,Behan FM (2019),30971826,-6.137146949768066,-4.556060314178467,13.778573036193848,-3.128035306930542
512,694,694 (forward),Forward,False,Train,circle,decreases cell proliferation,Fitness / Proliferation / Viability,Cell-essential genes,Negative Selection,unidirectional,Knockout,Cancer Cell Line,769-P,17956,2019,Behan FM (2019),30971826,-5.303143501281738,-4.2648091316223145,13.535805702209473,-2.6750638484954834
513,695,695 (forward),Forward,False,Train,circle,decreases cell proliferation,Fitness / Proliferation / Viability,Cell-essential genes,Negative Selection,unidirectional,Knockout,Glioblastoma Cell Line,8-MG-BA,17956,2019,Behan FM (2019),30971826,-5.241495609283447,-4.789174556732178,12.727442741394043,-2.8628087043762207
514,696,696 (forward),Forward,False,Train,circle,decreases cell proliferation,Fitness / Proliferation / Viability,Cell-essential genes,Negative Selection,unidirectional,Knockout,Cancer Cell Line,A172,17956,2019,Behan FM (2019),30971826,-5.59919548034668,-4.101510047912598,13.800878524780273,-2.7941460609436035
515,697,697 (forward),Forward,False,Train,circle,decreases cell proliferation,Fitness / Proliferation / Viability,Cell-essential genes,Negative Selection,unidirectional,Knockout,Melanoma Cell Line,A2058,17956,2019,Behan FM (2019),30971826,-5.3203301429748535,-5.12054967880249,12.537018775939941,-3.3702337741851807
516,698,698 (forward),Forward,False,Train,circle,decreases cell proliferation (fitness),Fitness / Proliferation / Viability,Cell-essential genes,Negative Selection,unidirectional,Knockout,Salivary Gland Cancer Cell,A253,17956,2019,Behan FM (2019),30971826,-5.9269022941589355,-4.646852016448975,13.346152305603027,-3.5297205448150635
517,699,699 (forward),Forward,False,Train,circle,decreases cell proliferation,Fitness / Proliferation / Viability,Cell-essential genes,Negative Selection,unidirectional,Knockout,Ovarian Cancer Cell Line,A2780,17956,2019,Behan FM (2019),30971826,-5.462309837341309,-4.660806179046631,13.14475154876709,-3.0526092052459717
518,700,700 (forward),Forward,False,Train,circle,decreases cell proliferation (cellular fitness),Fitness / Proliferation / Viability,Cell-essential genes,Negative Selection,unidirectional,Knockout,Ovary Adenocarcinoma Cell Line,A2780ADR,17956,2019,Behan FM (2019),30971826,-5.090188026428223,-4.546796798706055,13.090991020202637,-2.540006160736084
519,701,701 (forward),Forward,False,Train,circle,decreases cell proliferation,Fitness / Proliferation / Viability,Cell-essential genes,Negative Selection,unidirectional,Knockout,Ovary Adenocarcinoma Cell Line,A2780cis,17956,2019,Behan FM (2019),30971826,-5.411292552947998,-4.482865333557129,13.169588088989258,-2.8277461528778076
520,702,702 (forward),Forward,False,Train,circle,decreases cell proliferation,Fitness / Proliferation / Viability,Cell-essential genes,Negative Selection,unidirectional,Knockout,Melanoma Cell Line,A-375,17956,2019,Behan FM (2019),30971826,-5.682339668273926,-5.204719066619873,12.849821090698242,-3.6936757564544678
521,703,703 (forward),Forward,False,Train,circle,decreases cell proliferation,Fitness / Proliferation / Viability,Cell-essential genes,Negative Selection,unidirectional,Knockout,Lung Cancer Cell Line,A-549,17956,2019,Behan FM (2019),30971826,-5.704558849334717,-4.512589454650879,13.599609375,-3.029446840286255
522,704,704 (forward),Forward,False,Train,circle,decreases cell proliferation,Fitness / Proliferation / Viability,Cell-essential genes,Negative Selection,unidirectional,Knockout,Gastric Adenocarcinoma Cell Line,AGS,17956,2019,Behan FM (2019),30971826,-5.280646324157715,-5.329933166503906,12.38514232635498,-3.445462465286255
523,705,705 (forward),Forward,False,Train,circle,decreases cell proliferation,Fitness / Proliferation / Viability,Cell-essential genes,Negative Selection,unidirectional,Knockout,Glioblastoma Cell Line,AM-38,17956,2019,Behan FM (2019),30971826,-5.730576038360596,-4.219415187835693,13.531841278076172,-3.0862224102020264
524,706,706 (forward),Forward,False,Train,circle,decreases cell proliferation,Fitness / Proliferation / Viability,Cell-essential genes,Negative Selection,unidirectional,Knockout,B-lymphoblastoid cell line,ARH-77,17956,2019,Behan FM (2019),30971826,-4.987756252288818,-4.8733439445495605,12.69671630859375,-2.766643762588501
525,707,707 (forward),Forward,False,Train,circle,decreases cell proliferation,Fitness / Proliferation / Viability,Cell-essential genes,Negative Selection,unidirectional,Knockout,Pancreatic Adenocarcinoma Cell Line,AsPC-1,17956,2019,Behan FM (2019),30971826,-6.61608362197876,-4.70205545425415,13.838021278381348,-4.15238094329834
526,708,708 (forward),Forward,False,Train,circle,decreases cell proliferation,Fitness / Proliferation / Viability,Cell-essential genes,Negative Selection,unidirectional,Knockout,Breast Cancer Cell Line,AU565,17956,2019,Behan FM (2019),30971826,-6.538619518280029,-4.7157697677612305,13.707318305969238,-3.9489235877990723
527,709,709 (forward),Forward,False,Train,circle,decreases cell proliferation,Fitness / Proliferation / Viability,Cell-essential genes,Negative Selection,unidirectional,Knockout,Head and Neck Squamous Cell Carcinoma Cell Line,BB30-HNC,17956,2019,Behan FM (2019),30971826,-6.004204750061035,-4.694633960723877,13.518462181091309,-3.53743314743042
528,710,710 (forward),Forward,False,Train,circle,decreases cell proliferation,Fitness / Proliferation / Viability,Cell-essential genes,Negative Selection,unidirectional,Knockout,Neuroblastoma Cell Line,SK-N-BE(2)-M17,17956,2019,Behan FM (2019),30971826,-5.288471221923828,-4.688676357269287,12.900771141052246,-2.8697946071624756
529,711,711 (forward),Forward,False,Train,circle,decreases cell proliferation,Fitness / Proliferation / Viability,Cell-essential genes,Negative Selection,unidirectional,Knockout,Astrocytoma Cell Line,Becker,17956,2019,Behan FM (2019),30971826,-6.024646759033203,-4.309391021728516,13.835344314575195,-3.5101277828216553
530,712,712 (forward),Forward,False,Train,circle,decreases cell proliferation,Fitness / Proliferation / Viability,Cell-essential genes,Negative Selection,unidirectional,Knockout,Oral Squamous Cell Carcinoma Cell Line,BHY,17956,2019,Behan FM (2019),30971826,-5.7987565994262695,-5.022347450256348,12.918274879455566,-3.513831377029419
531,713,713 (forward),Forward,False,Train,circle,decreases cell proliferation/fitness,Fitness / Proliferation / Viability,Cell-essential genes,Negative Selection,unidirectional,Knockout,Oral Squamous Cell Carcinoma Cell Line,BICR 10,17956,2019,Behan FM (2019),30971826,-5.263296127319336,-5.02010440826416,12.662549018859863,-3.0880722999572754
532,714,714 (forward),Forward,False,Train,circle,decreases cell proliferation,Fitness / Proliferation / Viability,Cell-essential genes,Negative Selection,unidirectional,Knockout,Cancer Cell Line,BICR 22,17956,2019,Behan FM (2019),30971826,-5.817485809326172,-4.471057891845703,13.532815933227539,-3.3650224208831787
533,715,715 (forward),Forward,False,Train,circle,decreases cell proliferation,Fitness / Proliferation / Viability,Cell-essential genes,Negative Selection,unidirectional,Knockout,Oral Squamous Cell Carcinoma Cell Line,BICR 78,17956,2019,Behan FM (2019),30971826,-6.118021488189697,-4.550090789794922,13.704360961914062,-3.6021883487701416
534,716,716 (forward),Forward,False,Train,circle,decreases cell proliferation,Fitness / Proliferation / Viability,Cell-essential genes,Negative Selection,unidirectional,Knockout,Pancreatic Adenocarcinoma Cell Line,BxPC-3,17956,2019,Behan FM (2019),30971826,-6.155013561248779,-4.141717910766602,13.988558769226074,-3.3474464416503906
535,717,717 (forward),Forward,False,Train,circle,decreases cell proliferation,Fitness / Proliferation / Viability,Cell-essential genes,Negative Selection,unidirectional,Knockout,Colonic Adenocarcinoma Cell Line,C2BBe1,17956,2019,Behan FM (2019),30971826,-6.291835308074951,-4.824277400970459,13.383077621459961,-4.002934455871582
536,718,718 (forward),Forward,False,Train,circle,decreases cell proliferation,Fitness / Proliferation / Viability,Cell-essential genes,Negative Selection,unidirectional,Knockout,Gingival Cancer Cell Line,Ca9-22,17956,2019,Behan FM (2019),30971826,-5.235199451446533,-4.741273403167725,12.819902420043945,-3.236538887023926
537,719,719 (forward),Forward,False,Train,circle,decreases cell proliferation,Fitness / Proliferation / Viability,Cell-essential genes,Negative Selection,unidirectional,Knockout,Tongue Cancer Cell Line,CAL-27,17956,2019,Behan FM (2019),30971826,-5.154943943023682,-5.197162628173828,12.143698692321777,-3.0209426879882812
538,720,720 (forward),Forward,False,Train,circle,decreases cell proliferation,Fitness / Proliferation / Viability,Cell-essential genes,Negative Selection,unidirectional,Knockout,Tongue Cancer Cell Line,CAL-33,17956,2019,Behan FM (2019),30971826,-5.790494918823242,-4.470481872558594,13.545921325683594,-3.421062707901001
539,721,721 (forward),Forward,False,Train,circle,decreases cell proliferation,Fitness / Proliferation / Viability,Cell-essential genes,Negative Selection,unidirectional,Knockout,Breast Adenocarcinoma Cell Line,CAL-51,17956,2019,Behan FM (2019),30971826,-5.377147674560547,-4.215473651885986,13.46214771270752,-2.8109512329101562
540,722,722 (forward),Forward,False,Train,circle,decreases cell proliferation,Fitness / Proliferation / Viability,Cell-essential genes,Negative Selection,unidirectional,Knockout,Osteosarcoma Cell Line,CAL-72,17956,2019,Behan FM (2019),30971826,-6.327742576599121,-4.078974723815918,14.259110450744629,-3.5844461917877197
541,723,723 (forward),Forward,False,Train,circle,decreases cell proliferation,Fitness / Proliferation / Viability,Cell-essential genes,Negative Selection,unidirectional,Knockout,Ovary Adenocarcinoma Cell Line,Caov-4,17956,2019,Behan FM (2019),30971826,-6.206112861633301,-4.501100063323975,13.93816089630127,-3.3910951614379883
542,724,724 (forward),Forward,False,Train,circle,decreases cell proliferation,Fitness / Proliferation / Viability,Cell-essential genes,Negative Selection,unidirectional,Knockout,Pancreatic Ductal Adenocarcinoma Cell Line,Capan-1,17956,2019,Behan FM (2019),30971826,-6.372859001159668,-4.795660018920898,13.584718704223633,-4.128218173980713
543,725,725 (forward),Forward,False,Train,circle,decreases cell proliferation,Fitness / Proliferation / Viability,Cell-essential genes,Negative Selection,unidirectional,Knockout,Glioblastoma Cell Line,CAS-1,17956,2019,Behan FM (2019),30971826,-5.957573890686035,-4.080062389373779,13.974418640136719,-3.0864059925079346
544,726,726 (forward),Forward,False,Train,circle,decreases cell proliferation,Fitness / Proliferation / Viability,Cell-essential genes,Negative Selection,unidirectional,Knockout,Neuroblastoma Cell Line,CHP-212,17956,2019,Behan FM (2019),30971826,-5.442272663116455,-4.316092014312744,13.363481521606445,-2.788012742996216
545,727,727 (forward),Forward,False,Train,circle,decreases cell proliferation,Fitness / Proliferation / Viability,Cell-essential genes,Negative Selection,unidirectional,Knockout,Colorectal Cancer Cell Line,CL-11,17956,2019,Behan FM (2019),30971826,-6.337160587310791,-4.86596155166626,13.527165412902832,-4.0489501953125
546,728,728 (forward),Forward,False,Train,circle,decreases cell proliferation,Fitness / Proliferation / Viability,Cell-essential genes,Negative Selection,unidirectional,Knockout,Colonic Adenocarcinoma Cell Line,COLO 205,17956,2019,Behan FM (2019),30971826,-6.562253475189209,-4.785879135131836,13.83505630493164,-4.1078009605407715
547,729,729 (forward),Forward,False,Train,circle,decreases cell proliferation,Fitness / Proliferation / Viability,Cell-essential genes,Negative Selection,unidirectional,Knockout,Colonic Adenocarcinoma Cell Line,COLO 320HSR,17956,2019,Behan FM (2019),30971826,-5.388609886169434,-4.855662822723389,12.774285316467285,-3.1962432861328125
548,730,730 (forward),Forward,False,Train,circle,decreases cell proliferation,Fitness / Proliferation / Viability,Cell-essential genes,Negative Selection,unidirectional,Knockout,Colonic Cancer Cell Line,COLO 678,17956,2019,Behan FM (2019),30971826,-6.521878719329834,-4.225567817687988,14.116835594177246,-3.6479597091674805
549,731,731 (forward),Forward,False,Train,circle,decreases cell proliferation,Fitness / Proliferation / Viability,Cell-essential genes,Negative Selection,unidirectional,Knockout,Esophageal Cancer Cell Line,COLO 680N,17956,2019,Behan FM (2019),30971826,-5.744621276855469,-4.667545795440674,13.063533782958984,-3.4514145851135254
550,732,732 (forward),Forward,False,Train,circle,decreases cell proliferation,Fitness / Proliferation / Viability,Cell-essential genes,Negative Selection,unidirectional,Knockout,Endometrial Cancer Cell Line,COLO 684,17956,2019,Behan FM (2019),30971826,-5.910375595092773,-4.10144567489624,13.921130180358887,-3.080467462539673
551,733,733 (forward),Forward,False,Train,circle,decreases cell proliferation,Fitness / Proliferation / Viability,Cell-essential genes,Negative Selection,unidirectional,Knockout,Breast Cancer Cell Line,COLO 824,17956,2019,Behan FM (2019),30971826,-5.725947856903076,-4.909797668457031,13.257735252380371,-3.638200521469116
552,734,734 (forward),Forward,False,Train,circle,decreases cell proliferation,Fitness / Proliferation / Viability,Cell-essential genes,Negative Selection,unidirectional,Knockout,Large Cell Lung Cancer Cell Line,COR-L23,17956,2019,Behan FM (2019),30971826,-6.238530158996582,-4.946916103363037,13.332910537719727,-3.9869513511657715
553,735,735 (forward),Forward,False,Train,circle,decreases cell proliferation,Fitness / Proliferation / Viability,Cell-essential genes,Negative Selection,unidirectional,Knockout,Glioblastoma Cell Line,D-423MG,17956,2019,Behan FM (2019),30971826,-5.14650297164917,-4.7951579093933105,12.675021171569824,-2.679915189743042
554,736,736 (forward),Forward,False,Train,circle,decreases cell proliferation,Fitness / Proliferation / Viability,Cell-essential genes,Negative Selection,unidirectional,Knockout,Glioblastoma Cell Line,D-502MG,17956,2019,Behan FM (2019),30971826,-5.664534091949463,-4.203001022338867,13.892545700073242,-2.8771162033081055
555,737,737 (forward),Forward,False,Train,circle,decreases cell proliferation,Fitness / Proliferation / Viability,Cell-essential genes,Negative Selection,unidirectional,Knockout,Glioblastoma Cell Line,D-542MG,17956,2019,Behan FM (2019),30971826,-5.807345390319824,-4.095051288604736,13.859404563903809,-2.9572296142578125
556,738,738 (forward),Forward,False,Train,circle,decreases cell proliferation,Fitness / Proliferation / Viability,Cell-essential genes,Negative Selection,unidirectional,Knockout,Cancer Cell Line,DAN-G,17956,2019,Behan FM (2019),30971826,-5.507492542266846,-5.042436122894287,12.842809677124023,-3.705869436264038
557,739,739 (forward),Forward,False,Train,circle,decreases cell proliferation,Fitness / Proliferation / Viability,Cell-essential genes,Negative Selection,unidirectional,Knockout,Glioblastoma Cell Line,DBTRG-05MG,17956,2019,Behan FM (2019),30971826,-5.37198543548584,-4.283944606781006,13.487318992614746,-2.775202989578247
558,740,740 (forward),Forward,False,Train,circle,decreases cell proliferation,Fitness / Proliferation / Viability,Cell-essential genes,Negative Selection,unidirectional,Knockout,Lymphoma or Leukaemia Cell Line,Detroit 562,17956,2019,Behan FM (2019),30971826,-5.743791580200195,-5.149484157562256,12.859973907470703,-3.708195686340332
559,741,741 (forward),Forward,False,Train,circle,decreases cell proliferation,Fitness / Proliferation / Viability,Cell-essential genes,Negative Selection,unidirectional,Knockout,Colorectal Cancer Cell Line,DiFi,17956,2019,Behan FM (2019),30971826,-6.441044330596924,-4.81440544128418,13.639310836791992,-4.117757797241211
560,742,742 (forward),Forward,False,Train,circle,decreases cell proliferation,Fitness / Proliferation / Viability,Cell-essential genes,Negative Selection,unidirectional,Knockout,Glioblastoma Cell Line,DK-MG,17956,2019,Behan FM (2019),30971826,-5.759257793426514,-4.177407264709473,13.825480461120605,-2.8315041065216064
561,743,743 (forward),Forward,False,Train,circle,decreases cell proliferation,Fitness / Proliferation / Viability,Cell-essential genes,Negative Selection,unidirectional,Knockout,Cancer Cell Line,DOK,17956,2019,Behan FM (2019),30971826,-6.215348720550537,-4.171937942504883,14.057767868041992,-3.6034905910491943
562,744,744 (forward),Forward,False,Train,circle,decreases cell proliferation,Fitness / Proliferation / Viability,Cell-essential genes,Negative Selection,unidirectional,Knockout,Ovarian Cancer Cell Line,DOV13,17956,2019,Behan FM (2019),30971826,-5.129158973693848,-4.693508625030518,13.097556114196777,-2.871704339981079
563,745,745 (forward),Forward,False,Train,circle,decreases cell proliferation,Fitness / Proliferation / Viability,Cell-essential genes,Negative Selection,unidirectional,Knockout,Prostate Cancer Cell Line,DU145,17956,2019,Behan FM (2019),30971826,-5.6207709312438965,-4.616874694824219,13.319783210754395,-3.020226240158081
564,746,746 (forward),Forward,False,Train,circle,decreases cell proliferation,Fitness / Proliferation / Viability,Cell-essential genes,Negative Selection,unidirectional,Knockout,Lung Squamous Cell Carcinoma Cell Line,EBC-1,17956,2019,Behan FM (2019),30971826,-5.284842491149902,-4.347792625427246,13.20821475982666,-2.5707345008850098
565,747,747 (forward),Forward,False,Train,circle,decreases cell proliferation,Fitness / Proliferation / Viability,Cell-essential genes,Negative Selection,unidirectional,Knockout,Esophageal Squamous Cell Carcinoma Cell Line,EC-GI-10,17956,2019,Behan FM (2019),30971826,-5.676662445068359,-5.095011234283447,12.754295349121094,-3.393542766571045
566,748,748 (forward),Forward,False,Train,circle,decreases cell proliferation,Fitness / Proliferation / Viability,Cell-essential genes,Negative Selection,unidirectional,Knockout,Ovary Adenocarcinoma Cell Line,EFO-21,17956,2019,Behan FM (2019),30971826,-6.305348873138428,-4.134240627288818,14.222650527954102,-3.5315840244293213
567,749,749 (forward),Forward,False,Train,circle,decreases cell proliferation,Fitness / Proliferation / Viability,Cell-essential genes,Negative Selection,unidirectional,Knockout,Ovary Adenocarcinoma Cell Line,EFO-27,17956,2019,Behan FM (2019),30971826,-6.234182357788086,-5.089810371398926,13.15519905090332,-3.868626594543457
568,750,750 (forward),Forward,False,Train,circle,decreases cell proliferation/fitness,Fitness / Proliferation / Viability,Cell-essential genes,Negative Selection,unidirectional,Knockout,Cholangiocarcinoma Cell,EGI-1,17956,2019,Behan FM (2019),30971826,-6.054759979248047,-4.923119068145752,13.4017333984375,-3.747243881225586
569,751,751 (forward),Forward,False,Train,circle,decreases cell proliferation,Fitness / Proliferation / Viability,Cell-essential genes,Negative Selection,unidirectional,Knockout,Cancer Cell Line,EPLC-272H,17956,2019,Behan FM (2019),30971826,-6.035991668701172,-4.275688171386719,13.868142127990723,-3.264533042907715
570,752,752 (forward),Forward,False,Train,circle,decreases cell proliferation,Fitness / Proliferation / Viability,Cell-essential genes,Negative Selection,unidirectional,Knockout,Ovarian Cancer Cell Line,ES-2,17956,2019,Behan FM (2019),30971826,-4.920558929443359,-5.032107353210449,12.433993339538574,-2.6422371864318848
571,753,753 (forward),Forward,False,Train,circle,decreases cell proliferation,Fitness / Proliferation / Viability,Cell-essential genes,Negative Selection,unidirectional,Knockout,Ewing's Sarcoma Cell Line,ES4,17956,2019,Behan FM (2019),30971826,-5.4527997970581055,-4.052522659301758,13.70207691192627,-2.61159610748291
572,754,754 (forward),Forward,False,Train,circle,decreases cell proliferation,Fitness / Proliferation / Viability,Cell-essential genes,Negative Selection,unidirectional,Knockout,Ewing's Sarcoma Cell Line,ES5,17956,2019,Behan FM (2019),30971826,-4.920320510864258,-4.889163970947266,12.627934455871582,-2.579746723175049
573,755,755 (forward),Forward,False,Train,circle,decreases cell proliferation,Fitness / Proliferation / Viability,Cell-essential genes,Negative Selection,unidirectional,Knockout,Ewing's Sarcoma Cell Line,ES8,17956,2019,Behan FM (2019),30971826,-5.349649906158447,-4.555225372314453,13.170917510986328,-2.617875576019287
574,756,756 (forward),Forward,False,Train,circle,decreases cell proliferation (cellular fitness),Fitness / Proliferation / Viability,Cell-essential genes,Negative Selection,unidirectional,Knockout,Esophageal Cancer Cell Line,ESO-26,17956,2019,Behan FM (2019),30971826,-5.314697265625,-5.038547515869141,12.263175964355469,-3.2775580883026123
575,757,757 (forward),Forward,False,Train,circle,decreases cell proliferation,Fitness / Proliferation / Viability,Cell-essential genes,Negative Selection,unidirectional,Knockout,Esophageal Cancer Cell Line,ESO-51,17956,2019,Behan FM (2019),30971826,-6.3164143562316895,-4.578053951263428,13.892483711242676,-3.8304011821746826
576,758,758 (forward),Forward,False,Train,circle,decreases cell proliferation,Fitness / Proliferation / Viability,Cell-essential genes,Negative Selection,unidirectional,Knockout,Endometrial Cancer Cell Line,ESS-1,17956,2019,Behan FM (2019),30971826,-5.216215133666992,-4.800862789154053,12.76468276977539,-3.077016830444336
577,759,759 (forward),Forward,False,Train,circle,decreases cell proliferation,Fitness / Proliferation / Viability,Cell-essential genes,Negative Selection,unidirectional,Knockout,Breast Cancer Cell Line,Evsa-T,17956,2019,Behan FM (2019),30971826,-5.25280237197876,-4.577430725097656,13.098639488220215,-2.6560025215148926
578,760,760 (forward),Forward,False,Train,circle,decreases cell proliferation,Fitness / Proliferation / Viability,Cell-essential genes,Negative Selection,unidirectional,Knockout,Ewing's Sarcoma Cell Line,EW-1,17956,2019,Behan FM (2019),30971826,-4.873505592346191,-4.9509968757629395,12.614908218383789,-2.4750008583068848
579,761,761 (forward),Forward,False,Train,circle,decreases cell proliferation,Fitness / Proliferation / Viability,Cell-essential genes,Negative Selection,unidirectional,Knockout,Ewing's Sarcoma Cell Line,EW-16,17956,2019,Behan FM (2019),30971826,-4.94481086730957,-5.047074317932129,12.69603157043457,-2.633894443511963
580,762,762 (forward),Forward,False,Train,circle,decreases cell proliferation,Fitness / Proliferation / Viability,Cell-essential genes,Negative Selection,unidirectional,Knockout,Cancer Cell Line,EW-22,17956,2019,Behan FM (2019),30971826,-5.221645355224609,-4.82586669921875,12.799043655395508,-2.646855115890503
581,763,763 (forward),Forward,False,Train,circle,decreases cell proliferation,Fitness / Proliferation / Viability,Cell-essential genes,Negative Selection,unidirectional,Knockout,Ewing's Sarcoma Cell Line,EW-7,17956,2019,Behan FM (2019),30971826,-4.873537063598633,-4.830514907836914,12.77873420715332,-2.4204909801483154
582,764,764 (forward),Forward,False,Train,circle,decreases cell proliferation,Fitness / Proliferation / Viability,Cell-essential genes,Negative Selection,unidirectional,Knockout,Hypopharyngeal Squamous Cell Carcinoma Cell Line,FaDu,17956,2019,Behan FM (2019),30971826,-5.585277557373047,-4.79325532913208,12.985386848449707,-3.341519355773926
583,765,765 (forward),Forward,False,Train,circle,decreases cell proliferation,Fitness / Proliferation / Viability,Cell-essential genes,Negative Selection,unidirectional,Knockout,Esophageal Cancer Cell Line,FLO-1,17956,2019,Behan FM (2019),30971826,-5.37846565246582,-5.2542829513549805,12.438105583190918,-3.4367711544036865
584,766,766 (forward),Forward,False,Train,circle,decreases cell proliferation,Fitness / Proliferation / Viability,Cell-essential genes,Negative Selection,unidirectional,Knockout,Glioblastoma Cell Line,GaMG,17956,2019,Behan FM (2019),30971826,-5.081423282623291,-5.066194534301758,12.343379974365234,-2.9768435955047607
585,767,767 (forward),Forward,False,Train,circle,decreases cell proliferation,Fitness / Proliferation / Viability,Cell-essential genes,Negative Selection,unidirectional,Knockout,Glioblastoma Cell Line,GB-1,17956,2019,Behan FM (2019),30971826,-5.902429580688477,-4.241453647613525,13.886476516723633,-3.224374532699585
586,768,768 (forward),Forward,False,Train,circle,decreases cell proliferation,Fitness / Proliferation / Viability,Cell-essential genes,Negative Selection,unidirectional,Knockout,Gliosarcoma,GI-1,17956,2019,Behan FM (2019),30971826,-4.932184219360352,-5.080894470214844,12.4500150680542,-2.8575849533081055
587,769,769 (forward),Forward,False,Train,circle,decreases cell proliferation,Fitness / Proliferation / Viability,Cell-essential genes,Negative Selection,unidirectional,Knockout,Colonic Cancer Cell Line,GP5d,17956,2019,Behan FM (2019),30971826,-5.845758438110352,-4.67749547958374,13.216645240783691,-3.708221912384033
588,770,770 (forward),Forward,False,Train,circle,decreases cell proliferation,Fitness / Proliferation / Viability,Cell-essential genes,Negative Selection,unidirectional,Knockout,Lung Squamous Cell Carcinoma Cell Line,HARA,17956,2019,Behan FM (2019),30971826,-5.314843654632568,-5.2009477615356445,12.27186107635498,-3.2965307235717773
589,771,771 (forward),Forward,False,Train,circle,decreases cell proliferation,Fitness / Proliferation / Viability,Cell-essential genes,Negative Selection,unidirectional,Knockout,Lung Cancer Cell Line,HCC15,17956,2019,Behan FM (2019),30971826,-5.989692687988281,-4.223865032196045,13.846795082092285,-3.0606582164764404
590,772,772 (forward),Forward,False,Train,circle,decreases cell proliferation,Fitness / Proliferation / Viability,Cell-essential genes,Negative Selection,unidirectional,Knockout,Lung Cancer Cell Line,HCC78,17956,2019,Behan FM (2019),30971826,-5.723459720611572,-4.66046667098999,13.002737998962402,-3.486131429672241
591,773,773 (forward),Forward,False,Train,circle,decreases cell proliferation,Fitness / Proliferation / Viability,Cell-essential genes,Negative Selection,unidirectional,Knockout,Breast Cancer Cell Line,HCC1143,17956,2019,Behan FM (2019),30971826,-6.193866729736328,-4.483452320098877,13.724454879760742,-3.567091464996338
592,774,774 (forward),Forward,False,Train,circle,decreases cell proliferation,Fitness / Proliferation / Viability,Cell-essential genes,Negative Selection,unidirectional,Knockout,Breast Cancer Cell Line,HCC1187,17956,2019,Behan FM (2019),30971826,-6.582002639770508,-4.739416599273682,13.709193229675293,-4.151061534881592
593,775,775 (forward),Forward,False,Train,circle,decreases cell proliferation,Fitness / Proliferation / Viability,Cell-essential genes,Negative Selection,unidirectional,Knockout,Mammary Gland Tumor Cell Line,HCC1395,17956,2019,Behan FM (2019),30971826,-6.472864151000977,-4.575338840484619,13.972953796386719,-3.8990769386291504
594,776,776 (forward),Forward,False,Train,circle,decreases cell proliferation,Fitness / Proliferation / Viability,Cell-essential genes,Negative Selection,unidirectional,Knockout,Cancer Cell Line,HCC1806,17956,2019,Behan FM (2019),30971826,-5.819709777832031,-4.6535115242004395,13.278162002563477,-3.601891040802002
595,777,777 (forward),Forward,False,Train,circle,decreases cell proliferation,Fitness / Proliferation / Viability,Cell-essential genes,Negative Selection,unidirectional,Knockout,Mammary Gland Tumor Cell Line,HCC1937,17956,2019,Behan FM (2019),30971826,-6.416682243347168,-4.5870819091796875,13.780881881713867,-3.6468899250030518
596,778,778 (forward),Forward,False,Train,circle,decreases cell proliferation (cell fitness),Fitness / Proliferation / Viability,Cell-essential genes,Negative Selection,unidirectional,Knockout,Breast Cancer Cell Line,HCC1954,17956,2019,Behan FM (2019),30971826,-5.902409553527832,-4.751755714416504,13.451983451843262,-3.69869327545166
597,779,779 (forward),Forward,False,Train,circle,decreases cell proliferation,Fitness / Proliferation / Viability,Cell-essential genes,Negative Selection,unidirectional,Knockout,Colonic Cancer Cell Line,HCC2998,17956,2019,Behan FM (2019),30971826,-6.411064624786377,-4.811779499053955,13.626141548156738,-4.17132043838501
598,780,780 (forward),Forward,False,Train,circle,decreases cell proliferation,Fitness / Proliferation / Viability,Cell-essential genes,Negative Selection,unidirectional,Knockout,Mammary Gland Tumor Cell Line,HCC38,17956,2019,Behan FM (2019),30971826,-5.566526412963867,-4.628273010253906,13.268555641174316,-3.131678581237793
599,781,781 (forward),Forward,False,Train,circle,decreases cell proliferation,Fitness / Proliferation / Viability,Cell-essential genes,Negative Selection,unidirectional,Knockout,Breast Cancer Cell Line,HCC70,17956,2019,Behan FM (2019),30971826,-6.307651042938232,-4.831287384033203,13.50631046295166,-3.865644693374634
600,782,782 (forward),Forward,False,Train,circle,decreases cell proliferation,Fitness / Proliferation / Viability,Cell-essential genes,Negative Selection,unidirectional,Knockout,Esophageal Cancer Cell Line,HCE-4,17956,2019,Behan FM (2019),30971826,-5.868088245391846,-4.600980758666992,13.455636024475098,-3.3726394176483154
601,783,783 (forward),Forward,False,Train,circle,decreases cell proliferation,Fitness / Proliferation / Viability,Cell-essential genes,Negative Selection,unidirectional,Knockout,Colorectal Cancer Cell Line,HCT 116,17956,2019,Behan FM (2019),30971826,-6.297698974609375,-4.88698673248291,13.38033390045166,-4.047281265258789
602,784,784 (forward),Forward,False,Train,circle,decreases cell proliferation,Fitness / Proliferation / Viability,Cell-essential genes,Negative Selection,unidirectional,Knockout,Colonic Cancer Cell Line,HCT 15,17956,2019,Behan FM (2019),30971826,-5.8825531005859375,-4.956387042999268,13.080362319946289,-3.7959327697753906
603,785,785 (forward),Forward,False,Train,circle,decreases cell proliferation,Fitness / Proliferation / Viability,Cell-essential genes,Negative Selection,unidirectional,Knockout,Endometrial Cancer Cell Line,HEC-1,17956,2019,Behan FM (2019),30971826,-5.53641414642334,-4.533480167388916,13.320398330688477,-2.9740843772888184
604,786,786 (forward),Forward,False,Train,circle,decreases cell proliferation,Fitness / Proliferation / Viability,Cell-essential genes,Negative Selection,unidirectional,Knockout,Ovarian Cancer Cell Line,HEY,17956,2019,Behan FM (2019),30971826,-5.184433460235596,-5.103755950927734,12.623921394348145,-2.8016650676727295
605,787,787 (forward),Forward,False,Train,circle,decreases cell proliferation,Fitness / Proliferation / Viability,Cell-essential genes,Negative Selection,unidirectional,Knockout,Gastric Cancer Cell Line,HGC-27,17956,2019,Behan FM (2019),30971826,-5.005041122436523,-5.039000511169434,12.51984977722168,-2.716367483139038
606,788,788 (forward),Forward,False,Train,circle,decreases cell proliferation,Fitness / Proliferation / Viability,Cell-essential genes,Negative Selection,unidirectional,Knockout,Oral Squamous Cell Carcinoma Cell Line,HO-1-u-1,17956,2019,Behan FM (2019),30971826,-5.738092422485352,-4.817562103271484,13.0350923538208,-3.5382626056671143
607,789,789 (forward),Forward,False,Train,circle,decreases cell proliferation,Fitness / Proliferation / Viability,Cell-essential genes,Negative Selection,unidirectional,Knockout,Non-Small Cell Lung Adenocarcinoma Cell Line,HOP-62,17956,2019,Behan FM (2019),30971826,-5.9532880783081055,-4.413243770599365,13.522403717041016,-3.3077499866485596
608,790,790 (forward),Forward,False,Train,circle,decreases cell proliferation,Fitness / Proliferation / Viability,Cell-essential genes,Negative Selection,unidirectional,Knockout,Pancreatic Adenocarcinoma Cell Line,HPAF-II,17956,2019,Behan FM (2019),30971826,-6.475098609924316,-4.617821216583252,13.836699485778809,-4.0870041847229
609,791,791 (forward),Forward,False,Train,circle,decreases cell proliferation,Fitness / Proliferation / Viability,Cell-essential genes,Negative Selection,unidirectional,Knockout,Mammary Gland Tumor Cell Line,Hs 578T,17956,2019,Behan FM (2019),30971826,-6.1639580726623535,-4.11662483215332,13.962972640991211,-3.208341360092163
610,792,792 (forward),Forward,False,Train,circle,decreases cell proliferation,Fitness / Proliferation / Viability,Cell-essential genes,Negative Selection,unidirectional,Knockout,Glioma Cell Line,Hs 683,17956,2019,Behan FM (2019),30971826,-5.495802402496338,-4.70623779296875,12.939166069030762,-3.1401026248931885
611,793,793 (forward),Forward,False,Train,circle,decreases cell proliferation,Fitness / Proliferation / Viability,Cell-essential genes,Negative Selection,unidirectional,Knockout,Oral Squamous Cell Carcinoma Cell Line,HSC-3,17956,2019,Behan FM (2019),30971826,-5.375786781311035,-4.839544296264648,12.886910438537598,-2.931952476501465
612,794,794 (forward),Forward,False,Train,circle,decreases cell proliferation,Fitness / Proliferation / Viability,Cell-essential genes,Negative Selection,unidirectional,Knockout,Gastric Adenocarcinoma Cell Line,HSC-39,17956,2019,Behan FM (2019),30971826,-5.678569316864014,-5.126071929931641,12.742098808288574,-3.6076552867889404
613,795,795 (forward),Forward,False,Train,circle,decreases cell proliferation,Fitness / Proliferation / Viability,Cell-essential genes,Negative Selection,unidirectional,Knockout,Oral Squamous Cell Carcinoma Cell Line,HSC-4,17956,2019,Behan FM (2019),30971826,-5.6727986335754395,-5.2048420906066895,12.808769226074219,-3.539299964904785
614,798,798 (forward),Forward,False,Train,circle,decreases cell proliferation,Fitness / Proliferation / Viability,Cell-essential genes,Negative Selection,unidirectional,Knockout,Colorectal Cancer Cell Line,HT-55,17956,2019,Behan FM (2019),30971826,-6.095000267028809,-4.864337921142578,13.48282241821289,-3.8041024208068848
615,799,799 (forward),Forward,False,Train,circle,decreases cell proliferation,Fitness / Proliferation / Viability,Cell-essential genes,Negative Selection,unidirectional,Knockout,Retinal Pigment Epithelium Cell Line,hTERT-RPE1,17956,2019,Behan FM (2019),30971826,-5.591184139251709,-4.327609539031982,13.592148780822754,-2.790445566177368
616,800,800 (forward),Forward,False,Train,circle,decreases cell proliferation,Fitness / Proliferation / Viability,Cell-essential genes,Negative Selection,unidirectional,Knockout,Cancer Cell Line,HuP-T3,17956,2019,Behan FM (2019),30971826,-6.410492420196533,-4.683867931365967,13.638011932373047,-3.8861186504364014
617,801,801 (forward),Forward,False,Train,circle,decreases cell proliferation,Fitness / Proliferation / Viability,Cell-essential genes,Negative Selection,unidirectional,Knockout,Pancreatic Adenocarcinoma Cell Line,HuP-T4,17956,2019,Behan FM (2019),30971826,-5.965702056884766,-5.1822123527526855,12.727078437805176,-3.9038004875183105
618,802,802 (forward),Forward,False,Train,circle,decreases cell proliferation,Fitness / Proliferation / Viability,Cell-essential genes,Negative Selection,unidirectional,Knockout,Ovarian Cancer Cell Line,IGROV-1,17956,2019,Behan FM (2019),30971826,-5.727989673614502,-4.561088562011719,13.53458023071289,-3.2752392292022705
619,803,803 (forward),Forward,False,Train,circle,decreases cell proliferation,Fitness / Proliferation / Viability,Cell-essential genes,Negative Selection,unidirectional,Knockout,B-lymphoblastoid cell line,IM-9,17956,2019,Behan FM (2019),30971826,-5.621903419494629,-4.887563705444336,12.911711692810059,-3.256178379058838
620,804,804 (forward),Forward,False,Train,circle,decreases cell proliferation,Fitness / Proliferation / Viability,Cell-essential genes,Negative Selection,unidirectional,Knockout,Gastric Adenocarcinoma Cell Line,IM95,17956,2019,Behan FM (2019),30971826,-5.690066814422607,-4.4139251708984375,13.632257461547852,-2.924650192260742
621,805,805 (forward),Forward,False,Train,circle,decreases cell proliferation (cell fitness),Fitness / Proliferation / Viability,Cell-essential genes,Negative Selection,unidirectional,Knockout,Melanoma Cell Line,IST-MEL1,17956,2019,Behan FM (2019),30971826,-6.556179046630859,-4.462331771850586,13.999855995178223,-3.888948678970337
622,806,806 (forward),Forward,False,Train,circle,decreases cell proliferation,Fitness / Proliferation / Viability,Cell-essential genes,Negative Selection,unidirectional,Knockout,Ovary Adenocarcinoma Cell Line,JHOS-2,17956,2019,Behan FM (2019),30971826,-5.270271301269531,-4.791595935821533,12.961896896362305,-3.0180413722991943
623,807,807 (forward),Forward,False,Train,circle,decreases cell proliferation,Fitness / Proliferation / Viability,Cell-essential genes,Negative Selection,unidirectional,Knockout,Ovary Adenocarcinoma Cell Line,JHOS-4,17956,2019,Behan FM (2019),30971826,-5.471168518066406,-4.612163543701172,13.280409812927246,-2.9284605979919434
624,808,808 (forward),Forward,False,Train,circle,decreases cell proliferation,Fitness / Proliferation / Viability,Cell-essential genes,Negative Selection,unidirectional,Knockout,Head and Neck Squamous Cell Carcinoma Cell Line,JHU-011,17956,2019,Behan FM (2019),30971826,-5.4033660888671875,-5.286864280700684,12.563714981079102,-3.1704535484313965
625,809,809 (forward),Forward,False,Train,circle,decreases cell proliferation,Fitness / Proliferation / Viability,Cell-essential genes,Negative Selection,unidirectional,Knockout,Head and Neck Squamous Cell Carcinoma Cell Line,JHU-022,17956,2019,Behan FM (2019),30971826,-5.615180015563965,-4.80617094039917,13.04526138305664,-3.2228899002075195
626,810,810 (forward),Forward,False,Train,circle,decreases cell proliferation,Fitness / Proliferation / Viability,Cell-essential genes,Negative Selection,unidirectional,Knockout,Head and Neck Squamous Cell Carcinoma Cell Line,JHU-029,17956,2019,Behan FM (2019),30971826,-5.285717487335205,-4.6700334548950195,12.838363647460938,-2.7599804401397705
627,811,811 (forward),Forward,False,Train,circle,decreases cell proliferation,Fitness / Proliferation / Viability,Cell-essential genes,Negative Selection,unidirectional,Knockout,Mammary Gland Tumor Cell Line,JIMT-1,17956,2019,Behan FM (2019),30971826,-6.409379482269287,-4.339418888092041,14.106627464294434,-3.58506178855896
628,812,812 (forward),Forward,False,Train,circle,decreases cell proliferation,Fitness / Proliferation / Viability,Cell-essential genes,Negative Selection,unidirectional,Knockout,Cancer Cell Line,KATO III,17956,2019,Behan FM (2019),30971826,-6.315378189086914,-4.658792495727539,13.635887145996094,-3.9075257778167725
629,813,813 (forward),Forward,False,Train,circle,decreases cell proliferation,Fitness / Proliferation / Viability,Cell-essential genes,Negative Selection,unidirectional,Knockout,Astrocytoma Cell Line,KINGS-1,17956,2019,Behan FM (2019),30971826,-5.213901042938232,-4.7488226890563965,12.920453071594238,-3.069197654724121
630,814,814 (forward),Forward,False,Train,circle,decreases cell proliferation,Fitness / Proliferation / Viability,Cell-essential genes,Negative Selection,unidirectional,Knockout,Endometrial Cancer Cell Line,KLE,17956,2019,Behan FM (2019),30971826,-6.412205696105957,-4.029575824737549,14.286022186279297,-3.572981595993042
631,815,815 (forward),Forward,False,Train,circle,decreases cell proliferation,Fitness / Proliferation / Viability,Cell-essential genes,Negative Selection,unidirectional,Knockout,Colonic Cancer Cell Line,KM12,17956,2019,Behan FM (2019),30971826,-5.962737083435059,-4.838645935058594,13.384282112121582,-3.729410171508789
632,816,816 (forward),Forward,False,Train,circle,decreases cell proliferation,Fitness / Proliferation / Viability,Cell-essential genes,Negative Selection,unidirectional,Knockout,Multiple Myeloma Cell Line,KMS-11,17956,2019,Behan FM (2019),30971826,-5.554864406585693,-4.523186206817627,13.036727905273438,-3.013646125793457
633,817,817 (forward),Forward,False,Train,circle,decreases cell proliferation,Fitness / Proliferation / Viability,Cell-essential genes,Negative Selection,unidirectional,Knockout,Glioblastoma Cell Line,KNS-42,17956,2019,Behan FM (2019),30971826,-5.876616477966309,-4.220532417297363,13.694232940673828,-3.3911118507385254
634,818,818 (forward),Forward,False,Train,circle,decreases cell proliferation,Fitness / Proliferation / Viability,Cell-essential genes,Negative Selection,unidirectional,Knockout,Lung Cancer Cell Line,KNS-62,17956,2019,Behan FM (2019),30971826,-5.622261047363281,-4.992570877075195,12.775672912597656,-3.434948444366455
635,819,819 (forward),Forward,False,Train,circle,decreases cell proliferation,Fitness / Proliferation / Viability,Cell-essential genes,Negative Selection,unidirectional,Knockout,Cancer Cell Line,KON,17956,2019,Behan FM (2019),30971826,-5.232542991638184,-5.234652519226074,12.222853660583496,-3.1390695571899414
636,820,820 (forward),Forward,False,Train,circle,decreases cell proliferation as measured by reduced cellular fitness,Fitness / Proliferation / Viability,Cell-essential genes,Negative Selection,unidirectional,Knockout,Pancreatic Cancer Cell Line,KP-1N,17956,2019,Behan FM (2019),30971826,-5.150183200836182,-5.260533809661865,12.326095581054688,-3.4489541053771973
637,821,821 (forward),Forward,False,Train,circle,decreases cell proliferation,Fitness / Proliferation / Viability,Cell-essential genes,Negative Selection,unidirectional,Knockout,Pancreatic Cancer Cell Line,KP-3,17956,2019,Behan FM (2019),30971826,-6.604440212249756,-4.633963108062744,13.800373077392578,-4.161269664764404
638,822,822 (forward),Forward,False,Train,circle,decreases cell proliferation,Fitness / Proliferation / Viability,Cell-essential genes,Negative Selection,unidirectional,Knockout,Cancer Cell Line,KP-4,17956,2019,Behan FM (2019),30971826,-5.274906158447266,-4.916064739227295,12.545530319213867,-3.198385238647461
639,823,823 (forward),Forward,False,Train,circle,decreases cell proliferation,Fitness / Proliferation / Viability,Cell-essential genes,Negative Selection,unidirectional,Knockout,Neuroblastoma Cell Line,KP-N-YN,17956,2019,Behan FM (2019),30971826,-5.173150539398193,-4.352344512939453,13.306312561035156,-2.48115611076355
640,824,824 (forward),Forward,False,Train,circle,decreases cell proliferation,Fitness / Proliferation / Viability,Cell-essential genes,Negative Selection,unidirectional,Knockout,Neuroblastoma Cell Line,KP-N-YS,17956,2019,Behan FM (2019),30971826,-5.11504602432251,-4.489425182342529,13.261481285095215,-2.4356746673583984
641,825,825 (forward),Forward,False,Train,circle,decreases cell proliferation,Fitness / Proliferation / Viability,Cell-essential genes,Negative Selection,unidirectional,Knockout,Ovarian Cancer Cell Line,Kuramochi,17956,2019,Behan FM (2019),30971826,-6.362501621246338,-4.121311664581299,14.267277717590332,-3.579334020614624
642,826,826 (forward),Forward,False,Train,circle,decreases cell proliferation,Fitness / Proliferation / Viability,Cell-essential genes,Negative Selection,unidirectional,Knockout,Esophageal Cancer Cell Line,KYAE-1,17956,2019,Behan FM (2019),30971826,-6.2286834716796875,-4.469443321228027,13.673725128173828,-3.662123918533325
643,827,827 (forward),Forward,False,Train,circle,decreases cell proliferation as measured by decreased cell fitness/viability,Fitness / Proliferation / Viability,Cell-essential genes,Negative Selection,unidirectional,Knockout,Cancer Cell Line,KYSE-140,17956,2019,Behan FM (2019),30971826,-5.390364646911621,-5.2572221755981445,12.531893730163574,-3.207122325897217
644,828,828 (forward),Forward,False,Train,circle,decreases cell proliferation,Fitness / Proliferation / Viability,Cell-essential genes,Negative Selection,unidirectional,Knockout,Esophageal Squamous Cell Carcinoma Cell Line,KYSE-150,17956,2019,Behan FM (2019),30971826,-5.5219621658325195,-5.225556373596191,12.529088973999023,-3.2028543949127197
645,829,829 (forward),Forward,False,Train,circle,decreases cell proliferation,Fitness / Proliferation / Viability,Cell-essential genes,Negative Selection,unidirectional,Knockout,Esophageal Squamous Cell Carcinoma Cell Line,KYSE-220,17956,2019,Behan FM (2019),30971826,-5.6285223960876465,-5.134990215301514,12.508349418640137,-3.70636248588562
646,830,830 (forward),Forward,False,Train,circle,decreases cell proliferation,Fitness / Proliferation / Viability,Cell-essential genes,Negative Selection,unidirectional,Knockout,Cancer Cell Line,KYSE-270,17956,2019,Behan FM (2019),30971826,-5.793271064758301,-4.50912618637085,13.437878608703613,-2.938175916671753
647,831,831 (forward),Forward,False,Train,circle,decreases cell proliferation,Fitness / Proliferation / Viability,Cell-essential genes,Negative Selection,unidirectional,Knockout,Esophageal Squamous Cell Carcinoma Cell Line,KYSE-410,17956,2019,Behan FM (2019),30971826,-5.228097438812256,-5.331294536590576,12.480677604675293,-3.1140899658203125
648,832,832 (forward),Forward,False,Train,circle,decreases cell proliferation,Fitness / Proliferation / Viability,Cell-essential genes,Negative Selection,unidirectional,Knockout,Cancer Cell Line,KYSE-450,17956,2019,Behan FM (2019),30971826,-5.46864128112793,-5.1647210121154785,12.648229598999023,-3.248967170715332
649,833,833 (forward),Forward,False,Train,circle,decreases cell proliferation,Fitness / Proliferation / Viability,Cell-essential genes,Negative Selection,unidirectional,Knockout,Cancer Cell Line,KYSE-510,17956,2019,Behan FM (2019),30971826,-5.231587886810303,-5.243044853210449,12.45591926574707,-2.9883172512054443
650,834,834 (forward),Forward,False,Train,circle,decreases cell proliferation,Fitness / Proliferation / Viability,Cell-essential genes,Negative Selection,unidirectional,Knockout,Cancer Cell Line,KYSE-520,17956,2019,Behan FM (2019),30971826,-5.409035682678223,-4.284615516662598,13.495931625366211,-2.698782205581665
651,835,835 (forward),Forward,False,Train,circle,decreases cell proliferation,Fitness / Proliferation / Viability,Cell-essential genes,Negative Selection,unidirectional,Knockout,Cancer Cell Line,KYSE-70,17956,2019,Behan FM (2019),30971826,-5.3291239738464355,-5.087398052215576,12.496779441833496,-3.1629786491394043
652,836,836 (forward),Forward,False,Train,circle,decreases cell proliferation,Fitness / Proliferation / Viability,Cell-essential genes,Negative Selection,unidirectional,Knockout,Multiple Myeloma Cell Line,L-363,17956,2019,Behan FM (2019),30971826,-5.6789937019348145,-4.844989776611328,13.137935638427734,-3.2116198539733887
653,837,837 (forward),Forward,False,Train,circle,decreases cell proliferation,Fitness / Proliferation / Viability,Cell-essential genes,Negative Selection,unidirectional,Knockout,Renal Cell Carcinoma Cell Line,LB1047-RCC,17956,2019,Behan FM (2019),30971826,-5.213035583496094,-4.914896488189697,12.726360321044922,-3.0146355628967285
654,838,838 (forward),Forward,False,Train,circle,decreases cell proliferation,Fitness / Proliferation / Viability,Cell-essential genes,Negative Selection,unidirectional,Knockout,Head and Neck Squamous Cell Carcinoma Cell Line,LB771-HNC,17956,2019,Behan FM (2019),30971826,-5.462214469909668,-5.200648307800293,12.561516761779785,-3.359220504760742
655,839,839 (forward),Forward,False,Train,circle,decreases cell proliferation,Fitness / Proliferation / Viability,Cell-essential genes,Negative Selection,unidirectional,Knockout,Lung Squamous Cell Carcinoma Cell Line,LC-1/sq,17956,2019,Behan FM (2019),30971826,-5.96355676651001,-5.2561936378479,12.880558013916016,-3.8303167819976807
656,840,840 (forward),Forward,False,Train,circle,decreases cell proliferation,Fitness / Proliferation / Viability,Cell-essential genes,Negative Selection,unidirectional,Knockout,Lung Cancer Cell Line,LCLC-97TM1,17956,2019,Behan FM (2019),30971826,-6.312374114990234,-4.283730506896973,14.013837814331055,-3.7797064781188965
657,841,841 (forward),Forward,False,Train,circle,decreases cell proliferation,Fitness / Proliferation / Viability,Cell-essential genes,Negative Selection,unidirectional,Knockout,Lung Squamous Cell Carcinoma Cell Line,LK-2,17956,2019,Behan FM (2019),30971826,-5.6139631271362305,-4.938592910766602,12.959200859069824,-3.303500175476074
658,842,842 (forward),Forward,False,Train,circle,decreases cell proliferation,Fitness / Proliferation / Viability,Cell-essential genes,Negative Selection,unidirectional,Knockout,Glioblastoma Cell Line,LN-229,17956,2019,Behan FM (2019),30971826,-5.222484588623047,-4.723358631134033,13.184986114501953,-3.0028553009033203
659,843,843 (forward),Forward,False,Train,circle,decreases cell proliferation (reduced cellular fitness),Fitness / Proliferation / Viability,Cell-essential genes,Negative Selection,unidirectional,Knockout,Prostate Cancer Cell Line,LNCaP clone FGC,17956,2019,Behan FM (2019),30971826,-5.444948196411133,-4.074555397033691,13.654290199279785,-2.6268773078918457
660,844,844 (forward),Forward,False,Train,circle,decreases cell proliferation,Fitness / Proliferation / Viability,Cell-essential genes,Negative Selection,unidirectional,Knockout,Astrocytoma Cell Line,LNZTA3WT4,17956,2019,Behan FM (2019),30971826,-5.06311559677124,-4.6939544677734375,12.976330757141113,-2.6414589881896973
661,845,845 (forward),Forward,False,Train,circle,decreases cell proliferation,Fitness / Proliferation / Viability,Cell-essential genes,Negative Selection,unidirectional,Knockout,Lung Cancer Cell Line,LOU-NH91,17956,2019,Behan FM (2019),30971826,-6.214982032775879,-4.069821834564209,14.243136405944824,-3.3669652938842773
662,846,846 (forward),Forward,False,Train,circle,decreases cell proliferation (cell fitness),Fitness / Proliferation / Viability,Cell-essential genes,Negative Selection,unidirectional,Knockout,Colonic Adenocarcinoma Cell Line,LoVo,17956,2019,Behan FM (2019),30971826,-5.923591136932373,-4.876791000366211,13.24069595336914,-3.3776347637176514
663,847,847 (forward),Forward,False,Train,circle,decreases cell proliferation,Fitness / Proliferation / Viability,Cell-essential genes,Negative Selection,unidirectional,Knockout,Multiple Myeloma Cell Line,LP-1,17956,2019,Behan FM (2019),30971826,-5.503409385681152,-4.3522539138793945,13.505921363830566,-2.808703660964966
664,848,848 (forward),Forward,False,Train,circle,decreases cell proliferation,Fitness / Proliferation / Viability,Cell-essential genes,Negative Selection,unidirectional,Knockout,Cecum Cancer Cell Line,LS1034,17956,2019,Behan FM (2019),30971826,-6.552699089050293,-4.897604465484619,13.727548599243164,-4.2170796394348145
665,849,849 (forward),Forward,False,Train,circle,decreases cell proliferation,Fitness / Proliferation / Viability,Cell-essential genes,Negative Selection,unidirectional,Knockout,Colonic Adenocarcinoma Cell Line,LS123,17956,2019,Behan FM (2019),30971826,-6.454862594604492,-4.284056186676025,13.968998908996582,-3.932891607284546
666,850,850 (forward),Forward,False,Train,circle,decreases cell proliferation,Fitness / Proliferation / Viability,Cell-essential genes,Negative Selection,unidirectional,Knockout,Colorectal Adenocarcinoma Cell Line,LS180,17956,2019,Behan FM (2019),30971826,-5.643467426300049,-4.7269673347473145,13.087446212768555,-3.305025100708008
667,851,851 (forward),Forward,False,Train,circle,decreases cell proliferation,Fitness / Proliferation / Viability,Cell-essential genes,Negative Selection,unidirectional,Knockout,Cecum Cancer Cell Line,LS411N,17956,2019,Behan FM (2019),30971826,-6.464963912963867,-4.982498645782471,13.54246997833252,-3.9326283931732178
668,852,852 (forward),Forward,False,Train,circle,decreases cell proliferation,Fitness / Proliferation / Viability,Cell-essential genes,Negative Selection,unidirectional,Knockout,Cecum Cancer Cell Line,LS513,17956,2019,Behan FM (2019),30971826,-6.506619930267334,-4.941042423248291,13.604084968566895,-4.230305194854736
669,853,853 (forward),Forward,False,Train,circle,decreases cell proliferation,Fitness / Proliferation / Viability,Cell-essential genes,Negative Selection,unidirectional,Knockout,Large Cell Lung Cancer Cell Line,Lu-65,17956,2019,Behan FM (2019),30971826,-5.929266452789307,-4.999120235443115,13.099916458129883,-3.5636415481567383
670,854,854 (forward),Forward,False,Train,circle,decreases cell proliferation,Fitness / Proliferation / Viability,Cell-essential genes,Negative Selection,unidirectional,Knockout,Large Cell Lung Cancer Cell Line,Lu-99A,17956,2019,Behan FM (2019),30971826,-5.079286575317383,-5.217438697814941,12.228160858154297,-3.1968421936035156
671,855,855 (forward),Forward,False,Train,circle,decreases cell proliferation,Fitness / Proliferation / Viability,Cell-essential genes,Negative Selection,unidirectional,Knockout,Lung Cancer Cell Line,LXF 289,17956,2019,Behan FM (2019),30971826,-5.194403648376465,-5.279311180114746,12.23719310760498,-3.292527437210083
672,856,856 (forward),Forward,False,Train,circle,decreases cell proliferation,Fitness / Proliferation / Viability,Cell-essential genes,Negative Selection,unidirectional,Knockout,Askin Tumor,SK-N-MC-IXC,17956,2019,Behan FM (2019),30971826,-5.24193000793457,-4.559014320373535,13.032936096191406,-2.923375129699707
673,857,857 (forward),Forward,False,Train,circle,decreases cell proliferation,Fitness / Proliferation / Viability,Cell-essential genes,Negative Selection,unidirectional,Knockout,Ovarian Cancer Cell Line,MCAS,17956,2019,Behan FM (2019),30971826,-6.175562858581543,-4.393082618713379,13.836909294128418,-3.6256189346313477
674,858,858 (forward),Forward,False,Train,circle,decreases cell proliferation,Fitness / Proliferation / Viability,Cell-essential genes,Negative Selection,unidirectional,Knockout,Breast Adenocarcinoma Cell Line,MCF-7,17956,2019,Behan FM (2019),30971826,-6.5052876472473145,-4.7192559242248535,13.416610717773438,-4.130634784698486
675,859,859 (forward),Forward,False,Train,circle,decreases cell proliferation as evidenced by reduced cell fitness/growth,Fitness / Proliferation / Viability,Cell-essential genes,Negative Selection,unidirectional,Knockout,Breast Adenocarcinoma Cell Line,MDA-MB-231,17956,2019,Behan FM (2019),30971826,-5.971885681152344,-4.7107720375061035,13.466011047363281,-3.625102996826172
676,860,860 (forward),Forward,False,Train,circle,decreases cell proliferation,Fitness / Proliferation / Viability,Cell-essential genes,Negative Selection,unidirectional,Knockout,Mammary Gland Tumor Cell Line,MDA-MB-361,17956,2019,Behan FM (2019),30971826,-6.705718517303467,-4.928343296051025,13.671652793884277,-4.347322940826416
677,861,861 (forward),Forward,False,Train,circle,decreases cell proliferation,Fitness / Proliferation / Viability,Cell-essential genes,Negative Selection,unidirectional,Knockout,Breast Cancer Cell Line,MDA-MB-415,17956,2019,Behan FM (2019),30971826,-6.679283142089844,-4.73942232131958,13.83738899230957,-4.1573486328125
678,862,862 (forward),Forward,False,Train,circle,decreases cell proliferation,Fitness / Proliferation / Viability,Cell-essential genes,Negative Selection,unidirectional,Knockout,Mammary Gland Tumor Cell Line,MDA-MB-436,17956,2019,Behan FM (2019),30971826,-6.1934638023376465,-4.861411094665527,13.393013000488281,-3.940790891647339
679,863,863 (forward),Forward,False,Train,circle,decreases cell proliferation (fitness),Fitness / Proliferation / Viability,Cell-essential genes,Negative Selection,unidirectional,Knockout,Mammary Gland Tumor Cell Line,MDA-MB-453,17956,2019,Behan FM (2019),30971826,-6.60171365737915,-4.6874518394470215,13.829652786254883,-4.248926639556885
680,864,864 (forward),Forward,False,Train,circle,decreases cell proliferation,Fitness / Proliferation / Viability,Cell-essential genes,Negative Selection,unidirectional,Knockout,Mammary Gland Tumor Cell Line,MDA-MB-468,17956,2019,Behan FM (2019),30971826,-5.894115447998047,-4.461130142211914,13.81517505645752,-3.3018834590911865
681,865,865 (forward),Forward,False,Train,circle,decreases cell proliferation,Fitness / Proliferation / Viability,Cell-essential genes,Negative Selection,unidirectional,Knockout,Colonic Cancer Cell Line,MDST8,17956,2019,Behan FM (2019),30971826,-6.016776084899902,-4.83115291595459,13.187808990478516,-3.8984265327453613
682,866,866 (forward),Forward,False,Train,circle,decreases cell proliferation,Fitness / Proliferation / Viability,Cell-essential genes,Negative Selection,unidirectional,Knockout,Endometrial Cancer Cell Line,MFE-280,17956,2019,Behan FM (2019),30971826,-6.2393293380737305,-4.091046333312988,14.12699031829834,-3.222989320755005
683,867,867 (forward),Forward,False,Train,circle,decreases cell proliferation,Fitness / Proliferation / Viability,Cell-essential genes,Negative Selection,unidirectional,Knockout,Endometrial Cancer Cell Line,MFE-296,17956,2019,Behan FM (2019),30971826,-6.022569179534912,-4.252834796905518,13.975203514099121,-3.4364054203033447
684,868,868 (forward),Forward,False,Train,circle,decreases cell proliferation,Fitness / Proliferation / Viability,Cell-essential genes,Negative Selection,unidirectional,Knockout,Mammary Gland Tumor Cell Line,MFM-223,17956,2019,Behan FM (2019),30971826,-5.835540771484375,-5.171595096588135,12.889739990234375,-3.7954468727111816
685,869,869 (forward),Forward,False,Train,circle,decreases cell proliferation,Fitness / Proliferation / Viability,Cell-essential genes,Negative Selection,unidirectional,Knockout,Cancer Cell Line,MHH-ES-1,17956,2019,Behan FM (2019),30971826,-5.045867919921875,-4.520425796508789,13.038293838500977,-2.4257521629333496
686,870,870 (forward),Forward,False,Train,circle,decreases cell proliferation,Fitness / Proliferation / Viability,Cell-essential genes,Negative Selection,unidirectional,Knockout,Cancer Cell Line,MIA PaCa-2,17956,2019,Behan FM (2019),30971826,-5.8157124519348145,-5.082862377166748,12.877574920654297,-3.499542236328125
687,871,871 (forward),Forward,False,Train,circle,decreases cell proliferation,Fitness / Proliferation / Viability,Cell-essential genes,Negative Selection,unidirectional,Knockout,Cancer Cell Line,MKN28,17956,2019,Behan FM (2019),30971826,-5.375850677490234,-5.091606616973877,12.94726848602295,-2.915205478668213
688,872,872 (forward),Forward,False,Train,circle,decreases cell proliferation,Fitness / Proliferation / Viability,Cell-essential genes,Negative Selection,unidirectional,Knockout,Astrocytoma Cell Line,MOG-G-UVW,17956,2019,Behan FM (2019),30971826,-5.85327672958374,-4.577457904815674,13.31525993347168,-3.505124092102051
689,873,873 (forward),Forward,False,Train,circle,decreases cell proliferation,Fitness / Proliferation / Viability,Cell-essential genes,Negative Selection,unidirectional,Knockout,Neuroblastoma Cell Line,SJNB-10,17956,2019,Behan FM (2019),30971826,-5.275526523590088,-4.09414005279541,13.6014986038208,-2.5226645469665527
690,874,874 (forward),Forward,False,Train,circle,decreases cell fitness as measured by reduced cell proliferation,Fitness / Proliferation / Viability,Cell-essential genes,Negative Selection,unidirectional,Knockout,Neuroblastoma Cell Line,SJNB-13,17956,2019,Behan FM (2019),30971826,-5.120283126831055,-4.3724493980407715,13.333192825317383,-2.6380326747894287
691,875,875 (forward),Forward,False,Train,circle,decreases cell proliferation,Fitness / Proliferation / Viability,Cell-essential genes,Negative Selection,unidirectional,Knockout,Neuroblastoma Cell Line,SJNB-17,17956,2019,Behan FM (2019),30971826,-5.229209899902344,-4.2992963790893555,13.355206489562988,-2.412400960922241
692,876,876 (forward),Forward,False,Train,circle,decreases cell proliferation,Fitness / Proliferation / Viability,Cell-essential genes,Negative Selection,unidirectional,Knockout,Neuroblastoma Cell Line,SJNB-5,17956,2019,Behan FM (2019),30971826,-5.16499662399292,-4.582727909088135,12.963421821594238,-2.8802154064178467
693,877,877 (forward),Forward,False,Train,circle,decreases cell proliferation,Fitness / Proliferation / Viability,Cell-essential genes,Negative Selection,unidirectional,Knockout,Neuroblastoma Cell Line,SJNB-6,17956,2019,Behan FM (2019),30971826,-5.156833171844482,-4.3475871086120605,13.208514213562012,-2.3845417499542236
694,878,878 (forward),Forward,False,Train,circle,decreases cell proliferation,Fitness / Proliferation / Viability,Cell-essential genes,Negative Selection,unidirectional,Knockout,Neuroblastoma Cell Line,NB69,17956,2019,Behan FM (2019),30971826,-5.13355827331543,-4.213235378265381,13.559377670288086,-2.6064980030059814
695,879,879 (forward),Forward,False,Train,circle,decreases cell proliferation,Fitness / Proliferation / Viability,Cell-essential genes,Negative Selection,unidirectional,Knockout,Neuroblastoma Cell Line,SJNB-7,17956,2019,Behan FM (2019),30971826,-5.007830619812012,-5.108531951904297,12.305166244506836,-2.6827714443206787
696,880,880 (forward),Forward,False,Train,circle,decreases cell proliferation,Fitness / Proliferation / Viability,Cell-essential genes,Negative Selection,unidirectional,Knockout,Non-Small Cell Lung Cancer Cell Line,NCI-H1155,17956,2019,Behan FM (2019),30971826,-5.736139297485352,-4.448523044586182,13.40147876739502,-3.1025774478912354
697,881,881 (forward),Forward,False,Train,circle,decreases cell proliferation,Fitness / Proliferation / Viability,Cell-essential genes,Negative Selection,unidirectional,Knockout,Non-Small Cell Lung Cancer Cell Line,NCI-H1299,17956,2019,Behan FM (2019),30971826,-5.557826995849609,-4.84352445602417,13.021480560302734,-3.427353620529175
698,882,882 (forward),Forward,False,Train,circle,decreases cell proliferation,Fitness / Proliferation / Viability,Cell-essential genes,Negative Selection,unidirectional,Knockout,Lung Adenocarcinoma Cell Line,NCI-H1355,17956,2019,Behan FM (2019),30971826,-5.639225006103516,-4.746000289916992,13.274032592773438,-3.352504253387451
699,883,883 (forward),Forward,False,Train,circle,decreases cell proliferation,Fitness / Proliferation / Viability,Cell-essential genes,Negative Selection,unidirectional,Knockout,Non-Small Cell Lung Cancer Cell Line,NCI-H1581,17956,2019,Behan FM (2019),30971826,-6.031752109527588,-4.319854736328125,13.744714736938477,-3.23673677444458
700,884,884 (forward),Forward,False,Train,circle,decreases cell proliferation,Fitness / Proliferation / Viability,Cell-essential genes,Negative Selection,unidirectional,Knockout,Lung Adenocarcinoma Cell Line,NCI-H1650,17956,2019,Behan FM (2019),30971826,-6.2744140625,-4.2748308181762695,13.996244430541992,-3.520001173019409
701,885,885 (forward),Forward,False,Train,circle,decreases cell proliferation,Fitness / Proliferation / Viability,Cell-essential genes,Negative Selection,unidirectional,Knockout,Lung Adenocarcinoma Cell Line,NCI-H1755,17956,2019,Behan FM (2019),30971826,-5.624453067779541,-5.320372581481934,12.543702125549316,-3.489807367324829
702,886,886 (forward),Forward,False,Train,circle,decreases cell proliferation,Fitness / Proliferation / Viability,Cell-essential genes,Negative Selection,unidirectional,Knockout,Lung Cancer Cell Line,NCI-H1869,17956,2019,Behan FM (2019),30971826,-5.779013633728027,-4.405534744262695,13.1371488571167,-3.2509753704071045
703,887,887 (forward),Forward,False,Train,circle,decreases cell proliferation as measured by reduced cell fitness,Fitness / Proliferation / Viability,Cell-essential genes,Negative Selection,unidirectional,Knockout,Non-Small Cell Lung Cancer Cell Line,NCI-H1915,17956,2019,Behan FM (2019),30971826,-5.931447505950928,-4.110177516937256,13.90263843536377,-3.1967058181762695
704,888,888 (forward),Forward,False,Train,circle,decreases cell proliferation,Fitness / Proliferation / Viability,Cell-essential genes,Negative Selection,unidirectional,Knockout,Lung Cancer Cell Line,NCI-H1944,17956,2019,Behan FM (2019),30971826,-5.641214847564697,-4.254079818725586,13.638928413391113,-3.021437883377075
705,889,889 (forward),Forward,False,Train,circle,decreases cell proliferation,Fitness / Proliferation / Viability,Cell-essential genes,Negative Selection,unidirectional,Knockout,Non-Small Cell Lung Cancer Cell Line,NCI-H1975,17956,2019,Behan FM (2019),30971826,-5.628022193908691,-4.896934509277344,12.856929779052734,-3.4103856086730957
706,890,890 (forward),Forward,False,Train,circle,decreases cell proliferation,Fitness / Proliferation / Viability,Cell-essential genes,Negative Selection,unidirectional,Knockout,Lung Cancer Cell Line,NCI-H1993,17956,2019,Behan FM (2019),30971826,-6.347238540649414,-4.922794342041016,13.637297630310059,-3.8454701900482178
707,891,891 (forward),Forward,False,Train,circle,decreases cell proliferation,Fitness / Proliferation / Viability,Cell-essential genes,Negative Selection,unidirectional,Knockout,Lung Cancer Cell Line,NCI-H2023,17956,2019,Behan FM (2019),30971826,-5.19497013092041,-5.293726444244385,12.159615516662598,-2.989818811416626
708,892,892 (forward),Forward,False,Train,circle,decreases cell proliferation,Fitness / Proliferation / Viability,Cell-essential genes,Negative Selection,unidirectional,Knockout,Lung Adenocarcinoma Cell Line,NCI-H2087,17956,2019,Behan FM (2019),30971826,-5.512531280517578,-4.881750106811523,12.863310813903809,-3.4703285694122314
709,893,893 (forward),Forward,False,Train,circle,decreases cell proliferation,Fitness / Proliferation / Viability,Cell-essential genes,Negative Selection,unidirectional,Knockout,Lung Squamous Cell Carcinoma Cell Line,NCI-H2170,17956,2019,Behan FM (2019),30971826,-5.549269676208496,-4.990505695343018,12.818038940429688,-3.3332269191741943
710,894,894 (forward),Forward,False,Train,circle,decreases cell proliferation,Fitness / Proliferation / Viability,Cell-essential genes,Negative Selection,unidirectional,Knockout,Non-Small Cell Lung Cancer Cell Line,NCI-H226,17956,2019,Behan FM (2019),30971826,-6.204503059387207,-4.189836025238037,13.99300479888916,-3.341996431350708
711,895,895 (forward),Forward,False,Train,circle,decreases cell proliferation,Fitness / Proliferation / Viability,Cell-essential genes,Negative Selection,unidirectional,Knockout,Lung Adenocarcinoma Cell Line,NCI-H23,17956,2019,Behan FM (2019),30971826,-5.306199550628662,-4.447690010070801,13.202203750610352,-2.4925827980041504
712,896,896 (forward),Forward,False,Train,circle,decreases cell proliferation,Fitness / Proliferation / Viability,Cell-essential genes,Negative Selection,unidirectional,Knockout,Cancer Cell Line,NCI-H3118,17956,2019,Behan FM (2019),30971826,-5.659091472625732,-4.3104119300842285,13.777079582214355,-2.8397204875946045
713,897,897 (forward),Forward,False,Train,circle,decreases cell proliferation,Fitness / Proliferation / Viability,Cell-essential genes,Negative Selection,unidirectional,Knockout,Lung Adenocarcinoma Cell Line,NCI-H3122,17956,2019,Behan FM (2019),30971826,-6.541685581207275,-4.574689865112305,13.870494842529297,-4.03471040725708
714,898,898 (forward),Forward,False,Train,circle,decreases cell proliferation,Fitness / Proliferation / Viability,Cell-essential genes,Negative Selection,unidirectional,Knockout,Non-Small Cell Lung Cancer Cell Line,NCI-H322M,17956,2019,Behan FM (2019),30971826,-6.308575630187988,-4.434168338775635,13.987210273742676,-3.832756996154785
715,899,899 (forward),Forward,False,Train,circle,decreases cell proliferation,Fitness / Proliferation / Viability,Cell-essential genes,Negative Selection,unidirectional,Knockout,Non-Small Cell Lung Cancer Cell Line,NCI-H358,17956,2019,Behan FM (2019),30971826,-6.374728202819824,-4.294633388519287,13.799332618713379,-3.6386935710906982
716,900,900 (forward),Forward,False,Train,circle,decreases cell proliferation,Fitness / Proliferation / Viability,Cell-essential genes,Negative Selection,unidirectional,Knockout,Non-Small Cell Lung Cancer Cell Line,NCI-H520,17956,2019,Behan FM (2019),30971826,-5.640256404876709,-4.79555606842041,12.940774917602539,-3.381730556488037
717,901,901 (forward),Forward,False,Train,circle,decreases cell proliferation (fitness),Fitness / Proliferation / Viability,Cell-essential genes,Negative Selection,unidirectional,Knockout,Lung Cancer Cell Line,NCI-H650,17956,2019,Behan FM (2019),30971826,-6.421459674835205,-4.195087909698486,14.253594398498535,-3.619262456893921
718,902,902 (forward),Forward,False,Train,circle,decreases cell proliferation,Fitness / Proliferation / Viability,Cell-essential genes,Negative Selection,unidirectional,Knockout,Gastric Cancer Cell Line,NCI-N87,17956,2019,Behan FM (2019),30971826,-6.094985485076904,-4.317424774169922,14.002917289733887,-3.510369062423706
719,903,903 (forward),Forward,False,Train,circle,decreases cell proliferation,Fitness / Proliferation / Viability,Cell-essential genes,Negative Selection,unidirectional,Knockout,Neuroblastoma Cell Line,NH-12,17956,2019,Behan FM (2019),30971826,-5.135663032531738,-4.225959777832031,13.355156898498535,-2.5897269248962402
720,904,904 (forward),Forward,False,Train,circle,decreases cell proliferation,Fitness / Proliferation / Viability,Cell-essential genes,Negative Selection,unidirectional,Knockout,Astrocytoma Cell Line,NMC-G1,17956,2019,Behan FM (2019),30971826,-5.78150749206543,-4.026444911956787,13.996285438537598,-2.920366048812866
721,905,905 (forward),Forward,False,Train,circle,decreases cell proliferation,Fitness / Proliferation / Viability,Cell-essential genes,Negative Selection,unidirectional,Knockout,Glioblastoma Cell Line,Onda 10,17956,2019,Behan FM (2019),30971826,-5.537291049957275,-4.321555137634277,13.394055366516113,-3.0543291568756104
722,906,906 (forward),Forward,False,Train,circle,decreases cell proliferation,Fitness / Proliferation / Viability,Cell-essential genes,Negative Selection,unidirectional,Knockout,Glioblastoma Cell Line,Onda 11,17956,2019,Behan FM (2019),30971826,-6.329814434051514,-3.9859113693237305,14.239068031311035,-3.45223069190979
723,907,907 (forward),Forward,False,Train,circle,decreases cell proliferation,Fitness / Proliferation / Viability,Cell-essential genes,Negative Selection,unidirectional,Knockout,Gastric Adenocarcinoma Cell Line,NUGC-3,17956,2019,Behan FM (2019),30971826,-5.6952338218688965,-5.3563103675842285,12.593856811523438,-3.735208034515381
724,908,908 (forward),Forward,False,Train,circle,decreases cell proliferation,Fitness / Proliferation / Viability,Cell-essential genes,Negative Selection,unidirectional,Knockout,Cancer Cell Line,OACM5.1 C,17956,2019,Behan FM (2019),30971826,-6.1904449462890625,-4.416654586791992,13.783099174499512,-2.975085973739624
725,909,909 (forward),Forward,False,Train,circle,decreases cell proliferation,Fitness / Proliferation / Viability,Cell-essential genes,Negative Selection,unidirectional,Knockout,Ovarian Cancer Cell Line,OAW42,17956,2019,Behan FM (2019),30971826,-5.711339950561523,-4.431983947753906,13.235879898071289,-3.441908359527588
726,910,910 (forward),Forward,False,Train,circle,decreases cell proliferation,Fitness / Proliferation / Viability,Cell-essential genes,Negative Selection,unidirectional,Knockout,Ovarian Cancer Cell Line,OC 314,17956,2019,Behan FM (2019),30971826,-6.037467002868652,-5.108960151672363,12.81509017944336,-3.7547457218170166
727,911,911 (forward),Forward,False,Train,circle,decreases cell proliferation,Fitness / Proliferation / Viability,Cell-essential genes,Negative Selection,unidirectional,Knockout,Acute Myeloid Leukemia Cell Line,OCI-AML-2,17956,2019,Behan FM (2019),30971826,-5.227132797241211,-4.356020927429199,13.182788848876953,-2.516704559326172
728,912,912 (forward),Forward,False,Train,circle,decreases cell proliferation,Fitness / Proliferation / Viability,Cell-essential genes,Negative Selection,unidirectional,Knockout,Acute Myeloid Leukemia Cell Line,OCI-AML-3,17956,2019,Behan FM (2019),30971826,-5.280588150024414,-4.658373832702637,12.957941055297852,-2.7825965881347656
729,913,913 (forward),Forward,False,Train,circle,decreases cell proliferation,Fitness / Proliferation / Viability,Cell-essential genes,Negative Selection,unidirectional,Knockout,Diffuse Large B-cell Lymphoma Cell,OCI-Ly19,17956,2019,Behan FM (2019),30971826,-5.10932731628418,-4.386446952819824,13.162294387817383,-2.28767728805542
730,914,914 (forward),Forward,False,Train,circle,decreases cell proliferation (cellular fitness),Fitness / Proliferation / Viability,Cell-essential genes,Negative Selection,unidirectional,Knockout,Breast Cancer Cell Line,OCUB-M,17956,2019,Behan FM (2019),30971826,-6.502388000488281,-4.657956600189209,13.841453552246094,-4.15184211730957
731,915,915 (forward),Forward,False,Train,circle,decreases cell proliferation,Fitness / Proliferation / Viability,Cell-essential genes,Negative Selection,unidirectional,Knockout,Esophageal Cancer Cell Line,OE21,17956,2019,Behan FM (2019),30971826,-5.208962440490723,-5.183704853057861,12.350041389465332,-3.1035053730010986
732,916,916 (forward),Forward,False,Train,circle,decreases cell proliferation,Fitness / Proliferation / Viability,Cell-essential genes,Negative Selection,unidirectional,Knockout,Esophageal Cancer Cell Line,OE33,17956,2019,Behan FM (2019),30971826,-5.847702980041504,-5.241291046142578,12.742384910583496,-3.879267692565918
733,917,917 (forward),Forward,False,Train,circle,decreases cell proliferation,Fitness / Proliferation / Viability,Cell-essential genes,Negative Selection,unidirectional,Knockout,Lymphoma or Leukaemia Cell Line,OPM-2,17956,2019,Behan FM (2019),30971826,-5.019214153289795,-4.555456161499023,13.041595458984375,-2.349194049835205
734,918,918 (forward),Forward,False,Train,circle,decreases cell proliferation (cell fitness),Fitness / Proliferation / Viability,Cell-essential genes,Negative Selection,unidirectional,Knockout,Tongue Cancer Cell Line,OSC-19,17956,2019,Behan FM (2019),30971826,-6.347357273101807,-4.4043989181518555,13.980944633483887,-3.743753433227539
735,919,919 (forward),Forward,False,Train,circle,decreases cell proliferation,Fitness / Proliferation / Viability,Cell-essential genes,Negative Selection,unidirectional,Knockout,Tongue Cancer Cell Line,OSC-20,17956,2019,Behan FM (2019),30971826,-5.687276363372803,-4.714763164520264,13.166838645935059,-3.3589768409729004
736,920,920 (forward),Forward,False,Train,circle,decreases cell proliferation as measured by reduced cellular fitness,Fitness / Proliferation / Viability,Cell-essential genes,Negative Selection,unidirectional,Knockout,Ovary Adenocarcinoma Cell Line,OV-90,17956,2019,Behan FM (2019),30971826,-5.631771087646484,-4.959054946899414,12.769779205322266,-3.4982810020446777
737,921,921 (forward),Forward,False,Train,circle,decreases cell proliferation,Fitness / Proliferation / Viability,Cell-essential genes,Negative Selection,unidirectional,Knockout,Ovarian Cancer Cell Line,OVCA420,17956,2019,Behan FM (2019),30971826,-5.755591869354248,-4.527553081512451,13.463329315185547,-3.2703726291656494
738,922,922 (forward),Forward,False,Train,circle,decreases cell proliferation,Fitness / Proliferation / Viability,Cell-essential genes,Negative Selection,unidirectional,Knockout,Ovary Adenocarcinoma Cell Line,OVCAR-3,17956,2019,Behan FM (2019),30971826,-6.0425004959106445,-4.340635299682617,13.906392097473145,-3.323340892791748
739,923,923 (forward),Forward,False,Train,circle,decreases cell proliferation,Fitness / Proliferation / Viability,Cell-essential genes,Negative Selection,unidirectional,Knockout,Ovarian Cancer Cell Line,OVCAR-5,17956,2019,Behan FM (2019),30971826,-5.655021667480469,-5.303301811218262,12.558280944824219,-3.578518867492676
740,924,924 (forward),Forward,False,Train,circle,decreases cell proliferation,Fitness / Proliferation / Viability,Cell-essential genes,Negative Selection,unidirectional,Knockout,OVCAR-8,NCI-ADR-RES,17956,2019,Behan FM (2019),30971826,-5.03225564956665,-5.10235595703125,12.35608196258545,-2.832751750946045
741,925,925 (forward),Forward,False,Train,circle,decreases cell proliferation,Fitness / Proliferation / Viability,Cell-essential genes,Negative Selection,unidirectional,Knockout,Ovary Adenocarcinoma Cell Line,OVISE,17956,2019,Behan FM (2019),30971826,-5.598644733428955,-4.897866249084473,12.949267387390137,-3.566500425338745
742,926,926 (forward),Forward,False,Train,circle,decreases cell proliferation (cell fitness),Fitness / Proliferation / Viability,Cell-essential genes,Negative Selection,unidirectional,Knockout,Ovarian Cancer Cell Line,OVK-18,17956,2019,Behan FM (2019),30971826,-5.344024658203125,-4.170801639556885,13.485380172729492,-2.5589261054992676
743,927,927 (forward),Forward,False,Train,circle,decreases cell proliferation,Fitness / Proliferation / Viability,Cell-essential genes,Negative Selection,unidirectional,Knockout,Ovarian Cancer Cell Line,OVMIU,17956,2019,Behan FM (2019),30971826,-6.310146331787109,-4.522651672363281,13.526748657226562,-3.753594398498535
744,928,928 (forward),Forward,False,Train,circle,decreases cell proliferation,Fitness / Proliferation / Viability,Cell-essential genes,Negative Selection,unidirectional,Knockout,Cancer Cell Line,PaTu 8902,17956,2019,Behan FM (2019),30971826,-6.226822376251221,-4.539201736450195,13.834620475769043,-3.7913074493408203
745,929,929 (forward),Forward,False,Train,circle,decreases cell proliferation,Fitness / Proliferation / Viability,Cell-essential genes,Negative Selection,unidirectional,Knockout,Pancreatic Adenocarcinoma Cell Line,PaTu 8988t,17956,2019,Behan FM (2019),30971826,-5.1179633140563965,-5.169741630554199,12.386812210083008,-3.161830425262451
746,930,930 (forward),Forward,False,Train,circle,decreases cell proliferation,Fitness / Proliferation / Viability,Cell-essential genes,Negative Selection,unidirectional,Knockout,Cancer Cell Line,Panc 02.03,17956,2019,Behan FM (2019),30971826,-6.592525005340576,-4.593848705291748,13.961482048034668,-4.064610004425049
747,931,931 (forward),Forward,False,Train,circle,decreases cell proliferation,Fitness / Proliferation / Viability,Cell-essential genes,Negative Selection,unidirectional,Knockout,Cancer Cell Line,Panc 03.27,17956,2019,Behan FM (2019),30971826,-5.8763508796691895,-5.086782932281494,12.988816261291504,-3.8235998153686523
748,932,932 (forward),Forward,False,Train,circle,decreases cell proliferation,Fitness / Proliferation / Viability,Cell-essential genes,Negative Selection,unidirectional,Knockout,Cancer Cell Line,Panc 04.03,17956,2019,Behan FM (2019),30971826,-6.409416675567627,-4.846502780914307,13.55754566192627,-4.039623737335205
749,933,933 (forward),Forward,False,Train,circle,decreases cell proliferation,Fitness / Proliferation / Viability,Cell-essential genes,Negative Selection,unidirectional,Knockout,Cancer Cell Line,Panc 08.13,17956,2019,Behan FM (2019),30971826,-6.58297872543335,-4.931515693664551,13.630793571472168,-4.372358798980713
750,934,934 (forward),Forward,False,Train,circle,decreases cell proliferation,Fitness / Proliferation / Viability,Cell-essential genes,Negative Selection,unidirectional,Knockout,Pancreatic Ductal Adenocarcinoma Cell Line,Panc 10.05,17956,2019,Behan FM (2019),30971826,-6.416123867034912,-4.354515075683594,14.15673542022705,-3.840294361114502
751,935,935 (forward),Forward,False,Train,circle,decreases cell proliferation,Fitness / Proliferation / Viability,Cell-essential genes,Negative Selection,unidirectional,Knockout,Lung Adenocarcinoma Cell Line,PC-14,17956,2019,Behan FM (2019),30971826,-5.525813579559326,-5.419781684875488,12.397727966308594,-3.3919599056243896
752,936,936 (forward),Forward,False,Train,circle,decreases cell proliferation,Fitness / Proliferation / Viability,Cell-essential genes,Negative Selection,unidirectional,Knockout,Cancer Cell Line,PCI-15A,17956,2019,Behan FM (2019),30971826,-5.567459583282471,-5.2471208572387695,12.653399467468262,-3.547738790512085
753,937,937 (forward),Forward,False,Train,circle,decreases cell proliferation,Fitness / Proliferation / Viability,Cell-essential genes,Negative Selection,unidirectional,Knockout,Cancer Cell Line,PCI-30,17956,2019,Behan FM (2019),30971826,-5.385011672973633,-4.793019771575928,12.661043167114258,-3.083956480026245
754,938,938 (forward),Forward,False,Train,circle,decreases cell proliferation,Fitness / Proliferation / Viability,Cell-essential genes,Negative Selection,unidirectional,Knockout,Cancer Cell Line,PCI-38,17956,2019,Behan FM (2019),30971826,-5.189896106719971,-5.373692512512207,12.179747581481934,-3.0782101154327393
755,939,939 (forward),Forward,False,Train,circle,decreases cell proliferation,Fitness / Proliferation / Viability,Cell-essential genes,Negative Selection,unidirectional,Knockout,Cancer Cell Line,PCI-04B,17956,2019,Behan FM (2019),30971826,-5.447622776031494,-4.6593403816223145,12.923105239868164,-3.1547482013702393
756,940,940 (forward),Forward,False,Train,circle,decreases cell proliferation,Fitness / Proliferation / Viability,Cell-essential genes,Negative Selection,unidirectional,Knockout,Cancer Cell Line,PCI-06A,17956,2019,Behan FM (2019),30971826,-5.349734783172607,-4.687859535217285,12.84587287902832,-3.005932569503784
757,941,941 (forward),Forward,False,Train,circle,decreases cell proliferation,Fitness / Proliferation / Viability,Cell-essential genes,Negative Selection,unidirectional,Knockout,Tongue Cancer Cell Line,PE/CA-PJ15,17956,2019,Behan FM (2019),30971826,-5.457103252410889,-5.143807411193848,12.340256690979004,-3.3699095249176025
758,942,942 (forward),Forward,False,Train,circle,decreases cell proliferation,Fitness / Proliferation / Viability,Cell-essential genes,Negative Selection,unidirectional,Knockout,Ovarian Cancer Cell Line,PEO1,17956,2019,Behan FM (2019),30971826,-5.644688606262207,-5.1408305168151855,12.714858055114746,-3.689631700515747
759,943,943 (forward),Forward,False,Train,circle,decreases cell proliferation,Fitness / Proliferation / Viability,Cell-essential genes,Negative Selection,unidirectional,Knockout,Ovarian Cancer Cell Line,PEO4,17956,2019,Behan FM (2019),30971826,-6.389766693115234,-4.181424140930176,14.276972770690918,-3.602141857147217
760,944,944 (forward),Forward,False,Train,circle,decreases cell proliferation,Fitness / Proliferation / Viability,Cell-essential genes,Negative Selection,unidirectional,Knockout,Pancreatic Ductal Adenocarcinoma Cell Line,PL4,17956,2019,Behan FM (2019),30971826,-6.324094295501709,-4.755881309509277,13.555049896240234,-4.043705463409424
761,945,945 (forward),Forward,False,Train,circle,decreases cell proliferation,Fitness / Proliferation / Viability,Cell-essential genes,Negative Selection,unidirectional,Knockout,Pancreatic Adenocarcinoma Cell Line,PSN1,17956,2019,Behan FM (2019),30971826,-5.144227504730225,-5.354796409606934,12.158442497253418,-3.3578994274139404
762,946,946 (forward),Forward,False,Train,circle,decreases cell proliferation,Fitness / Proliferation / Viability,Cell-essential genes,Negative Selection,unidirectional,Knockout,Renal Cell Carcinoma Cell Line,KTCTL-26A,17956,2019,Behan FM (2019),30971826,-5.887081623077393,-4.433523654937744,13.473190307617188,-3.3348989486694336
763,947,947 (forward),Forward,False,Train,circle,decreases cell proliferation,Fitness / Proliferation / Viability,Cell-essential genes,Negative Selection,unidirectional,Knockout,Colonic Cancer Cell Line,RCM-1,17956,2019,Behan FM (2019),30971826,-6.3078203201293945,-4.919590473175049,13.41564655303955,-4.115878582000732
764,948,948 (forward),Forward,False,Train,circle,decreases cell proliferation (cellular fitness),Fitness / Proliferation / Viability,Cell-essential genes,Negative Selection,unidirectional,Knockout,Cancer Cell Line,RERF-GC-1B,17956,2019,Behan FM (2019),30971826,-6.353072643280029,-4.106200218200684,14.314291000366211,-3.512608766555786
765,949,949 (forward),Forward,False,Train,circle,decreases cell proliferation,Fitness / Proliferation / Viability,Cell-essential genes,Negative Selection,unidirectional,Knockout,Lung Squamous Cell Carcinoma Cell Line,RERF-LC-Sq1,17956,2019,Behan FM (2019),30971826,-5.270195484161377,-5.250634670257568,12.395235061645508,-3.1918606758117676
766,950,950 (forward),Forward,False,Train,circle,decreases cell proliferation,Fitness / Proliferation / Viability,Cell-essential genes,Negative Selection,unidirectional,Knockout,Cancer Cell Line,RKN,17956,2019,Behan FM (2019),30971826,-6.313987731933594,-4.143322467803955,14.135668754577637,-3.706515312194824
767,951,951 (forward),Forward,False,Train,circle,decreases cell proliferation,Fitness / Proliferation / Viability,Cell-essential genes,Negative Selection,unidirectional,Knockout,Colonic Cancer Cell Line,RKO,17956,2019,Behan FM (2019),30971826,-5.1527862548828125,-5.425878047943115,12.418862342834473,-3.5689144134521484
768,952,952 (forward),Forward,False,Train,circle,decreases cell proliferation,Fitness / Proliferation / Viability,Cell-essential genes,Negative Selection,unidirectional,Knockout,Endometrial Cancer Cell Line,RL95-2,17956,2019,Behan FM (2019),30971826,-5.728619575500488,-5.206241130828857,12.678692817687988,-3.291902542114258
769,953,953 (forward),Forward,False,Train,circle,decreases cell proliferation,Fitness / Proliferation / Viability,Cell-essential genes,Negative Selection,unidirectional,Knockout,Ovary Adenocarcinoma Cell Line,RMG-I,17956,2019,Behan FM (2019),30971826,-6.413174152374268,-4.517219543457031,13.713820457458496,-3.5492303371429443
770,954,954 (forward),Forward,False,Train,circle,decreases cell proliferation,Fitness / Proliferation / Viability,Cell-essential genes,Negative Selection,unidirectional,Knockout,Diffuse Large B-cell Lymphoma Cell,ROS-50,17956,2019,Behan FM (2019),30971826,-6.349059104919434,-4.159827709197998,14.283407211303711,-3.5571203231811523
771,955,955 (forward),Forward,False,Train,circle,decreases cell proliferation,Fitness / Proliferation / Viability,Cell-essential genes,Negative Selection,unidirectional,Knockout,Multiple Myeloma Cell Line,RPMI-8226,17956,2019,Behan FM (2019),30971826,-5.807596683502197,-4.56632137298584,13.634445190429688,-3.3067574501037598
772,956,956 (forward),Forward,False,Train,circle,decreases cell proliferation,Fitness / Proliferation / Viability,Cell-essential genes,Negative Selection,unidirectional,Knockout,Tongue Cancer Cell Line,SAS,17956,2019,Behan FM (2019),30971826,-5.431570053100586,-5.131267070770264,12.668100357055664,-3.583462953567505
773,957,957 (forward),Forward,False,Train,circle,decreases cell proliferation,Fitness / Proliferation / Viability,Cell-essential genes,Negative Selection,unidirectional,Knockout,Tongue Cancer Cell Line,SCC-4,17956,2019,Behan FM (2019),30971826,-5.560072898864746,-4.9388556480407715,13.039517402648926,-3.271195888519287
774,958,958 (forward),Forward,False,Train,circle,decreases cell proliferation,Fitness / Proliferation / Viability,Cell-essential genes,Negative Selection,unidirectional,Knockout,Cancer Cell Line,SCC-9,17956,2019,Behan FM (2019),30971826,-5.600441932678223,-5.355894088745117,12.502645492553711,-3.6986186504364014
775,959,959 (forward),Forward,False,Train,circle,decreases cell proliferation,Fitness / Proliferation / Viability,Cell-essential genes,Negative Selection,unidirectional,Knockout,Tongue Cancer Cell Line,UPCI-SCC-090,17956,2019,Behan FM (2019),30971826,-5.9120564460754395,-4.315112590789795,13.697628021240234,-3.0505974292755127
776,960,960 (forward),Forward,False,Train,circle,decreases cell proliferation,Fitness / Proliferation / Viability,Cell-essential genes,Negative Selection,unidirectional,Knockout,Cancer Cell Line,SCH,17956,2019,Behan FM (2019),30971826,-6.281869411468506,-4.100157737731934,14.219315528869629,-3.6547937393188477
777,961,961 (forward),Forward,False,Train,circle,decreases cell proliferation,Fitness / Proliferation / Viability,Cell-essential genes,Negative Selection,unidirectional,Knockout,Cancer Cell Line,SF126,17956,2019,Behan FM (2019),30971826,-5.240126132965088,-4.957853317260742,12.276756286621094,-2.989025115966797
778,962,962 (forward),Forward,False,Train,circle,decreases cell proliferation,Fitness / Proliferation / Viability,Cell-essential genes,Negative Selection,unidirectional,Knockout,Glioblastoma Cell Line,SF295,17956,2019,Behan FM (2019),30971826,-5.064528942108154,-5.151766777038574,12.338374137878418,-2.8503482341766357
779,963,963 (forward),Forward,False,Train,circle,decreases cell proliferation,Fitness / Proliferation / Viability,Cell-essential genes,Negative Selection,unidirectional,Knockout,Cancer Cell Line,SF539,17956,2019,Behan FM (2019),30971826,-5.321370601654053,-5.27644681930542,12.363301277160645,-3.3096344470977783
780,964,964 (forward),Forward,False,Train,circle,decreases cell proliferation (cell fitness),Fitness / Proliferation / Viability,Cell-essential genes,Negative Selection,unidirectional,Knockout,Osteosarcoma Cell Line,SJSA-1,17956,2019,Behan FM (2019),30971826,-4.864211082458496,-5.130168914794922,12.472953796386719,-2.690692901611328
781,965,965 (forward),Forward,False,Train,circle,decreases cell proliferation,Fitness / Proliferation / Viability,Cell-essential genes,Negative Selection,unidirectional,Knockout,Esophageal Cancer Cell Line,SK-GT-4,17956,2019,Behan FM (2019),30971826,-5.417992115020752,-5.3045783042907715,12.568625450134277,-3.117487668991089
782,966,966 (forward),Forward,False,Train,circle,decreases cell proliferation,Fitness / Proliferation / Viability,Cell-essential genes,Negative Selection,unidirectional,Knockout,Melanoma Cell Line,SK-MEL-2,17956,2019,Behan FM (2019),30971826,-5.344953536987305,-5.017427444458008,12.495715141296387,-3.0655601024627686
783,967,967 (forward),Forward,False,Train,circle,decreases cell proliferation,Fitness / Proliferation / Viability,Cell-essential genes,Negative Selection,unidirectional,Knockout,Lung Squamous Cell Carcinoma Cell Line,SK-MES-1,17956,2019,Behan FM (2019),30971826,-5.660170078277588,-4.83545446395874,13.097156524658203,-3.2043042182922363
784,968,968 (forward),Forward,False,Train,circle,decreases cell proliferation,Fitness / Proliferation / Viability,Cell-essential genes,Negative Selection,unidirectional,Knockout,Astrocytoma Cell Line,SK-MG-1,17956,2019,Behan FM (2019),30971826,-5.1924967765808105,-5.257910251617432,12.385784149169922,-3.1042966842651367
785,969,969 (forward),Forward,False,Train,circle,decreases cell proliferation,Fitness / Proliferation / Viability,Cell-essential genes,Negative Selection,unidirectional,Knockout,Neuroblastoma Cell Line,SK-N-AS,17956,2019,Behan FM (2019),30971826,-5.036587715148926,-4.988295555114746,12.597716331481934,-2.752851724624634
786,970,970 (forward),Forward,False,Train,circle,decreases cell proliferation,Fitness / Proliferation / Viability,Cell-essential genes,Negative Selection,unidirectional,Knockout,Neuroblastoma Cell Line,SK-N-DZ,17956,2019,Behan FM (2019),30971826,-5.376564025878906,-4.612386703491211,13.445919036865234,-3.0440022945404053
787,971,971 (forward),Forward,False,Train,circle,decreases cell proliferation,Fitness / Proliferation / Viability,Cell-essential genes,Negative Selection,unidirectional,Knockout,Neuroblastoma Cell Line,SK-N-FI,17956,2019,Behan FM (2019),30971826,-4.97443962097168,-4.770449161529541,12.718474388122559,-2.7702555656433105
788,972,972 (forward),Forward,False,Train,circle,decreases cell proliferation,Fitness / Proliferation / Viability,Cell-essential genes,Negative Selection,unidirectional,Knockout,Neuroblastoma Cell Line,SK-N-SH,17956,2019,Behan FM (2019),30971826,-5.233511924743652,-4.130530834197998,13.612858772277832,-2.5428576469421387
789,973,973 (forward),Forward,False,Train,circle,decreases cell proliferation,Fitness / Proliferation / Viability,Cell-essential genes,Negative Selection,unidirectional,Knockout,Cancer Cell Line,SK-PN-DW,17956,2019,Behan FM (2019),30971826,-5.953236103057861,-4.289928913116455,13.678865432739258,-3.3328051567077637
790,974,974 (forward),Forward,False,Train,circle,decreases cell proliferation,Fitness / Proliferation / Viability,Cell-essential genes,Negative Selection,unidirectional,Knockout,Head and Neck Squamous Cell Carcinoma Cell Line,SKN-3,17956,2019,Behan FM (2019),30971826,-6.165800094604492,-4.185020446777344,13.849385261535645,-3.494089365005493
791,975,975 (forward),Forward,False,Train,circle,decreases cell proliferation,Fitness / Proliferation / Viability,Cell-essential genes,Negative Selection,unidirectional,Knockout,Glioblastoma Cell Line,SNB-75,17956,2019,Behan FM (2019),30971826,-6.210014820098877,-4.148821830749512,14.071508407592773,-3.244037389755249
792,976,976 (forward),Forward,False,Train,circle,decreases cell proliferation,Fitness / Proliferation / Viability,Cell-essential genes,Negative Selection,unidirectional,Knockout,Endometrial Cancer Cell Line,SNG-M,17956,2019,Behan FM (2019),30971826,-5.272000312805176,-4.463479995727539,13.315433502197266,-2.5413639545440674
793,977,977 (forward),Forward,False,Train,circle,decreases cell proliferation,Fitness / Proliferation / Viability,Cell-essential genes,Negative Selection,unidirectional,Knockout,Gastric Cancer Cell Line,SNU-1,17956,2019,Behan FM (2019),30971826,-6.145930290222168,-4.97145938873291,13.186080932617188,-3.802626132965088
794,978,978 (forward),Forward,False,Train,circle,decreases cell proliferation,Fitness / Proliferation / Viability,Cell-essential genes,Negative Selection,unidirectional,Knockout,Gastric Cancer Cell Line,SNU-16,17956,2019,Behan FM (2019),30971826,-5.248730659484863,-5.005472183227539,12.814526557922363,-2.409263849258423
795,979,979 (forward),Forward,False,Train,circle,decreases cell proliferation,Fitness / Proliferation / Viability,Cell-essential genes,Negative Selection,unidirectional,Knockout,Cancer Cell Line,SNU-61,17956,2019,Behan FM (2019),30971826,-6.4226789474487305,-4.974948883056641,13.521477699279785,-4.204201698303223
796,980,980 (forward),Forward,False,Train,circle,decreases cell proliferation,Fitness / Proliferation / Viability,Cell-essential genes,Negative Selection,unidirectional,Knockout,Cancer Cell Line,SNU-81,17956,2019,Behan FM (2019),30971826,-6.4301438331604,-4.7469162940979,13.624180793762207,-4.0864996910095215
797,981,981 (forward),Forward,False,Train,circle,decreases cell proliferation,Fitness / Proliferation / Viability,Cell-essential genes,Negative Selection,unidirectional,Knockout,Colonic Cancer Cell Line,SNU-C1,17956,2019,Behan FM (2019),30971826,-6.326910972595215,-4.787166595458984,13.563596725463867,-4.027111530303955
798,982,982 (forward),Forward,False,Train,circle,decreases cell proliferation (cellular fitness),Fitness / Proliferation / Viability,Cell-essential genes,Negative Selection,unidirectional,Knockout,Cecum Cancer Cell Line,SNU-C5,17956,2019,Behan FM (2019),30971826,-6.085944652557373,-4.966557502746582,13.230828285217285,-3.861778497695923
799,983,983 (forward),Forward,False,Train,circle,decreases cell proliferation,Fitness / Proliferation / Viability,Cell-essential genes,Negative Selection,unidirectional,Knockout,Diffuse Large B-cell Lymphoma Cell,SU-DHL-10,17956,2019,Behan FM (2019),30971826,-4.926563262939453,-4.884032249450684,12.673863410949707,-2.5302696228027344
800,984,984 (forward),Forward,False,Train,circle,decreases cell proliferation (cell fitness),Fitness / Proliferation / Viability,Cell-essential genes,Negative Selection,unidirectional,Knockout,Diffuse Large B-cell Lymphoma Cell,SU-DHL-5,17956,2019,Behan FM (2019),30971826,-4.853106498718262,-4.7611494064331055,12.694746017456055,-2.783466339111328
801,985,985 (forward),Forward,False,Train,circle,decreases cell proliferation,Fitness / Proliferation / Viability,Cell-essential genes,Negative Selection,unidirectional,Knockout,Diffuse Large B-cell Lymphoma Cell,SU-DHL-8,17956,2019,Behan FM (2019),30971826,-4.97666072845459,-5.018762111663818,12.837757110595703,-2.444460868835449
802,986,986 (forward),Forward,False,Train,circle,decreases cell proliferation,Fitness / Proliferation / Viability,Cell-essential genes,Negative Selection,unidirectional,Knockout,Pancreatic Ductal Adenocarcinoma Cell Line,SU.86.86,17956,2019,Behan FM (2019),30971826,-6.1600751876831055,-4.79027795791626,13.2920503616333,-3.6523277759552
803,987,987 (forward),Forward,False,Train,circle,decreases cell proliferation,Fitness / Proliferation / Viability,Cell-essential genes,Negative Selection,unidirectional,Knockout,Pancreatic Cancer Cell Line,SUIT-2,17956,2019,Behan FM (2019),30971826,-5.818226337432861,-5.280569076538086,12.828376770019531,-3.6484110355377197
804,988,988 (forward),Forward,False,Train,circle,decreases cell proliferation,Fitness / Proliferation / Viability,Cell-essential genes,Negative Selection,unidirectional,Knockout,Cancer Cell Line,SW1088,17956,2019,Behan FM (2019),30971826,-5.036584377288818,-4.765263557434082,12.672256469726562,-2.674517869949341
805,989,989 (forward),Forward,False,Train,circle,decreases cell proliferation,Fitness / Proliferation / Viability,Cell-essential genes,Negative Selection,unidirectional,Knockout,Lung Cancer Cell Line,SW1573,17956,2019,Behan FM (2019),30971826,-5.185247898101807,-5.125752925872803,12.329007148742676,-2.991178512573242
806,990,990 (forward),Forward,False,Train,circle,decreases cell proliferation,Fitness / Proliferation / Viability,Cell-essential genes,Negative Selection,unidirectional,Knockout,Cancer Cell Line,SW1990,17956,2019,Behan FM (2019),30971826,-5.91781759262085,-5.031344413757324,13.000105857849121,-3.851396322250366
807,991,991 (forward),Forward,False,Train,circle,decreases cell proliferation,Fitness / Proliferation / Viability,Cell-essential genes,Negative Selection,unidirectional,Knockout,Colorectal Adenocarcinoma Cell Line,SW48,17956,2019,Behan FM (2019),30971826,-5.619327545166016,-4.853438377380371,12.879262924194336,-3.2918615341186523
808,992,992 (forward),Forward,False,Train,circle,decreases cell proliferation,Fitness / Proliferation / Viability,Cell-essential genes,Negative Selection,unidirectional,Knockout,Colonic Cancer Cell Line,SW620,17956,2019,Behan FM (2019),30971826,-6.059195518493652,-5.143757343292236,13.11378002166748,-3.887187957763672
809,993,993 (forward),Forward,False,Train,circle,decreases cell proliferation,Fitness / Proliferation / Viability,Cell-essential genes,Negative Selection,unidirectional,Knockout,Colonic Adenocarcinoma Cell Line,SW626,17956,2019,Behan FM (2019),30971826,-5.570990562438965,-5.407461643218994,12.430667877197266,-3.74456787109375
810,994,994 (forward),Forward,False,Train,circle,decreases cell proliferation,Fitness / Proliferation / Viability,Cell-essential genes,Negative Selection,unidirectional,Knockout,Colonic Cancer Cell Line,SW837,17956,2019,Behan FM (2019),30971826,-6.527834892272949,-4.8963422775268555,13.488419532775879,-4.232305526733398
811,995,995 (forward),Forward,False,Train,circle,decreases cell proliferation,Fitness / Proliferation / Viability,Cell-essential genes,Negative Selection,unidirectional,Knockout,Esophageal Squamous Cell Carcinoma Cell Line,T.T,17956,2019,Behan FM (2019),30971826,-6.255711078643799,-4.201009750366211,14.021781921386719,-3.8015661239624023
812,996,996 (forward),Forward,False,Train,circle,decreases cell proliferation,Fitness / Proliferation / Viability,Cell-essential genes,Negative Selection,unidirectional,Knockout,Breast Cancer Cell Line,T-47D,17956,2019,Behan FM (2019),30971826,-6.336674213409424,-5.04331111907959,13.434417724609375,-4.1058349609375
813,997,997 (forward),Forward,False,Train,circle,decreases cell proliferation,Fitness / Proliferation / Viability,Cell-essential genes,Negative Selection,unidirectional,Knockout,Colonic Cancer Cell Line,T84,17956,2019,Behan FM (2019),30971826,-6.333962917327881,-4.4947614669799805,13.935505867004395,-3.9972527027130127
814,998,998 (forward),Forward,False,Train,circle,decreases cell proliferation,Fitness / Proliferation / Viability,Cell-essential genes,Negative Selection,unidirectional,Knockout,Glioblastoma Cell Line,T98G,17956,2019,Behan FM (2019),30971826,-5.59469747543335,-4.461854457855225,13.212529182434082,-3.0390264987945557
815,999,999 (forward),Forward,False,Train,circle,decreases cell proliferation,Fitness / Proliferation / Viability,Cell-essential genes,Negative Selection,unidirectional,Knockout,Ewing's Sarcoma Cell Line,TC-71,17956,2019,Behan FM (2019),30971826,-4.8464484214782715,-4.972829818725586,12.572005271911621,-2.3794362545013428
816,1000,1000 (forward),Forward,False,Train,circle,decreases cell proliferation,Fitness / Proliferation / Viability,Cell-essential genes,Negative Selection,unidirectional,Knockout,Esophageal Squamous Cell Carcinoma Cell Line,TE-10,17956,2019,Behan FM (2019),30971826,-6.228449821472168,-4.210204124450684,14.044368743896484,-3.74609637260437
817,1001,1001 (forward),Forward,False,Train,circle,decreases cell proliferation,Fitness / Proliferation / Viability,Cell-essential genes,Negative Selection,unidirectional,Knockout,Esophageal Squamous Cell Carcinoma Cell Line,TE-4,17956,2019,Behan FM (2019),30971826,-5.921362400054932,-5.207759380340576,12.869098663330078,-3.604541540145874
818,1002,1002 (forward),Forward,False,Train,circle,decreases cell proliferation,Fitness / Proliferation / Viability,Cell-essential genes,Negative Selection,unidirectional,Knockout,Esophageal Squamous Cell Carcinoma Cell Line,TE-5,17956,2019,Behan FM (2019),30971826,-5.990602016448975,-4.814941883087158,13.115551948547363,-3.87744140625
819,1003,1003 (forward),Forward,False,Train,circle,decreases cell proliferation,Fitness / Proliferation / Viability,Cell-essential genes,Negative Selection,unidirectional,Knockout,Esophageal Squamous Cell Carcinoma Cell Line,TE-8,17956,2019,Behan FM (2019),30971826,-5.438981533050537,-5.075806140899658,12.523466110229492,-3.436178207397461
820,1004,1004 (forward),Forward,False,Train,circle,decreases cell proliferation,Fitness / Proliferation / Viability,Cell-essential genes,Negative Selection,unidirectional,Knockout,Esophageal Squamous Cell Carcinoma Cell Line,TE-9,17956,2019,Behan FM (2019),30971826,-5.584458351135254,-4.5945963859558105,13.167254447937012,-3.2510054111480713
821,1005,1005 (forward),Forward,False,Train,circle,decreases cell proliferation,Fitness / Proliferation / Viability,Cell-essential genes,Negative Selection,unidirectional,Knockout,Adrenal Gland Neuroblastoma,TGW,17956,2019,Behan FM (2019),30971826,-5.230506420135498,-4.717494964599609,13.020271301269531,-3.048129081726074
822,1006,1006 (forward),Forward,False,Train,circle,decreases cell proliferation,Fitness / Proliferation / Viability,Cell-essential genes,Negative Selection,unidirectional,Knockout,Gastric Cancer Cell Line,TMK-1,17956,2019,Behan FM (2019),30971826,-5.699804782867432,-5.140033721923828,12.61669921875,-3.8107714653015137
823,1007,1007 (forward),Forward,False,Train,circle,decreases cell proliferation,Fitness / Proliferation / Viability,Cell-essential genes,Negative Selection,unidirectional,Knockout,Ovarian Cancer Cell Line,TOV-112D,17956,2019,Behan FM (2019),30971826,-5.141609191894531,-4.638210773468018,13.172357559204102,-2.731950283050537
824,1008,1008 (forward),Forward,False,Train,circle,decreases cell proliferation,Fitness / Proliferation / Viability,Cell-essential genes,Negative Selection,unidirectional,Knockout,Ovarian Cancer Cell Line,TOV-21G,17956,2019,Behan FM (2019),30971826,-5.319710731506348,-4.137450695037842,13.69407844543457,-2.593918800354004
825,1009,1009 (forward),Forward,False,Train,circle,decreases cell proliferation,Fitness / Proliferation / Viability,Cell-essential genes,Negative Selection,unidirectional,Knockout,Ovarian Cancer Cell Line,TYK-nu,17956,2019,Behan FM (2019),30971826,-5.273560047149658,-4.855588912963867,12.640633583068848,-2.6638755798339844
826,1010,1010 (forward),Forward,False,Train,circle,decreases cell proliferation as measured by reduced fitness,Fitness / Proliferation / Viability,Cell-essential genes,Negative Selection,unidirectional,Knockout,Glioblastoma Cell Line,U-87MG ATCC,17956,2019,Behan FM (2019),30971826,-5.837400913238525,-4.175867557525635,13.981562614440918,-3.170973062515259
827,1011,1011 (forward),Forward,False,Train,circle,decreases cell proliferation,Fitness / Proliferation / Viability,Cell-essential genes,Negative Selection,unidirectional,Knockout,Glioma Cell Line,U-251MG,17956,2019,Behan FM (2019),30971826,-5.547236919403076,-4.965329647064209,12.771479606628418,-3.2830569744110107
828,1012,1012 (forward),Forward,False,Train,circle,decreases cell proliferation,Fitness / Proliferation / Viability,Cell-essential genes,Negative Selection,unidirectional,Knockout,Mammary Gland Tumor Cell Line,UACC-893,17956,2019,Behan FM (2019),30971826,-6.492987155914307,-4.285940647125244,14.161330223083496,-3.951967239379883
829,1013,1013 (forward),Forward,False,Train,circle,decreases cell proliferation,Fitness / Proliferation / Viability,Cell-essential genes,Negative Selection,unidirectional,Knockout,Ovarian Cancer Cell Line,UWB1.289,17956,2019,Behan FM (2019),30971826,-6.220093250274658,-4.012643337249756,14.222686767578125,-3.4482004642486572
830,1014,1014 (forward),Forward,False,Train,circle,decreases cell proliferation,Fitness / Proliferation / Viability,Cell-essential genes,Negative Selection,unidirectional,Knockout,Lung Cancer Cell Line,VMRC-LCD,17956,2019,Behan FM (2019),30971826,-5.791244029998779,-4.931653022766113,12.960308074951172,-3.3643600940704346
831,1015,1015 (forward),Forward,False,Train,circle,decreases cell proliferation,Fitness / Proliferation / Viability,Cell-essential genes,Negative Selection,unidirectional,Knockout,Glioblastoma Cell Line,YH-13,17956,2019,Behan FM (2019),30971826,-6.2000508308410645,-4.075782775878906,14.09331226348877,-3.3945116996765137
832,1016,1016 (forward),Forward,False,Train,circle,decreases cell proliferation,Fitness / Proliferation / Viability,Cell-essential genes,Negative Selection,unidirectional,Knockout,Acute Myeloid Leukemia Cell Line,OCI-AML-2,1049,2019,Seneviratne AK (2019),30930145,3.290457248687744,-1.246749758720398,6.827575206756592,8.028969764709473
833,1017,1017 (forward),Forward,False,Train,circle,increases resistance to Ebola virus infection as measured by increased cell proliferation/survival in virus-exposed cells,Host-Pathogen / Infection Response,Increased resistance to virus,Positive Selection,unidirectional,Knockout,Huh-7 Cell,Huh-7.5.1,16857,2019,Flint M (2019),30655525,4.646275520324707,4.680026054382324,10.839920043945312,10.856471061706543
834,1018,1018 (forward),Forward,False,Train,circle,increases resistance to typhoid toxin as measured by increased cell proliferation,Drug / Chemical / Environmental Response,Increased resistance to toxin,Positive Selection,unidirectional,Knockout,Embryonic Kidney Cell Line,HEK293T,20669,2019,Chang SJ (2019),30951565,5.139157772064209,2.7163031101226807,10.859134674072266,10.555424690246582
835,1019,1019 (forward),Forward,False,Train,circle,increases resistance to typhoid toxin as measured by increased cell proliferation,Drug / Chemical / Environmental Response,Increased resistance to toxin,Positive Selection,unidirectional,Knockout,Embryonic Kidney Cell Line,HEK293T,18837,2019,Chang SJ (2019),30951565,5.146728038787842,2.7189347743988037,10.679676055908203,10.387804985046387
836,1020,1020 (forward),Forward,False,Train,circle,decreases cell proliferation,Fitness / Proliferation / Viability,Cell-essential genes,Negative Selection,unidirectional,Knockout,Glioblastoma Cell Line,G549NS-Cas9,17986,2019,MacLeod G (2019),30995489,4.1386260986328125,-1.247987985610962,2.791053295135498,6.952176570892334
837,1021,1021 (forward),Forward,False,Train,circle,decreases cell proliferation,Fitness / Proliferation / Viability,Cell-essential genes,Negative Selection,unidirectional,Knockout,Glioblastoma Cell Line,G583NS-Cas9,17985,2019,MacLeod G (2019),30995489,4.150113105773926,-1.2263106107711792,2.724170207977295,6.959571361541748
838,1022,1022 (forward),Forward,False,Train,circle,decreases cell proliferation,Fitness / Proliferation / Viability,Cell-essential genes,Negative Selection,unidirectional,Knockout,Glioblastoma Cell Line,G523NS-Cas9,16941,2019,MacLeod G (2019),30995489,3.081796407699585,-1.4545835256576538,6.447453022003174,8.072874069213867
839,1023,1023 (forward),Forward,False,Train,circle,decreases cell proliferation,Fitness / Proliferation / Viability,Cell-essential genes,Negative Selection,unidirectional,Knockout,Glioblastoma Cell Line,G564NS-Cas9,16941,2019,MacLeod G (2019),30995489,3.064521551132202,-1.4416320323944092,6.419856548309326,8.05194091796875
840,1024,1024 (forward),Forward,False,Train,circle,decreases cell proliferation,Fitness / Proliferation / Viability,Cell-essential genes,Negative Selection,unidirectional,Knockout,Glioblastoma Cell Line,G477NS-Cas9,16941,2019,MacLeod G (2019),30995489,3.112697124481201,-1.4109302759170532,6.414822578430176,8.077764511108398
841,1025,1025 (forward),Forward,False,Train,circle,decreases cell proliferation,Fitness / Proliferation / Viability,Cell-essential genes,Negative Selection,unidirectional,Knockout,Glioblastoma Cell Line,G432NS-Cas9,16941,2019,MacLeod G (2019),30995489,3.088531970977783,-1.4229143857955933,6.419793605804443,8.065476417541504
842,1026,1026 (forward),Forward,False,Train,circle,decreases cell proliferation,Fitness / Proliferation / Viability,Cell-essential genes,Negative Selection,unidirectional,Knockout,Glioblastoma Cell Line,G440NS-Cas9,16941,2019,MacLeod G (2019),30995489,3.0724055767059326,-1.4421265125274658,6.439673900604248,8.056086540222168
843,1027,1027 (forward),Forward,False,Train,circle,decreases cell proliferation,Fitness / Proliferation / Viability,Cell-essential genes,Negative Selection,unidirectional,Knockout,Glioblastoma Cell Line,G472NS-Cas9,16941,2019,MacLeod G (2019),30995489,3.0605921745300293,-1.4575775861740112,6.455927848815918,8.064382553100586
844,1028,1028 (forward),Forward,False,Train,circle,decreases cell proliferation,Fitness / Proliferation / Viability,Cell-essential genes,Negative Selection,unidirectional,Knockout,Glioblastoma Cell Line,G510NS-Cas9,16941,2019,MacLeod G (2019),30995489,3.0959882736206055,-1.3999836444854736,6.416774749755859,8.065439224243164
845,1029,1029 (forward),Forward,False,Train,circle,decreases cell proliferation,Fitness / Proliferation / Viability,Cell-essential genes,Negative Selection,unidirectional,Knockout,Glioblastoma Cell Line,G361NS-Cas9,16941,2019,MacLeod G (2019),30995489,3.090547800064087,-1.4477097988128662,6.476582050323486,8.084715843200684
846,1030,1030 (forward),Forward,False,Train,circle,decreases cell proliferation,Fitness / Proliferation / Viability,Cell-essential genes,Negative Selection,unidirectional,Knockout,Neural Stem Cell Line,HF7450-Cas9,17986,2019,MacLeod G (2019),30995489,4.1323041915893555,-1.2631430625915527,2.7712228298187256,6.938908576965332
847,1031,1031 (forward),Forward,False,Train,circle,decreases cell proliferation,Fitness / Proliferation / Viability,Cell-essential genes,Negative Selection,unidirectional,Knockout,Neural Stem Cell Line,HF6562-Cas9,17986,2019,MacLeod G (2019),30995489,4.145164489746094,-1.2486999034881592,2.759303331375122,6.946935653686523
848,1032,1032 (forward),Forward,False,Train,circle,decreases cell proliferation,Fitness / Proliferation / Viability,Cell-essential genes,Negative Selection,unidirectional,Knockout,Chronic Myeloid Leukemia Cell Line,K-562,11623,2019,Liu J (2019),31316073,6.086665630340576,-1.4966741800308228,8.635034561157227,5.818023204803467
849,1033,1033 (forward),Forward,False,Train,circle,decreases cell proliferation,Fitness / Proliferation / Viability,Cell-essential genes,Negative Selection,unidirectional,Knockout,Chronic Myeloid Leukemia Cell Line,K-562,11623,2019,Liu J (2019),31316073,6.084647178649902,-1.3808404207229614,8.674460411071777,5.862356185913086
850,1034,1034 (forward),Forward,False,Train,circle,decreases cell proliferation,Fitness / Proliferation / Viability,Cell-essential genes,Negative Selection,unidirectional,Knockout,Chronic Myeloid Leukemia Cell Line,K-562,11623,2019,Liu J (2019),31316073,6.231861114501953,-1.1725184917449951,8.734451293945312,5.772777080535889
851,U_1035_dec,U_1035_dec (forward),Forward,False,Train,circle,decrease cell proliferation of HEK-HT cells expressing HRASG12V,Fitness / Proliferation / Viability,Cell-essential genes (HRASG12V isoform),bidirectional,bidirectional,Knockout,Embryonic Kidney Cell Line,HEK-HT,474,2018,Adhikari H (2018),30194290,4.966879367828369,4.355179309844971,10.309412002563477,10.651779174804688
852,U_1037_dec,U_1037_dec (forward),Forward,False,Train,circle,decrease cell proliferation,Fitness / Proliferation / Viability,Cell-essential genes (KRASG12V isoform),bidirectional,bidirectional,Knockout,Embryonic Kidney Cell Line,HEK-HT,474,2018,Adhikari H (2018),30194290,4.964150905609131,4.387170314788818,10.317571640014648,10.61398696899414
853,U_1037_inc,U_1037_inc (forward),Forward,False,Train,circle,increase cell proliferation,Fitness / Proliferation / Viability,Cell-essential genes (KRASG12V isoform),bidirectional,bidirectional,Knockout,Embryonic Kidney Cell Line,HEK-HT,474,2018,Adhikari H (2018),30194290,4.8175530433654785,4.652775764465332,10.884453773498535,10.628101348876953
854,U_1037_merged,U_1037_merged (forward),Forward,False,Train,circle,either increases or decreases cell proliferation,Fitness / Proliferation / Viability,Cell-essential genes (KRASG12V isoform),Positive and Negative Selection,bidirectional,Knockout,Embryonic Kidney Cell Line,HEK-HT,474,2018,Adhikari H (2018),30194290,4.885546684265137,4.341518402099609,10.47097110748291,10.691789627075195
855,U_1039_dec,U_1039_dec (forward),Forward,False,Train,circle,decrease proliferation of NRASG12V-expressing HEK-HT cells,Fitness / Proliferation / Viability,Cell-essential genes (NRASG12V isoform),bidirectional,bidirectional,Knockout,Embryonic Kidney Cell Line,HEK-HT,474,2018,Adhikari H (2018),30194290,4.943084239959717,4.340969562530518,10.381567001342773,10.582571983337402
856,1045,1045 (forward),Forward,False,Train,circle,"increases sensitivity to CDK9 inhibition, as measured by decreased viability and increased apoptosis",Drug / Chemical / Environmental Response,Gene inhibition increases drug sensitivity,Phenotype Screen,unidirectional,Inhibition,Lung Squamous Cell Carcinoma Cell Line,LK-2,18695,2019,Kabir S (2019),31294695,6.055294513702393,3.856849193572998,10.813604354858398,10.728720664978027
857,1046,1046 (forward),Forward,False,Train,circle,increases sensitivity to MCL1 inhibition as measured by increased apoptosis (decreased viability),Drug / Chemical / Environmental Response,Gene inhibition increases drug sensitivity,Phenotype Screen,unidirectional,Inhibition,Lung Squamous Cell Carcinoma Cell Line,LK-2,18695,2019,Kabir S (2019),31294695,5.999855995178223,3.864908218383789,10.815622329711914,10.780797958374023
858,1056,1056 (forward),Forward,False,Train,circle,"increases drug resistance to cereblon-modulating agents (LEN, POM, CC-122) as measured by increased cell proliferation under treatment",Drug / Chemical / Environmental Response,Increased drug resistance,Positive Selection,unidirectional,Knockout,Primary Effusion Lymphoma Cell Line,BC-3,18920,2019,Patil A (2019),31300418,3.3958375453948975,5.729703903198242,12.265007972717285,11.58287239074707
859,1057,1057 (forward),Forward,False,Train,circle,"increases drug resistance to cereblon-modulating agents (LEN, POM, CC-122) as measured by increased cell proliferation",Drug / Chemical / Environmental Response,Increased drug resistance,Positive Selection,unidirectional,Knockout,Primary Effusion Lymphoma Cell Line,BC-3,18944,2019,Patil A (2019),31300418,3.4296963214874268,5.765547752380371,12.228412628173828,11.544361114501953
860,1058,1058 (forward),Forward,False,Train,circle,"increases resistance to Cereblon-modulating agents (lenalidomide, pomalidomide, CC-122) as measured by increased cell proliferation",Drug / Chemical / Environmental Response,Increased drug resistance,Positive Selection,unidirectional,Knockout,Primary Effusion Lymphoma Cell Line,BC-3,18918,2019,Patil A (2019),31300418,3.5290517807006836,5.647131443023682,12.206599235534668,11.546226501464844
861,1059,1059 (forward),Forward,False,Train,circle,"increases resistance to cereblon-modulating agents (lenalidomide, pomalidomide, CC-122) as measured by increased cell proliferation under drug treatment in PEL cells",Drug / Chemical / Environmental Response,Increased drug resistance,Positive Selection,unidirectional,Knockout,Primary Effusion Lymphoma Cell Line,BC-3,18944,2019,Patil A (2019),31300418,3.3943960666656494,5.75709867477417,12.25814151763916,11.57765007019043
862,1060,1060 (forward),Forward,False,Train,circle,"increases drug resistance to Cereblon-modulating agents (lenalidomide, pomalidomide, or CC-122) as measured by increased cell proliferation in PEL cells",Drug / Chemical / Environmental Response,Increased drug resistance,Positive Selection,unidirectional,Knockout,Primary Effusion Lymphoma Cell Line,BC-3,18920,2019,Patil A (2019),31300418,3.4410388469696045,5.787434101104736,12.252800941467285,11.571002006530762
863,1061,1061 (forward),Forward,False,Train,circle,"increases resistance to Cereblon-modulating agents (lenalidomide, pomalidomide, CC-122) as measured by increased cell proliferation",Drug / Chemical / Environmental Response,Increased drug resistance,Positive Selection,unidirectional,Knockout,Primary Effusion Lymphoma Cell Line,BC-3,18944,2019,Patil A (2019),31300418,3.4171979427337646,5.7712860107421875,12.260950088500977,11.579593658447266
864,1062,1062 (forward),Forward,False,Train,circle,increases temozolomide (TMZ) sensitivity as measured by decreased cell proliferation in the presence of TMZ,Drug / Chemical / Environmental Response,Increased drug sensitivity,Negative Selection,unidirectional,Knockout,Glioblastoma Cell Line,G432NS-Cas9,16901,2019,MacLeod G (2019),30995489,4.939794063568115,4.425553321838379,10.69101333618164,10.883865356445312
865,1063,1063 (forward),Forward,False,Train,circle,increases drug sensitivity to temozolomide (TMZ) as measured by decreased cell proliferation under TMZ treatment,Drug / Chemical / Environmental Response,Increased drug sensitivity,Negative Selection,unidirectional,Knockout,Glioblastoma Cell Line,G472NS-Cas9,16901,2019,MacLeod G (2019),30995489,5.077090263366699,4.607769012451172,10.867643356323242,10.651297569274902
866,1064,1064 (forward),Forward,False,Train,circle,"increases sensitivity to temozolomide, as measured by decreased cell proliferation",Drug / Chemical / Environmental Response,Increased drug sensitivity,Negative Selection,unidirectional,Knockout,Glioblastoma Cell Line,G361NS-Cas9,16900,2019,MacLeod G (2019),30995489,4.729526042938232,4.1477437019348145,10.991751670837402,10.056147575378418
867,1065,1065 (forward),Forward,False,Train,circle,increases drug sensitivity as measured by decreased cell proliferation in temozolomide-treated cells,Drug / Chemical / Environmental Response,Increased drug sensitivity,Negative Selection,unidirectional,Knockout,Glioblastoma Cell Line,G523NS-Cas9,16901,2019,MacLeod G (2019),30995489,4.778296947479248,4.604831695556641,10.787426948547363,10.757305145263672
868,1066,1066 (forward),Forward,False,Train,circle,increases temozolomide sensitivity as measured by decreased cell proliferation in the presence of temozolomide,Drug / Chemical / Environmental Response,Increased drug sensitivity,Negative Selection,unidirectional,Knockout,Glioblastoma Cell Line,G510NS-Cas9,16901,2019,MacLeod G (2019),30995489,4.754570484161377,4.377137184143066,10.924410820007324,10.755369186401367
869,1067,1067 (forward),Forward,False,Train,circle,increases drug sensitivity as measured by decreased cell proliferation in the presence of temozolomide (TMZ),Drug / Chemical / Environmental Response,Increased drug sensitivity,Negative Selection,unidirectional,Knockout,Glioblastoma Cell Line,G583NS-Cas9,16901,2019,MacLeod G (2019),30995489,4.754754543304443,4.774223804473877,10.69218635559082,10.80335521697998
870,1075,1075 (forward),Forward,False,Train,circle,decreases cell proliferation,Fitness / Proliferation / Viability,Cell-essential genes,Negative Selection,unidirectional,Knockout,Colorectal Cancer Cell Line,HCT 116,18080,2017,Martin TD (2017),28700943,4.59272575378418,-0.14933109283447266,8.317163467407227,7.7905659675598145
871,1076,1076 (forward),Forward,False,Train,circle,decreases cell proliferation,Fitness / Proliferation / Viability,Cell-essential genes,Negative Selection,unidirectional,Knockout,Cecum Cancer Cell Line,LS513,17810,2017,Martin TD (2017),28700943,4.668935298919678,-0.12362738698720932,8.253630638122559,7.870357513427734
872,1081,1081 (forward),Forward,False,Train,circle,impacts cell proliferation,Drug / Chemical / Environmental Response,Cancer cell response to natural killer cells,Positive and Negative Selection,recovered_bidirectional,Knockout,Chronic Myeloid Leukemia Cell Line,K-562,20504,2019,Zhuang X (2019),31921143,5.00225305557251,4.373000144958496,10.799833297729492,10.585315704345703
873,1094,1094 (forward),Forward,False,Train,circle,increases drug resistance as measured by increased cell proliferation,Drug / Chemical / Environmental Response,Increased drug resistance,Positive Selection,unidirectional,Knockout,Chronic Myeloid Leukemia Cell Line,K-562,18269,2019,Tsvetkov P (2019),31133756,5.059872150421143,4.401984214782715,10.884840965270996,10.708674430847168
874,1095,1095 (forward),Forward,False,Train,circle,increases drug resistance to selumetinib,Drug / Chemical / Environmental Response,Increased drug resistance,Positive Selection,unidirectional,Knockout,Melanoma Cell Line,A-375,2255,2016,Doench JG (2016),26780180,6.295681476593018,2.713479518890381,11.844529151916504,9.895413398742676
875,1097,1097 (forward),Forward,False,Train,circle,increases selumetinib resistance as measured by increased cell proliferation,Drug / Chemical / Environmental Response,Increased drug resistance,Positive Selection,unidirectional,Knockout,Melanoma Cell Line,A-375,2404,2016,Doench JG (2016),26780180,6.337663173675537,2.7383158206939697,11.879366874694824,9.87399959564209
876,1100,1100 (forward),Forward,False,Train,circle,increases drug resistance as measured by increased cell proliferation,Drug / Chemical / Environmental Response,Increased drug resistance,Positive Selection,unidirectional,Knockout,Chronic Myeloid Leukemia Cell Line,K-562,18269,2019,Tsvetkov P (2019),31133756,5.009750843048096,4.364706993103027,10.987406730651855,10.65441608428955
877,1109,1109 (forward),Forward,False,Train,circle,increases T cell proliferation as measured by decreased CFSE fluorescence,Fitness / Proliferation / Viability,T cell proliferation inhibition genes,Phenotype Screen,unidirectional,Knockout,Regulatory T cell,CD8+ T s (primary-derived),18975,2018,Shifrut E (2018),30449619,4.706779956817627,5.391334533691406,10.759366035461426,10.431656837463379
878,1110,1110 (forward),Forward,False,Train,circle,increases T cell resistance to immunosuppressive factor as measured by increased T cell proliferation (CFSE dilution),Drug / Chemical / Environmental Response,Increased T cell resistance to immunosuppressive factor,Phenotype Screen,unidirectional,Knockout,Regulatory T cell,CD8+ T s (primary-derived),19007,2018,Shifrut E (2018),30449619,4.678687572479248,5.4349565505981445,10.73987102508545,10.476449966430664
879,1119,1119 (forward),Forward,False,Train,circle,decreases phagocytosis as measured by reduced uptake of 4.3 μm superparamagnetic beads in the magnetic selection assay,Trafficking / Localization / Structural Phenotypes,Phagocytosis genes,Phenotype Screen,unidirectional,Knockout,Lymphoma Cell Line,U-937,19456,2018,Haney MS (2018),30397336,3.7804746627807617,5.09480619430542,11.890496253967285,10.666133880615234
880,1121,1121 (forward),Forward,False,Train,circle,"increases phagocytosis, i.e., uptake of 1.3 μm superparamagnetic beads as measured by enrichment in the magnetically bound fraction",Trafficking / Localization / Structural Phenotypes,Phagocytosis genes,Phenotype Screen,unidirectional,Knockout,Lymphoma Cell Line,U-937,19451,2018,Haney MS (2018),30397336,3.776254177093506,5.114093780517578,11.946345329284668,10.706063270568848
881,1123,1123 (forward),Forward,False,Train,circle,decreases phagocytosis (uptake of 0.43 μm superparamagnetic beads),Trafficking / Localization / Structural Phenotypes,Phagocytosis genes,Phenotype Screen,unidirectional,Knockout,Lymphoma Cell Line,U-937,19453,2018,Haney MS (2018),30397336,3.7283213138580322,5.1036200523376465,11.954103469848633,10.70291805267334
882,1125,1125 (forward),Forward,False,Train,circle,impacts phagocytosis,Trafficking / Localization / Structural Phenotypes,Phagocytosis genes,Phenotype Screen,recovered_bidirectional,Knockout,Lymphoma Cell Line,U-937,19440,2018,Haney MS (2018),30397336,3.75303316116333,5.133966445922852,11.975419998168945,10.716647148132324
883,1132,1132 (forward),Forward,False,Train,circle,increases resistance to virus as measured by increased cell proliferation,Host-Pathogen / Infection Response,Increased resistance to virus,Positive Selection,unidirectional,Knockout,Chronic Myelogenous Leukemia Cell Line,HAP-1,18851,2020,Labeau A (2020),31915280,4.76019287109375,4.674811363220215,11.35600471496582,10.800274848937988
884,1135,1135 (forward),Forward,False,Train,circle,"decreases phagocytosis of IgG-opsonized, magnetically labeled red blood cells",Trafficking / Localization / Structural Phenotypes,Phagocytosis genes,Phenotype Screen,unidirectional,Knockout,Lymphoma Cell Line,U-937,19453,2018,Haney MS (2018),30397336,3.874427080154419,5.105828762054443,11.847920417785645,10.695916175842285
885,1137,1137 (forward),Forward,False,Train,circle,decreases phagocytosis as measured by magnetic capture of IgG/complement-opsonized RBC–nanoparticle uptake,Trafficking / Localization / Structural Phenotypes,Phagocytosis genes,Phenotype Screen,unidirectional,Knockout,Lymphoma Cell Line,U-937,19456,2018,Haney MS (2018),30397336,3.726593017578125,5.143768787384033,11.961491584777832,10.707568168640137
886,1140,1140 (forward),Forward,False,Train,circle,decreases phagocytosis (zymosan particle uptake),Trafficking / Localization / Structural Phenotypes,Phagocytosis genes,Phenotype Screen,unidirectional,Knockout,Lymphoma Cell Line,U-937,19453,2018,Haney MS (2018),30397336,3.732032060623169,5.141312599182129,11.943197250366211,10.746809005737305
887,1142,1142 (forward),Forward,False,Train,circle,decreases phagocytosis of cationic 1.3 µm magnetic iron oxide nanoparticles,Trafficking / Localization / Structural Phenotypes,Phagocytosis genes,Phenotype Screen,unidirectional,Knockout,Lymphoma Cell Line,U-937,19452,2018,Haney MS (2018),30397336,3.738483190536499,5.127046585083008,11.904125213623047,10.730154037475586
888,1144,1144 (forward),Forward,False,Train,circle,decreases inflammasome-induced pyroptotic cell death,Drug / Chemical / Environmental Response,Inflammasome activation genes,Phenotype Screen,unidirectional,Knockout,Monocytic Leukemia Cell Line,THP-1,18922,2019,Alimov I (2019),30647128,5.04327392578125,4.2729644775390625,10.977866172790527,10.566242218017578
889,1145,1145 (forward),Forward,False,Train,circle,increases sensitivity to high oxygen as measured by decreased cell proliferation,Drug / Chemical / Environmental Response,Increased sensitivity to high oxygen,Negative Selection,unidirectional,Knockout,Chronic Myeloid Leukemia Cell Line,K-562,19007,2020,Jain IH (2020),32259488,4.491507530212402,4.224618434906006,10.87496280670166,10.45740795135498
890,1146,1146 (forward),Forward,False,Train,circle,decreases cell proliferation in low oxygen (1%) conditions,Drug / Chemical / Environmental Response,Increased sensitivity to low oxygen,Negative Selection,unidirectional,Knockout,Chronic Myeloid Leukemia Cell Line,K-562,19007,2020,Jain IH (2020),32259488,4.750146865844727,1.3246248960494995,9.58270263671875,9.164277076721191
891,1148,1148 (forward),Forward,False,Train,circle,increases resistance to virus as measured by increased cell proliferation after two rounds of infection,Host-Pathogen / Infection Response,Increased resistance to virus,Positive Selection,unidirectional,Knockout,Lung Cancer Cell Line,A-549,1665,2018,Han J (2018),29642015,4.616671085357666,4.643091678619385,11.039631843566895,10.451864242553711
892,1149,1149 (forward),Forward,False,Train,circle,increases resistance to virus as measured by increased cell proliferation after repeated rounds of infection,Host-Pathogen / Infection Response,Increased resistance to virus,Positive Selection,unidirectional,Knockout,Lung Cancer Cell Line,A-549,508,2018,Han J (2018),29642015,4.516920566558838,4.551313400268555,10.899173736572266,10.370084762573242
893,1153,1153 (forward),Forward,False,Train,circle,impacts response to chemicals,Drug / Chemical / Environmental Response,Increased/decreased drug resistance,Positive and Negative Selection,recovered_bidirectional,Knockout,Chronic Myeloid Leukemia Cell Line,K-562,18449,2016,Deans RM (2016),27018887,4.506422996520996,-0.3042956590652466,8.798824310302734,8.210041999816895
894,1163,1163 (forward),Forward,False,Train,circle,decreases HBV surface antigen (HBsAg) expression as measured by reduced HBsAg antibody staining in HepG2(HBV) cells,Host-Pathogen / Infection Response,Pro-HBsAg (hepatitis B virus surface antigen) expression genes,Phenotype Screen,unidirectional,Knockout,Hepatitis B virus genome integrated cell line,HepG2-NTCP1 HBV Cas9,18922,2019,Hyrina A (2019),31801065,5.121730804443359,4.6518754959106445,10.61656665802002,10.567607879638672
895,1164,1164 (forward),Forward,False,Train,circle,increases hepatitis B virus surface antigen (HBsAg) expression,Host-Pathogen / Infection Response,Anti-HBsAg (hepatitis B virus surface antigen) expression genes,Phenotype Screen,unidirectional,Knockout,Hepatitis B virus genome integrated cell line,HepG2-NTCP1 HBV Cas9,18922,2019,Hyrina A (2019),31801065,1.6294002532958984,7.075125217437744,5.851573467254639,-0.6154387593269348
896,1165,1165 (forward),Forward,False,Train,circle,decreases hepatitis B virus surface antigen (HBsAg) expression in RG7834-treated HBV-integrated cells,Host-Pathogen / Infection Response,"Decreased hepatitis B virus antigen surface expression ( HBsAg) of an HBV genome integrated cell in the presence of RG7834, a small molecule inhibitor of HBV replication",Phenotype Screen,unidirectional,Knockout,Hepatitis B virus genome integrated cell line,HepG2-NTCP1 HBV Cas9,18922,2019,Hyrina A (2019),31801065,4.851661205291748,4.265678405761719,10.93578052520752,10.675662994384766
897,1166,1166 (forward),Forward,False,Train,circle,increases hepatitis B surface antigen (HBsAg) cell-surface expression in HBV-integrated cells treated with RG7834,Drug / Chemical / Environmental Response,"Increased hepatitis B virus antigen surface expression ( HBsAg) of an HBV genome integrated cell in the presence of RG7834, a small molecule inhibitor of HBV replication",Phenotype Screen,unidirectional,Knockout,Hepatitis B virus genome integrated cell line,HepG2-NTCP1 HBV Cas9,18922,2019,Hyrina A (2019),31801065,4.920860290527344,4.385615825653076,10.8927001953125,10.555444717407227
898,1167,1167 (forward),Forward,False,Train,circle,increases resistance to virus,Host-Pathogen / Infection Response,Increased resistance to virus,Positive Selection,unidirectional,Knockout,Embryonic Kidney Cell Line,HEK293T,18784,2016,Zhang R (2016),27383988,4.932491779327393,4.254039287567139,11.06505012512207,10.678128242492676
899,1168,1168 (forward),Forward,False,Train,circle,increases resistance to virus as indicated by enrichment among the top hits,Host-Pathogen / Infection Response,Increased resistance to virus,Positive Selection,unidirectional,Knockout,Huh-7 Cell,Huh-7.5.1,20592,2016,Marceau CD (2016),27383987,4.81834077835083,4.464764595031738,11.306256294250488,10.69710922241211
900,1169,1169 (forward),Forward,False,Train,circle,increases resistance to virus,Host-Pathogen / Infection Response,Increased resistance to virus,Positive Selection,unidirectional,Knockout,Huh-7 Cell,Huh-7.5.1,20592,2016,Marceau CD (2016),27383987,4.6200151443481445,4.802486419677734,11.065643310546875,10.752800941467285
901,1170,1170 (forward),Forward,False,Train,circle,"increases resistance to rhinovirus C infection, conferring a protective effect in H1-HeLa+CHDR3 cells",Host-Pathogen / Infection Response,Increased resistance to virus,Positive Selection,unidirectional,Knockout,HeLa,H1-HeLa+CHDR3,20583,2019,Diep J (2019),31527793,5.049473285675049,4.575774669647217,11.190211296081543,10.671637535095215
902,1171,1171 (forward),Forward,False,Train,circle,increases resistance to Enterovirus 68 infection as measured by protection of H1-HeLa+CHDR3 cells,Host-Pathogen / Infection Response,Increased resistance to virus,Positive Selection,unidirectional,Knockout,HeLa,H1-HeLa+CHDR3,20583,2019,Diep J (2019),31527793,4.823589324951172,4.469847202301025,10.922724723815918,10.802064895629883
903,1172,1172 (forward),Forward,False,Train,circle,increases resistance to viral infection,Host-Pathogen / Infection Response,Increased resistance to virus,Positive Selection,unidirectional,Knockout,iPSC derived cell line,iPSC derived neural progenitor,18337,2019,Li Y (2019),31019072,4.659915924072266,4.832139015197754,11.307065963745117,10.523852348327637
904,1175,1175 (forward),Forward,False,Train,circle,increases resistance to IAV infection,Host-Pathogen / Infection Response,Gene activation results in increased resistance to virus,Positive Selection,unidirectional,Activation,Lung Cancer Cell Line,A-549,1169,2017,Heaton BE (2017),28813663,4.697866916656494,4.520646095275879,10.884754180908203,10.728259086608887
905,U_1176_dec,U_1176_dec (forward),Forward,False,Train,circle,decrease sensitivity to rigosertib,Drug / Chemical / Environmental Response,Gene inhibition affects response to chemical,bidirectional,bidirectional,Inhibition,Chronic Myeloid Leukemia Cell Line,K-562,15927,2017,Jost M (2017),28985505,-7.98428201675415,11.787508964538574,20.288850784301758,9.546516418457031
906,U_1176_inc,U_1176_inc (forward),Forward,False,Train,circle,increase sensitivity to rigosertib,Drug / Chemical / Environmental Response,Gene inhibition affects response to chemical,bidirectional,bidirectional,Inhibition,Chronic Myeloid Leukemia Cell Line,K-562,15927,2017,Jost M (2017),28985505,4.897143840789795,4.425353050231934,10.914897918701172,10.594489097595215
907,U_1176_merged,U_1176_merged (forward),Forward,False,Train,circle,either increases or decreases sensitivity to rigosertib,Drug / Chemical / Environmental Response,Gene inhibition affects response to chemical,Positive and Negative Selection,bidirectional,Inhibition,Chronic Myeloid Leukemia Cell Line,K-562,15927,2017,Jost M (2017),28985505,-8.04240608215332,11.845697402954102,20.3798885345459,9.453943252563477
908,U_1177_dec,U_1177_dec (forward),Forward,False,Train,circle,decrease cell sensitivity to rigosertib,Drug / Chemical / Environmental Response,Gene activation affects response to chemical,bidirectional,bidirectional,Activation,Chronic Myeloid Leukemia Cell Line,K-562,15927,2017,Jost M (2017),28985505,5.141610622406006,6.007472991943359,11.42956829071045,11.520065307617188
909,U_1177_inc,U_1177_inc (forward),Forward,False,Train,circle,increase cell sensitivity to rigosertib,Drug / Chemical / Environmental Response,Gene activation affects response to chemical,bidirectional,bidirectional,Activation,Chronic Myeloid Leukemia Cell Line,K-562,15927,2017,Jost M (2017),28985505,5.029356479644775,5.811861991882324,11.478228569030762,11.470357894897461
910,U_1177_merged,U_1177_merged (forward),Forward,False,Train,circle,either increases or decreases cell sensitivity to rigosertib,Drug / Chemical / Environmental Response,Gene activation affects response to chemical,Positive and Negative Selection,bidirectional,Activation,Chronic Myeloid Leukemia Cell Line,K-562,15927,2017,Jost M (2017),28985505,5.131823539733887,5.985742092132568,11.528456687927246,11.571942329406738
911,U_1178_dec,U_1178_dec (forward),Forward,False,Train,circle,decrease sensitivity to Abt-751,Drug / Chemical / Environmental Response,Gene inhibition affects response to chemical,bidirectional,bidirectional,Inhibition,Chronic Myeloid Leukemia Cell Line,K-562,514,2017,Jost M (2017),28985505,-7.9912638664245605,11.7943696975708,20.250545501708984,9.584961891174316
912,U_1178_inc,U_1178_inc (forward),Forward,False,Train,circle,increase sensitivity to Abt-751,Drug / Chemical / Environmental Response,Gene inhibition affects response to chemical,bidirectional,bidirectional,Inhibition,Chronic Myeloid Leukemia Cell Line,K-562,514,2017,Jost M (2017),28985505,4.982354640960693,4.228719234466553,10.713455200195312,10.5487699508667
913,U_1178_merged,U_1178_merged (forward),Forward,False,Train,circle,either increases or decreases sensitivity to Abt-751,Drug / Chemical / Environmental Response,Gene inhibition affects response to chemical,Positive and Negative Selection,bidirectional,Inhibition,Chronic Myeloid Leukemia Cell Line,K-562,514,2017,Jost M (2017),28985505,-8.016890525817871,11.81997013092041,20.39211082458496,9.442951202392578
914,U_1179_dec,U_1179_dec (forward),Forward,False,Train,circle,decrease sensitivity to rigosertib,Drug / Chemical / Environmental Response,Gene inhibition affects response to chemical,bidirectional,bidirectional,Inhibition,Chronic Myeloid Leukemia Cell Line,K-562,514,2017,Jost M (2017),28985505,-7.991818428039551,11.79495620727539,20.28777313232422,9.547746658325195
915,U_1179_inc,U_1179_inc (forward),Forward,False,Train,circle,increase sensitivity to rigosertib,Drug / Chemical / Environmental Response,Gene inhibition affects response to chemical,bidirectional,bidirectional,Inhibition,Chronic Myeloid Leukemia Cell Line,K-562,514,2017,Jost M (2017),28985505,4.784083843231201,4.347263813018799,10.53884506225586,10.827522277832031
916,U_1179_merged,U_1179_merged (forward),Forward,False,Train,circle,either increases or decreases sensitivity to rigosertib,Drug / Chemical / Environmental Response,Gene inhibition affects response to chemical,Positive and Negative Selection,bidirectional,Inhibition,Chronic Myeloid Leukemia Cell Line,K-562,514,2017,Jost M (2017),28985505,-8.038968086242676,11.842175483703613,20.356834411621094,9.478472709655762
917,U_1180_dec,U_1180_dec (forward),Forward,False,Train,circle,decrease sensitivity to alisertib,Drug / Chemical / Environmental Response,Gene inhibition affects response to chemical,bidirectional,bidirectional,Inhibition,Chronic Myeloid Leukemia Cell Line,K-562,514,2017,Jost M (2017),28985505,-7.994912624359131,11.798016548156738,20.26469612121582,9.5708646774292
918,U_1180_inc,U_1180_inc (forward),Forward,False,Train,circle,increase sensitivity to alisertib,Drug / Chemical / Environmental Response,Gene inhibition affects response to chemical,bidirectional,bidirectional,Inhibition,Chronic Myeloid Leukemia Cell Line,K-562,514,2017,Jost M (2017),28985505,4.606442928314209,4.620141506195068,10.736499786376953,10.887163162231445
919,U_1180_merged,U_1180_merged (forward),Forward,False,Train,circle,either increases or decreases sensitivity to alisertib,Drug / Chemical / Environmental Response,Gene inhibition affects response to chemical,Positive and Negative Selection,bidirectional,Inhibition,Chronic Myeloid Leukemia Cell Line,K-562,514,2017,Jost M (2017),28985505,-8.02489948272705,11.827924728393555,20.357046127319336,9.478264808654785
920,U_1181_dec,U_1181_dec (forward),Forward,False,Train,circle,decrease BI-2536 sensitivity,Drug / Chemical / Environmental Response,Gene inhibition affects response to chemical,bidirectional,bidirectional,Inhibition,Chronic Myeloid Leukemia Cell Line,K-562,514,2017,Jost M (2017),28985505,-8.022622108459473,11.825725555419922,20.285198211669922,9.55044937133789
921,U_1181_inc,U_1181_inc (forward),Forward,False,Train,circle,increase BI-2536 sensitivity,Drug / Chemical / Environmental Response,Gene inhibition affects response to chemical,bidirectional,bidirectional,Inhibition,Chronic Myeloid Leukemia Cell Line,K-562,514,2017,Jost M (2017),28985505,4.891636371612549,4.601739406585693,11.101898193359375,10.681190490722656
922,U_1181_merged,U_1181_merged (forward),Forward,False,Train,circle,either increases or decreases BI-2536 sensitivity,Drug / Chemical / Environmental Response,Gene inhibition affects response to chemical,Positive and Negative Selection,bidirectional,Inhibition,Chronic Myeloid Leukemia Cell Line,K-562,514,2017,Jost M (2017),28985505,-8.027776718139648,11.830923080444336,20.33670425415039,9.498661041259766
923,U_1182_dec,U_1182_dec (forward),Forward,False,Train,circle,decrease sensitivity to blebbistatin,Drug / Chemical / Environmental Response,Gene inhibition affects response to chemical,bidirectional,bidirectional,Inhibition,Chronic Myeloid Leukemia Cell Line,K-562,514,2017,Jost M (2017),28985505,-7.992438316345215,11.795524597167969,20.280712127685547,9.554973602294922
924,U_1182_inc,U_1182_inc (forward),Forward,False,Train,circle,increase sensitivity to blebbistatin,Drug / Chemical / Environmental Response,Gene inhibition affects response to chemical,bidirectional,bidirectional,Inhibition,Chronic Myeloid Leukemia Cell Line,K-562,514,2017,Jost M (2017),28985505,4.99584436416626,4.407081127166748,10.869502067565918,10.760176658630371
925,U_1182_merged,U_1182_merged (forward),Forward,False,Train,circle,either increases or decreases sensitivity to blebbistatin,Drug / Chemical / Environmental Response,Gene inhibition affects response to chemical,Positive and Negative Selection,bidirectional,Inhibition,Chronic Myeloid Leukemia Cell Line,K-562,514,2017,Jost M (2017),28985505,-8.026411056518555,11.829500198364258,20.362125396728516,9.473284721374512
926,U_1183_dec,U_1183_dec (forward),Forward,False,Train,circle,decrease STLC sensitivity,Drug / Chemical / Environmental Response,Gene inhibition affects response to chemical,bidirectional,bidirectional,Inhibition,Chronic Myeloid Leukemia Cell Line,K-562,514,2017,Jost M (2017),28985505,-7.988821029663086,11.79192066192627,20.256654739379883,9.578984260559082
927,U_1183_inc,U_1183_inc (forward),Forward,False,Train,circle,increase STLC sensitivity,Drug / Chemical / Environmental Response,Gene inhibition affects response to chemical,bidirectional,bidirectional,Inhibition,Chronic Myeloid Leukemia Cell Line,K-562,514,2017,Jost M (2017),28985505,4.977278709411621,4.5854973793029785,10.73135757446289,11.037142753601074
928,U_1183_merged,U_1183_merged (forward),Forward,False,Train,circle,either increases or decreases STLC sensitivity,Drug / Chemical / Environmental Response,Gene inhibition affects response to chemical,Positive and Negative Selection,bidirectional,Inhibition,Chronic Myeloid Leukemia Cell Line,K-562,514,2017,Jost M (2017),28985505,-8.049161911010742,11.852912902832031,20.391324996948242,9.443868637084961
929,U_1184_dec,U_1184_dec (forward),Forward,False,Train,circle,decrease sensitivity to vinblastine,Drug / Chemical / Environmental Response,Gene inhibition affects response to chemical,bidirectional,bidirectional,Inhibition,Chronic Myeloid Leukemia Cell Line,K-562,514,2017,Jost M (2017),28985505,-7.968963146209717,11.77206802368164,20.287370681762695,9.548327445983887
930,U_1184_inc,U_1184_inc (forward),Forward,False,Train,circle,increase sensitivity to vinblastine,Drug / Chemical / Environmental Response,Gene inhibition affects response to chemical,bidirectional,bidirectional,Inhibition,Chronic Myeloid Leukemia Cell Line,K-562,514,2017,Jost M (2017),28985505,4.962971210479736,4.205674171447754,10.894807815551758,10.560003280639648
931,U_1184_merged,U_1184_merged (forward),Forward,False,Train,circle,either increases or decreases sensitivity to vinblastine,Drug / Chemical / Environmental Response,Gene inhibition affects response to chemical,Positive and Negative Selection,bidirectional,Inhibition,Chronic Myeloid Leukemia Cell Line,K-562,514,2017,Jost M (2017),28985505,-8.033880233764648,11.837013244628906,20.383066177368164,9.452394485473633
932,U_1185_dec,U_1185_dec (forward),Forward,False,Train,circle,decrease sensitivity to Abt-751,Drug / Chemical / Environmental Response,Gene activation affects response to chemical,bidirectional,bidirectional,Activation,Chronic Myeloid Leukemia Cell Line,K-562,257,2017,Jost M (2017),28985505,5.111382007598877,5.981696605682373,11.495462417602539,11.542296409606934
933,U_1185_inc,U_1185_inc (forward),Forward,False,Train,circle,increase sensitivity to Abt-751,Drug / Chemical / Environmental Response,Gene activation affects response to chemical,bidirectional,bidirectional,Activation,Chronic Myeloid Leukemia Cell Line,K-562,257,2017,Jost M (2017),28985505,5.012961387634277,5.804938793182373,11.472689628601074,11.453774452209473
934,U_1185_merged,U_1185_merged (forward),Forward,False,Train,circle,either increases or decreases sensitivity to Abt-751,Drug / Chemical / Environmental Response,Gene activation affects response to chemical,Positive and Negative Selection,bidirectional,Activation,Chronic Myeloid Leukemia Cell Line,K-562,257,2017,Jost M (2017),28985505,5.0926032066345215,5.932486057281494,11.564435005187988,11.558670997619629
935,U_1186_dec,U_1186_dec (forward),Forward,False,Train,circle,decrease sensitivity to rigosertib,Drug / Chemical / Environmental Response,Gene activation affects response to chemical,bidirectional,bidirectional,Activation,Chronic Myeloid Leukemia Cell Line,K-562,257,2017,Jost M (2017),28985505,5.121875286102295,6.001317977905273,11.49344539642334,11.552974700927734
936,U_1186_inc,U_1186_inc (forward),Forward,False,Train,circle,increase sensitivity to rigosertib,Drug / Chemical / Environmental Response,Gene activation affects response to chemical,bidirectional,bidirectional,Activation,Chronic Myeloid Leukemia Cell Line,K-562,257,2017,Jost M (2017),28985505,5.02276611328125,5.775449752807617,11.511839866638184,11.509289741516113
937,U_1186_merged,U_1186_merged (forward),Forward,False,Train,circle,either increases or decreases sensitivity to rigosertib,Drug / Chemical / Environmental Response,Gene activation affects response to chemical,Positive and Negative Selection,bidirectional,Activation,Chronic Myeloid Leukemia Cell Line,K-562,257,2017,Jost M (2017),28985505,5.12564754486084,5.980705261230469,11.546991348266602,11.557787895202637
938,1187,1187 (forward),Forward,False,Train,circle,decreases lysosomal accumulation of NA-647 cargo mediated by biotinylated LYTACs,Trafficking / Localization / Structural Phenotypes,Genes involved in lysosome delivery by LYTACS,Phenotype Screen,unidirectional,Inhibition,Chronic Myeloid Leukemia Cell Line,K-562,18564,2020,Banik SM (2020),32728216,4.441256999969482,4.559356212615967,10.341449737548828,11.083538055419922
939,1188,1188 (forward),Forward,False,Train,circle,impacts protein/peptide accumulation,Molecular Output / Reporter / Pathway Activity,Regulators of L1 retrotransposition,Phenotype Screen,recovered_bidirectional,Knockout,Chronic Myeloid Leukemia Cell Line,K-562,19446,2018,Liu N (2018),29211708,4.748359680175781,4.242217063903809,11.294313430786133,10.763121604919434
940,1190,1190 (forward),Forward,False,Train,circle,impacts protein/peptide accumulation,Molecular Output / Reporter / Pathway Activity,Regulators of L1 retrotransposition,Phenotype Screen,recovered_bidirectional,Knockout,Cervical Adenocarcinoma Cell Line,HeLa,19457,2018,Liu N (2018),29211708,4.597014427185059,4.421926498413086,11.386357307434082,10.814059257507324
941,1191,1191 (forward),Forward,False,Train,circle,increases resistance to DNMDP-induced cancer cell killing,Drug / Chemical / Environmental Response,Increased drug resistance,Positive Selection,unidirectional,Knockout,Acute Myeloid Leukemia Cell Line,Unknown,18675,2020,Wu X (2020),32005668,4.970860004425049,4.91611385345459,11.56088638305664,10.657999038696289
942,1192,1192 (forward),Forward,False,Train,circle,decreases cell proliferation,Fitness / Proliferation / Viability,Cell-essential genes,Negative Selection,unidirectional,Knockout,Breast Cancer Cell Line,T-47D,18419,2019,Fei T (2019),31727847,4.118243217468262,-0.06952234357595444,8.311705589294434,7.895541667938232
943,1193,1193 (forward),Forward,False,Train,circle,decreases cell proliferation,Fitness / Proliferation / Viability,Cell-essential genes,Negative Selection,unidirectional,Knockout,Prostate Cancer Cell Line,LNCaP,18419,2019,Fei T (2019),31727847,4.426623344421387,-0.11718887835741043,8.42476749420166,7.945765495300293
944,1195,1195 (forward),Forward,False,Train,circle,increases sensitivity to the erlotinib+THZ-1 drug combination,Drug / Chemical / Environmental Response,Increased sensitivity to drug combo,Negative Selection,unidirectional,Knockout,Lung Adenocarcinoma Cell Line,PC-9,94,2018,Terai H (2018),29259014,4.285096168518066,3.7744204998016357,11.27221393585205,10.593491554260254
945,1196,1196 (forward),Forward,False,Train,circle,"increases resistance to the chemotherapy drug combination erlotinib and THZ-1, evidenced by decreased drug sensitivity",Drug / Chemical / Environmental Response,Increased drug resistance,Positive Selection,unidirectional,Knockout,Lung Adenocarcinoma Cell Line,PC-9,93,2018,Terai H (2018),29259014,4.548604965209961,4.608887195587158,11.493941307067871,10.879897117614746
946,1199,1199 (forward),Forward,False,Train,circle,increases phagophore accumulation as measured by elevated HT-LC3 expression,Trafficking / Localization / Structural Phenotypes,Autophagosome completion genes,Phenotype Screen,unidirectional,Knockout,Osteosarcoma Cell Line,U2OS,19007,2019,Takahashi Y (2019),31519728,4.9972453117370605,4.78513240814209,11.102249145507812,10.88038444519043
947,1205,1205 (forward),Forward,False,Train,circle,decreases cell proliferation,Fitness / Proliferation / Viability,Cell-essential genes,Negative Selection,unidirectional,Knockout,Hepatoma Cell Line,PLC/PRF/5,18851,2020,Liang J (2020),31551363,5.427526473999023,-0.8426177501678467,8.274752616882324,6.334286689758301
948,1208,1208 (forward),Forward,False,Train,circle,increases resistance to influenza infection as measured by decreased viral HA expression,Host-Pathogen / Infection Response,Increased resistance to virus (host dependency factors),Phenotype Screen,unidirectional,Knockout,Non-Small Cell Lung Cancer Cell Line,A-549,874,2020,Li B (2020),31919360,3.4564406871795654,-5.070974826812744,1.6297284364700317,8.081925392150879
949,1215,1215 (forward),Forward,False,Train,circle,increases yellow fever virus infection despite IFN-α treatment,Host-Pathogen / Infection Response,Genes involved in interferon immune reponse,Phenotype Screen,unidirectional,Knockout,Huh-7 Cell,Huh-7.5,19007,2018,Richardson RB (2018),30224801,4.602506637573242,5.378058433532715,11.25555419921875,10.92134952545166
950,1218,1218 (forward),Forward,False,Train,circle,decreases HIV infection as measured by decreased accumulation of HIV-encoded GFP,Host-Pathogen / Infection Response,Response to virus (host dependency factors),Phenotype Screen,unidirectional,Knockout,Lymphoma or Leukaemia Cell Line,GXRCas9,18338,2017,Park RJ (2017),27992415,4.600101947784424,4.990827560424805,11.259834289550781,11.055647850036621
951,1220,1220 (forward),Forward,False,Train,circle,"increases resistance to SARS-CoV-2 infection, as measured by increased survival of infected Huh7.5.1 cells",Host-Pathogen / Infection Response,Increased resistance to virus,Positive Selection,unidirectional,Knockout,Huh-7 Cell,Huh-7.5.1,20671,2020,Wang R (2020),33333024,4.447612762451172,5.014219760894775,11.279640197753906,10.747810363769531
952,1221,1221 (forward),Forward,False,Train,circle,increases resistance to HCoV-OC43 infection,Host-Pathogen / Infection Response,Increased resistance to virus,Positive Selection,unidirectional,Knockout,Huh-7 Cell,Huh-7.5.1,20671,2020,Wang R (2020),33333024,4.796761512756348,4.745598316192627,11.319621086120605,10.964545249938965
953,1222,1222 (forward),Forward,False,Train,circle,increases resistance to HCoV-229E infection,Host-Pathogen / Infection Response,Increased resistance to virus,Positive Selection,unidirectional,Knockout,Huh-7 Cell,Huh-7.5.1,20671,2020,Wang R (2020),33333024,5.074662208557129,4.571694374084473,11.155840873718262,11.043695449829102
954,U_1223_inc,U_1223_inc (forward),Forward,False,Train,circle,increase resistance to Dieldrin,Drug / Chemical / Environmental Response,Increased and decreased resistance to toxin,bidirectional,bidirectional,Knockout,Neuroblastoma Cell Line,SH-SY5Y,4271,2020,Russo M (2020),32421776,4.645695209503174,5.098906517028809,10.65335464477539,11.081131935119629
955,U_1223_dec,U_1223_dec (forward),Forward,False,Train,circle,decrease resistance to Dieldrin,Drug / Chemical / Environmental Response,Increased and decreased resistance to toxin,bidirectional,bidirectional,Knockout,Neuroblastoma Cell Line,SH-SY5Y,4271,2020,Russo M (2020),32421776,4.8757710456848145,4.946077346801758,10.76220703125,10.945732116699219
956,U_1223_merged,U_1223_merged (forward),Forward,False,Train,circle,either increases or decreases resistance to Dieldrin,Drug / Chemical / Environmental Response,Increased and decreased resistance to toxin,Positive and Negative Selection,bidirectional,Knockout,Neuroblastoma Cell Line,SH-SY5Y,4271,2020,Russo M (2020),32421776,4.714207172393799,5.045736789703369,10.624170303344727,11.081436157226562
957,1224,1224 (forward),Forward,False,Train,circle,increases SQSTM1 protein accumulation,Trafficking / Localization / Structural Phenotypes,Negative regulators of SQSTM1,Phenotype Screen,unidirectional,Knockout,Glioma Cell Line,H4,17969,2016,DeJesus R (2016),27351204,4.046637058258057,1.047839641571045,8.679250717163086,9.414335250854492
958,1225,1225 (forward),Forward,False,Train,circle,decreases SQSTM1 protein accumulation as measured by FACS of GFP-tagged SQSTM1,Trafficking / Localization / Structural Phenotypes,Positive regulators of SQSTM1,Phenotype Screen,unidirectional,Knockout,Glioma Cell Line,H4,17969,2016,DeJesus R (2016),27351204,4.544082164764404,-5.551321983337402,0.37578514218330383,8.027604103088379
959,1228,1228 (forward),Forward,False,Train,circle,increases cell proliferation in the presence of glycine-arginine dipeptide-repeat proteins (GR) derived from C9ORF72 expansion,Drug / Chemical / Environmental Response,Response to dipeptide-repeat proteins,Positive and Negative Selection,unidirectional,Knockout,Chronic Myeloid Leukemia Cell Line,K-562,19270,2018,Kramer NJ (2018),29507424,5.130414009094238,4.013491153717041,10.150979042053223,10.262491226196289
960,1229,1229 (forward),Forward,False,Train,circle,increases cell proliferation in the presence of proline-arginine dipeptide repeats derived from C9ORF72 expansion,Drug / Chemical / Environmental Response,Response to dipeptide-repeat proteins,Positive and Negative Selection,unidirectional,Knockout,Chronic Myeloid Leukemia Cell Line,K-562,19269,2018,Kramer NJ (2018),29507424,4.978026866912842,3.907146453857422,10.17686653137207,10.384485244750977
961,1230,1230 (forward),Forward,False,Train,circle,"increases resistance to Enterohemorrhagic Escherichia coli, as measured by increased cell proliferation during espZ-mutant EHEC infection",Host-Pathogen / Infection Response,Resistance to bacteria,Positive Selection,unidirectional,Knockout,Colonic Adenocarcinoma Cell Line,HT-29,1039,2018,Pacheco AR (2018),29921669,4.854045391082764,4.656589508056641,10.834235191345215,10.744503021240234
962,U_1238_inc,U_1238_inc (forward),Forward,False,Train,circle,increase Cell Proliferation,Fitness / Proliferation / Viability,Cell-essential genes and growth restrictive genes,bidirectional,bidirectional,Knockout,Lung Adenocarcinoma Cell Line,NCI-H23,19131,2020,Han K (2020),32238925,4.898784160614014,4.749465465545654,11.040056228637695,11.166625022888184
963,U_1238_dec,U_1238_dec (forward),Forward,False,Train,circle,decrease Cell Proliferation,Fitness / Proliferation / Viability,Cell-essential genes and growth restrictive genes,bidirectional,bidirectional,Knockout,Lung Adenocarcinoma Cell Line,NCI-H23,19131,2020,Han K (2020),32238925,4.7509660720825195,1.3516011238098145,9.507415771484375,9.131072044372559
964,U_1238_merged,U_1238_merged (forward),Forward,False,Train,circle,either increases or decreases Cell Proliferation,Fitness / Proliferation / Viability,Cell-essential genes and growth restrictive genes,Positive and Negative Selection,bidirectional,Knockout,Lung Adenocarcinoma Cell Line,NCI-H23,19131,2020,Han K (2020),32238925,4.761811256408691,1.3965024948120117,9.578478813171387,9.19371509552002
965,U_1239_dec,U_1239_dec (forward),Forward,False,Train,circle,decrease sensitivity to the KRAS inhibitor ARS-853,Drug / Chemical / Environmental Response,Response to KRAS inhibitor,bidirectional,bidirectional,Knockout,Lung Adenocarcinoma Cell Line,NCI-H23,19062,2020,Han K (2020),32238925,4.790121555328369,4.532085418701172,11.09199333190918,10.426700592041016
966,U_1239_inc,U_1239_inc (forward),Forward,False,Train,circle,increase sensitivity to the KRAS inhibitor ARS-853,Drug / Chemical / Environmental Response,Response to KRAS inhibitor,bidirectional,bidirectional,Knockout,Lung Adenocarcinoma Cell Line,NCI-H23,19062,2020,Han K (2020),32238925,5.3560357093811035,5.138173580169678,9.706289291381836,9.47669506072998
967,U_1239_merged,U_1239_merged (forward),Forward,False,Train,circle,either increases or decreases sensitivity to the KRAS inhibitor ARS-853,Drug / Chemical / Environmental Response,Response to KRAS inhibitor,Positive and Negative Selection,bidirectional,Knockout,Lung Adenocarcinoma Cell Line,NCI-H23,19062,2020,Han K (2020),32238925,5.305662631988525,5.219005584716797,9.797112464904785,9.46790885925293
968,U_1240_inc,U_1240_inc (forward),Forward,False,Train,circle,increase spheroid cell proliferation,Fitness / Proliferation / Viability,Cell-essential genes and growth restrictive genes in spheroid growth conditions,bidirectional,bidirectional,Knockout,Lung Adenocarcinoma Cell Line,NCI-H23,19132,2020,Han K (2020),32238925,5.269677639007568,1.9511464834213257,10.116684913635254,9.453497886657715
969,U_1240_dec,U_1240_dec (forward),Forward,False,Train,circle,decrease spheroid cell proliferation,Fitness / Proliferation / Viability,Cell-essential genes and growth restrictive genes in spheroid growth conditions,bidirectional,bidirectional,Knockout,Lung Adenocarcinoma Cell Line,NCI-H23,19132,2020,Han K (2020),32238925,4.815108299255371,1.331257939338684,9.527583122253418,9.224438667297363
970,U_1240_merged,U_1240_merged (forward),Forward,False,Train,circle,either increases or decreases spheroid cell proliferation,Fitness / Proliferation / Viability,Cell-essential genes and growth restrictive genes in spheroid growth conditions,Positive and Negative Selection,bidirectional,Knockout,Lung Adenocarcinoma Cell Line,NCI-H23,19132,2020,Han K (2020),32238925,4.941952705383301,1.6518197059631348,9.877385139465332,9.406867027282715
971,U_1241_inc,U_1241_inc (forward),Forward,False,Train,circle,increase sensitivity to KRAS inhibitor in 3D spheroid growth conditions,Drug / Chemical / Environmental Response,Response to KRAS inhibitor in spheroid growth conditions,bidirectional,bidirectional,Knockout,Lung Adenocarcinoma Cell Line,NCI-H23,19054,2020,Han K (2020),32238925,4.833343505859375,1.666586995124817,9.68488883972168,9.343770027160645
972,U_1241_dec,U_1241_dec (forward),Forward,False,Train,circle,increase resistance to KRAS inhibitor in 3D spheroid growth conditions,Drug / Chemical / Environmental Response,Response to KRAS inhibitor in spheroid growth conditions,bidirectional,bidirectional,Knockout,Lung Adenocarcinoma Cell Line,NCI-H23,19054,2020,Han K (2020),32238925,5.177375316619873,4.748021125793457,11.372483253479004,10.78974723815918
973,U_1241_merged,U_1241_merged (forward),Forward,False,Train,circle,either increases or decreases sensitivity to KRAS inhibitor in 3D spheroid growth conditions,Drug / Chemical / Environmental Response,Response to KRAS inhibitor in spheroid growth conditions,Positive and Negative Selection,bidirectional,Knockout,Lung Adenocarcinoma Cell Line,NCI-H23,19054,2020,Han K (2020),32238925,4.881353378295898,1.6650958061218262,9.624937057495117,9.250933647155762
974,U_1242_dec,U_1242_dec (forward),Forward,False,Train,circle,decrease cell proliferation in 3D spheroid growth conditions relative to 2D monolayer growth,Fitness / Proliferation / Viability,Cell-essential genes and growth restrictive genes in spheroid growth conditions compared to mono-layer growth conditions,bidirectional,bidirectional,Knockout,Lung Adenocarcinoma Cell Line,NCI-H23,19062,2020,Han K (2020),32238925,4.963709831237793,1.683099627494812,9.85481071472168,9.40286636352539
975,U_1242_inc,U_1242_inc (forward),Forward,False,Train,circle,increase cell proliferation in 3D spheroid growth conditions relative to 2D monolayer growth,Fitness / Proliferation / Viability,Cell-essential genes and growth restrictive genes in spheroid growth conditions compared to mono-layer growth conditions,bidirectional,bidirectional,Knockout,Lung Adenocarcinoma Cell Line,NCI-H23,19062,2020,Han K (2020),32238925,5.205544948577881,1.899711012840271,10.066001892089844,9.416868209838867
976,U_1242_merged,U_1242_merged (forward),Forward,False,Train,circle,either increases or decreases cell proliferation in 3D spheroid growth conditions relative to 2D monolayer growth,Fitness / Proliferation / Viability,Cell-essential genes and growth restrictive genes in spheroid growth conditions compared to mono-layer growth conditions,Positive and Negative Selection,bidirectional,Knockout,Lung Adenocarcinoma Cell Line,NCI-H23,19062,2020,Han K (2020),32238925,5.104619026184082,1.7835286855697632,9.873150825500488,9.317797660827637
977,U_1243_dec,U_1243_dec (forward),Forward,False,Train,circle,decrease cell proliferation,Fitness / Proliferation / Viability,Cell-essential genes and growth restrictive genes,bidirectional,bidirectional,Knockout,Lung Cancer Cell Line,NCI-H2009,19140,2020,Han K (2020),32238925,4.688779354095459,1.3020954132080078,9.53157901763916,9.132819175720215
978,U_1243_inc,U_1243_inc (forward),Forward,False,Train,circle,increase cell proliferation,Fitness / Proliferation / Viability,Cell-essential genes and growth restrictive genes,bidirectional,bidirectional,Knockout,Lung Cancer Cell Line,NCI-H2009,19140,2020,Han K (2020),32238925,4.945102691650391,4.380598545074463,11.227921485900879,11.119386672973633
979,U_1243_merged,U_1243_merged (forward),Forward,False,Train,circle,either increases or decreases cell proliferation,Fitness / Proliferation / Viability,Cell-essential genes and growth restrictive genes,Positive and Negative Selection,bidirectional,Knockout,Lung Cancer Cell Line,NCI-H2009,19140,2020,Han K (2020),32238925,4.718623161315918,1.3567975759506226,9.724221229553223,9.156408309936523
980,U_1244_dec,U_1244_dec (forward),Forward,False,Train,circle,decrease cell proliferation under 3D spheroid growth conditions,Fitness / Proliferation / Viability,Cell-essential genes and growth restrictive genes in spheroid growth conditions,bidirectional,bidirectional,Knockout,Lung Cancer Cell Line,NCI-H2009,19140,2020,Han K (2020),32238925,4.746933937072754,1.2980486154556274,9.431793212890625,9.125906944274902
981,U_1244_inc,U_1244_inc (forward),Forward,False,Train,circle,increase cell proliferation under 3D spheroid growth conditions,Fitness / Proliferation / Viability,Cell-essential genes and growth restrictive genes in spheroid growth conditions,bidirectional,bidirectional,Knockout,Lung Cancer Cell Line,NCI-H2009,19140,2020,Han K (2020),32238925,5.109055519104004,2.039198637008667,10.267881393432617,9.5988130569458
982,U_1244_merged,U_1244_merged (forward),Forward,False,Train,circle,either increases or decreases cell proliferation under 3D spheroid growth conditions,Fitness / Proliferation / Viability,Cell-essential genes and growth restrictive genes in spheroid growth conditions,Positive and Negative Selection,bidirectional,Knockout,Lung Cancer Cell Line,NCI-H2009,19140,2020,Han K (2020),32238925,4.908018112182617,1.5865744352340698,9.834906578063965,9.214255332946777
983,U_1245_dec,U_1245_dec (forward),Forward,False,Train,circle,decrease cell proliferation in 3D spheroid growth conditions relative to 2D monolayer conditions,Fitness / Proliferation / Viability,Cell-essential genes and growth restrictive genes in spheroid growth conditions compared to mono-layer growth conditions,bidirectional,bidirectional,Knockout,Lung Cancer Cell Line,NCI-H2009,19130,2020,Han K (2020),32238925,4.870840549468994,1.6527087688446045,9.88760757446289,9.324054718017578
984,U_1245_inc,U_1245_inc (forward),Forward,False,Train,circle,increase cell proliferation in 3D spheroid growth conditions relative to 2D monolayer conditions,Fitness / Proliferation / Viability,Cell-essential genes and growth restrictive genes in spheroid growth conditions compared to mono-layer growth conditions,bidirectional,bidirectional,Knockout,Lung Cancer Cell Line,NCI-H2009,19130,2020,Han K (2020),32238925,5.039285659790039,1.9499521255493164,10.137641906738281,9.413413047790527
985,U_1245_merged,U_1245_merged (forward),Forward,False,Train,circle,either increases or decreases cell proliferation in 3D spheroid growth conditions relative to 2D monolayer conditions,Fitness / Proliferation / Viability,Cell-essential genes and growth restrictive genes in spheroid growth conditions compared to mono-layer growth conditions,Positive and Negative Selection,bidirectional,Knockout,Lung Cancer Cell Line,NCI-H2009,19130,2020,Han K (2020),32238925,5.003171443939209,1.7403733730316162,9.995848655700684,9.316239356994629
986,U_1246_dec,U_1246_dec (forward),Forward,False,Train,circle,decrease cell proliferation,Fitness / Proliferation / Viability,Cell-essential genes and growth restrictive genes,bidirectional,bidirectional,Knockout,Non-Small Cell Lung Cancer Cell Line,NCI-H1975,19137,2020,Han K (2020),32238925,4.627224922180176,1.0409200191497803,9.189057350158691,8.946586608886719
987,U_1246_inc,U_1246_inc (forward),Forward,False,Train,circle,increase cell proliferation,Fitness / Proliferation / Viability,Cell-essential genes and growth restrictive genes,bidirectional,bidirectional,Knockout,Non-Small Cell Lung Cancer Cell Line,NCI-H1975,19137,2020,Han K (2020),32238925,5.406858921051025,4.26788854598999,10.838351249694824,10.267196655273438
988,U_1246_merged,U_1246_merged (forward),Forward,False,Train,circle,either increases or decreases cell proliferation,Fitness / Proliferation / Viability,Cell-essential genes and growth restrictive genes,Positive and Negative Selection,bidirectional,Knockout,Non-Small Cell Lung Cancer Cell Line,NCI-H1975,19137,2020,Han K (2020),32238925,4.605353832244873,1.2029341459274292,9.369199752807617,9.04958724975586
989,U_1247_dec,U_1247_dec (forward),Forward,False,Train,circle,decrease cell proliferation in 3D spheroid growth conditions,Fitness / Proliferation / Viability,Cell-essential genes and growth restrictive genes in spheroid growth conditions,bidirectional,bidirectional,Knockout,Non-Small Cell Lung Cancer Cell Line,NCI-H1975,19137,2020,Han K (2020),32238925,4.664292335510254,1.1268755197525024,9.296847343444824,8.859747886657715
990,U_1247_inc,U_1247_inc (forward),Forward,False,Train,circle,increase cell proliferation in 3D spheroid growth conditions,Fitness / Proliferation / Viability,Cell-essential genes and growth restrictive genes in spheroid growth conditions,bidirectional,bidirectional,Knockout,Non-Small Cell Lung Cancer Cell Line,NCI-H1975,19137,2020,Han K (2020),32238925,5.571413993835449,3.4862380027770996,10.09444808959961,9.504589080810547
991,U_1247_merged,U_1247_merged (forward),Forward,False,Train,circle,either increases or decreases cell proliferation in 3D spheroid growth conditions,Fitness / Proliferation / Viability,Cell-essential genes and growth restrictive genes in spheroid growth conditions,Positive and Negative Selection,bidirectional,Knockout,Non-Small Cell Lung Cancer Cell Line,NCI-H1975,19137,2020,Han K (2020),32238925,4.659942150115967,1.4605486392974854,9.555073738098145,9.081989288330078
992,U_1248_dec,U_1248_dec (forward),Forward,False,Train,circle,decrease proliferation in 3D spheroid growth conditions relative to 2D monolayer,Fitness / Proliferation / Viability,Cell-essential genes and growth restrictive genes in spheroid growth conditions compared to mono-layer growth conditions,bidirectional,bidirectional,Knockout,Non-Small Cell Lung Cancer Cell Line,NCI-H1975,19029,2020,Han K (2020),32238925,4.639289855957031,1.623802661895752,9.640446662902832,9.01220989227295
993,U_1248_inc,U_1248_inc (forward),Forward,False,Train,circle,increase proliferation in 3D spheroid growth conditions relative to 2D monolayer,Fitness / Proliferation / Viability,Cell-essential genes and growth restrictive genes in spheroid growth conditions compared to mono-layer growth conditions,bidirectional,bidirectional,Knockout,Non-Small Cell Lung Cancer Cell Line,NCI-H1975,19029,2020,Han K (2020),32238925,4.7505269050598145,1.8532766103744507,9.628763198852539,9.136670112609863
994,U_1248_merged,U_1248_merged (forward),Forward,False,Train,circle,either increases or decreases proliferation in 3D spheroid growth conditions relative to 2D monolayer,Fitness / Proliferation / Viability,Cell-essential genes and growth restrictive genes in spheroid growth conditions compared to mono-layer growth conditions,Positive and Negative Selection,bidirectional,Knockout,Non-Small Cell Lung Cancer Cell Line,NCI-H1975,19029,2020,Han K (2020),32238925,4.641322612762451,1.7398488521575928,9.579655647277832,9.055209159851074
995,1249,1249 (forward),Forward,False,Train,circle,impacts response to chemicals,Drug / Chemical / Environmental Response,Increased/decreased drug resistance,Positive and Negative Selection,recovered_bidirectional,Knockout,Pre-B Acute Lymphoblastic Leukemia Cell Line,NALM-6,18921,2020,Benslimane Y (2020),32755594,4.573881149291992,-0.1826293021440506,8.545307159423828,7.7235493659973145
996,1250,1250 (forward),Forward,False,Train,circle,impacts response to chemicals,Drug / Chemical / Environmental Response,Increased/decreased drug resistance,Positive and Negative Selection,recovered_bidirectional,Knockout,Pre-B Acute Lymphoblastic Leukemia Cell Line,NALM-6,18931,2020,Benslimane Y (2020),32755594,4.719271659851074,0.2274324595928192,8.637466430664062,7.762896537780762
997,1251,1251 (forward),Forward,False,Train,circle,impacts response to chemicals,Drug / Chemical / Environmental Response,Increased/decreased drug resistance,Positive and Negative Selection,recovered_bidirectional,Knockout,Pre-B Acute Lymphoblastic Leukemia Cell Line,NALM-6,18926,2020,Benslimane Y (2020),32755594,4.593667507171631,0.5449897050857544,8.762439727783203,8.489377975463867
998,1252,1252 (forward),Forward,False,Train,circle,impacts response to chemicals,Drug / Chemical / Environmental Response,Increased/decreased drug resistance,Positive and Negative Selection,recovered_bidirectional,Knockout,T-lymphoblastic leukemia cell line,Jurkat,17754,2020,Benslimane Y (2020),32755594,5.16298770904541,3.884667158126831,3.2648351192474365,6.93597412109375
999,1255,1255 (forward),Forward,False,Train,circle,increases resistance to the AR inhibitor apalutamide,Drug / Chemical / Environmental Response,Increased drug resistance,Positive Selection,unidirectional,Knockout,Prostate Cancer Cell Line,LNCaP,20481,2019,Palit SA (2019),31855178,4.921663284301758,4.847198963165283,10.854588508605957,10.997381210327148
1000,1256,1256 (forward),Forward,False,Train,circle,impacts response to chemicals,Drug / Chemical / Environmental Response,Response to ferroptosis inducing chemical,Positive and Negative Selection,recovered_bidirectional,Knockout,Renal Cell Carcinoma Cell Line,786-O,21205,2019,Zou Y (2019),30962421,4.279228210449219,4.1147141456604,10.1309232711792,10.106136322021484
1001,1257,1257 (forward),Forward,False,Train,circle,impacts response to chemicals,Drug / Chemical / Environmental Response,Response to ferroptosis inducing chemical,Positive and Negative Selection,recovered_bidirectional,Knockout,Renal Cell Carcinoma Cell Line,786-O,21205,2019,Zou Y (2019),30962421,4.272719860076904,4.186337471008301,10.153003692626953,10.1083984375
1002,1258,1258 (forward),Forward,False,Train,circle,impacts response to chemicals,Drug / Chemical / Environmental Response,Response to ferroptosis inducing chemical,Positive and Negative Selection,recovered_bidirectional,Knockout,Renal Cell Carcinoma Cell Line,786-O,21205,2019,Zou Y (2019),30962421,4.1253743171691895,4.112113952636719,9.980204582214355,9.888468742370605
1003,U_1291_dec,U_1291_dec (forward),Forward,False,Train,circle,decrease cell proliferation under doxorubicin treatment,Drug / Chemical / Environmental Response,Response to chemotherapy drug doxorubicin,bidirectional,bidirectional,Knockout,Retinal Pigment Epithelium Cell Line,hTERT-RPE1,15577,2018,Findlay S (2018),30154076,4.428995609283447,5.0152482986450195,11.034940719604492,11.26158618927002
1004,U_1291_inc,U_1291_inc (forward),Forward,False,Train,circle,increase cell proliferation under doxorubicin treatment,Drug / Chemical / Environmental Response,Response to chemotherapy drug doxorubicin,bidirectional,bidirectional,Knockout,Retinal Pigment Epithelium Cell Line,hTERT-RPE1,15577,2018,Findlay S (2018),30154076,4.472752094268799,4.986929893493652,10.697961807250977,11.207388877868652
1005,U_1291_merged,U_1291_merged (forward),Forward,False,Train,circle,either increases or decreases cell proliferation under doxorubicin treatment,Drug / Chemical / Environmental Response,Response to chemotherapy drug doxorubicin,Positive and Negative Selection,bidirectional,Knockout,Retinal Pigment Epithelium Cell Line,hTERT-RPE1,15577,2018,Findlay S (2018),30154076,4.583230495452881,5.075762748718262,11.116983413696289,11.265838623046875
1006,1292,1292 (forward),Forward,False,Train,circle,decreases cell proliferation (reduced fitness) in the oral squamous carcinoma cell line,Fitness / Proliferation / Viability,Cell-essential genes,Negative Selection,unidirectional,Knockout,Oral Squamous Cell Carcinoma Cell Line,ORL-48,17958,2020,Chai AWY (2020),32990596,-0.6605235934257507,-0.9360615611076355,8.019851684570312,3.5633535385131836
1007,1293,1293 (forward),Forward,False,Train,circle,decreases cell proliferation as measured by decreased fitness in an oral squamous carcinoma cell line,Fitness / Proliferation / Viability,Cell-essential genes,Negative Selection,unidirectional,Knockout,Oral Squamous Cell Carcinoma Cell Line,ORL-115,17956,2020,Chai AWY (2020),32990596,-0.7754097580909729,-0.8261417150497437,7.97899055480957,3.4316728115081787
1008,1294,1294 (forward),Forward,False,Train,circle,decreases cell proliferation in this oral squamous carcinoma cell line,Fitness / Proliferation / Viability,Cell-essential genes,Negative Selection,unidirectional,Knockout,Oral Squamous Cell Carcinoma Cell Line,ORL-136,17949,2020,Chai AWY (2020),32990596,-0.7194768190383911,-0.8805972933769226,8.049684524536133,3.3730697631835938
1009,1295,1295 (forward),Forward,False,Train,circle,decreases cell proliferation (reduced fitness) in the oral squamous carcinoma cell line,Fitness / Proliferation / Viability,Cell-essential genes,Negative Selection,unidirectional,Knockout,Oral Squamous Cell Carcinoma Cell Line,ORL-150,17949,2020,Chai AWY (2020),32990596,-0.7585568428039551,-0.8503172993659973,7.945555210113525,3.442376136779785
1010,1296,1296 (forward),Forward,False,Train,circle,decreases cell proliferation as measured by decreased fitness,Fitness / Proliferation / Viability,Cell-essential genes,Negative Selection,unidirectional,Knockout,Oral Squamous Cell Carcinoma Cell Line,ORL-153,17949,2020,Chai AWY (2020),32990596,-0.730080246925354,-0.8676002025604248,7.971060276031494,3.466306209564209
1011,1297,1297 (forward),Forward,False,Train,circle,decreases cell proliferation (fitness) in the oral squamous carcinoma cell line,Fitness / Proliferation / Viability,Cell-essential genes,Negative Selection,unidirectional,Knockout,Oral Squamous Cell Carcinoma Cell Line,ORL-166,17955,2020,Chai AWY (2020),32990596,-0.813429594039917,-0.895038366317749,8.00473690032959,3.391089677810669
1012,1298,1298 (forward),Forward,False,Train,circle,decreases cell fitness,Fitness / Proliferation / Viability,Cell-essential genes,Negative Selection,unidirectional,Knockout,Oral Squamous Cell Carcinoma Cell Line,ORL-156,17949,2020,Chai AWY (2020),32990596,-0.7638774514198303,-0.8586500883102417,8.026239395141602,3.3940446376800537
1013,1299,1299 (forward),Forward,False,Train,circle,decreases cell proliferation (reduced fitness),Fitness / Proliferation / Viability,Cell-essential genes,Negative Selection,unidirectional,Knockout,Oral Squamous Cell Carcinoma Cell Line,ORL-174,17956,2020,Chai AWY (2020),32990596,-0.7078921794891357,-0.8940423130989075,7.9432759284973145,3.548630714416504
1014,1300,1300 (forward),Forward,False,Train,circle,decreases cell proliferation in an oral squamous carcinoma cell line,Fitness / Proliferation / Viability,Cell-essential genes,Negative Selection,unidirectional,Knockout,Oral Squamous Cell Carcinoma Cell Line,ORL-188,17956,2020,Chai AWY (2020),32990596,-0.732664942741394,-0.8753253221511841,8.000716209411621,3.4253242015838623
1015,1301,1301 (forward),Forward,False,Train,circle,decreases cell proliferation (fitness) in the oral squamous carcinoma cell line,Fitness / Proliferation / Viability,Cell-essential genes,Negative Selection,unidirectional,Knockout,Oral Squamous Cell Carcinoma Cell Line,ORL-195,17956,2020,Chai AWY (2020),32990596,-0.7546756863594055,-0.8575783371925354,7.977451324462891,3.439051389694214
1016,1302,1302 (forward),Forward,False,Train,circle,decreases cell proliferation,Fitness / Proliferation / Viability,Cell-essential genes,Negative Selection,unidirectional,Knockout,Oral Squamous Cell Carcinoma Cell Line,ORL-204,17951,2020,Chai AWY (2020),32990596,-0.7638224959373474,-0.8641581535339355,7.95026159286499,3.390012502670288
1017,1303,1303 (forward),Forward,False,Train,circle,decreases cell proliferation as measured by decreased fitness in this oral squamous carcinoma cell line,Fitness / Proliferation / Viability,Cell-essential genes,Negative Selection,unidirectional,Knockout,Oral Squamous Cell Carcinoma Cell Line,ORL-207,17949,2020,Chai AWY (2020),32990596,-0.7172843217849731,-0.8807001709938049,7.979254245758057,3.500499725341797
1018,1304,1304 (forward),Forward,False,Train,circle,decreases cell proliferation/fitness in this oral squamous carcinoma cell line,Fitness / Proliferation / Viability,Cell-essential genes,Negative Selection,unidirectional,Knockout,Oral Squamous Cell Carcinoma Cell Line,ORL-214,17956,2020,Chai AWY (2020),32990596,-0.707842230796814,-0.8868075609207153,7.9661478996276855,3.4799110889434814
1019,1305,1305 (forward),Forward,False,Train,circle,decreases cell proliferation as measured by decreased fitness in the oral squamous carcinoma cell line,Fitness / Proliferation / Viability,Cell-essential genes,Negative Selection,unidirectional,Knockout,Oral Squamous Cell Carcinoma Cell Line,ORL-215,17956,2020,Chai AWY (2020),32990596,-0.7076205611228943,-0.8975361585617065,7.936358451843262,3.6283085346221924
1020,1306,1306 (forward),Forward,False,Train,circle,decreases cell proliferation as measured by decreased fitness in this oral squamous carcinoma cell line,Fitness / Proliferation / Viability,Cell-essential genes,Negative Selection,unidirectional,Knockout,Tongue Cancer Cell Line,PE/CA-PJ15,17949,2020,Chai AWY (2020),32990596,-0.6846899390220642,-0.9072118997573853,7.933793067932129,3.5515129566192627
1021,1307,1307 (forward),Forward,False,Train,circle,decreases cell proliferation (cellular fitness),Fitness / Proliferation / Viability,Cell-essential genes,Negative Selection,unidirectional,Knockout,Tongue Cancer Cell Line,SAS,17949,2020,Chai AWY (2020),32990596,-0.7058556079864502,-0.8628212213516235,7.931682109832764,3.506903648376465
1022,1308,1308 (forward),Forward,False,Train,circle,decreases cell proliferation (fitness) in the oral squamous carcinoma cell line,Fitness / Proliferation / Viability,Cell-essential genes,Negative Selection,unidirectional,Knockout,Cancer Cell Line,SCC-9,17958,2020,Chai AWY (2020),32990596,-0.7524586319923401,-0.851569414138794,8.046710014343262,3.3704276084899902
1023,1309,1309 (forward),Forward,False,Train,circle,decreases cell proliferation as measured by decreased fitness,Fitness / Proliferation / Viability,Cell-essential genes,Negative Selection,unidirectional,Knockout,Oral Squamous Cell Carcinoma Cell Line,BICR 10,17956,2020,Chai AWY (2020),32990596,-0.697001576423645,-0.8905659914016724,7.885891437530518,3.5706210136413574
1024,1310,1310 (forward),Forward,False,Train,circle,decreases cell proliferation as measured by decreased fitness in the oral squamous carcinoma cell line,Fitness / Proliferation / Viability,Cell-essential genes,Negative Selection,unidirectional,Knockout,Oral Squamous Cell Carcinoma Cell Line,HO-1-u-1,17958,2020,Chai AWY (2020),32990596,-0.7368499636650085,-0.842322587966919,7.95194149017334,3.4831509590148926
1025,1311,1311 (forward),Forward,False,Train,circle,decreases cell proliferation (fitness) in the oral squamous carcinoma cell line,Fitness / Proliferation / Viability,Cell-essential genes,Negative Selection,unidirectional,Knockout,Oral Squamous Cell Carcinoma Cell Line,HSC-2,17956,2020,Chai AWY (2020),32990596,-0.7065756320953369,-0.8611583113670349,7.93925142288208,3.5236079692840576
1026,1312,1312 (forward),Forward,False,Train,circle,decreases cell proliferation,Fitness / Proliferation / Viability,Cell-essential genes,Negative Selection,unidirectional,Knockout,Oral Squamous Cell Carcinoma Cell Line,HSC-4,17956,2020,Chai AWY (2020),32990596,-0.7450577020645142,-0.8528714776039124,7.935214042663574,3.5019054412841797
1027,U_1313_dec,U_1313_dec (forward),Forward,False,Train,circle,decrease drug resistance,Drug / Chemical / Environmental Response,Increased/decreased drug resistance,bidirectional,bidirectional,Knockout,Retinal Pigment Epithelium Cell Line,hTERT-RPE1,17322,2020,Olivieri M (2020),32649862,4.029628276824951,2.6484341621398926,11.433699607849121,9.030376434326172
1028,U_1314_dec,U_1314_dec (forward),Forward,False,Train,circle,decrease drug resistance,Drug / Chemical / Environmental Response,Increased/decreased drug resistance,bidirectional,bidirectional,Knockout,Retinal Pigment Epithelium Cell Line,hTERT-RPE1,17204,2020,Olivieri M (2020),32649862,3.1291234493255615,2.917151927947998,11.289041519165039,9.466045379638672
1029,U_1315_dec,U_1315_dec (forward),Forward,False,Train,circle,decrease drug resistance,Drug / Chemical / Environmental Response,Increased/decreased drug resistance,bidirectional,bidirectional,Knockout,Retinal Pigment Epithelium Cell Line,hTERT-RPE1,17289,2020,Olivieri M (2020),32649862,3.859107732772827,3.1357028484344482,11.23934555053711,9.55200481414795
1030,U_1316_dec,U_1316_dec (forward),Forward,False,Train,circle,decrease drug resistance,Drug / Chemical / Environmental Response,Increased/decreased drug resistance,bidirectional,bidirectional,Knockout,Retinal Pigment Epithelium Cell Line,hTERT-RPE1,17290,2020,Olivieri M (2020),32649862,4.360577583312988,4.329624652862549,11.103086471557617,10.809944152832031
1031,U_1317_dec,U_1317_dec (forward),Forward,False,Train,circle,decrease radiation resistance,Drug / Chemical / Environmental Response,Increased/decreased radiation resistance,bidirectional,bidirectional,Knockout,Retinal Pigment Epithelium Cell Line,hTERT-RPE1,17255,2020,Olivieri M (2020),32649862,3.971268892288208,3.2150416374206543,11.187827110290527,9.569600105285645
1032,U_1318_dec,U_1318_dec (forward),Forward,False,Train,circle,decrease drug resistance,Drug / Chemical / Environmental Response,Increased/decreased drug resistance,bidirectional,bidirectional,Knockout,Retinal Pigment Epithelium Cell Line,hTERT-RPE1,17309,2020,Olivieri M (2020),32649862,3.8156638145446777,3.115959405899048,11.236604690551758,9.556309700012207
1033,U_1319_dec,U_1319_dec (forward),Forward,False,Train,circle,decrease drug resistance,Drug / Chemical / Environmental Response,Increased/decreased drug resistance,bidirectional,bidirectional,Knockout,Retinal Pigment Epithelium Cell Line,hTERT-RPE1,17310,2020,Olivieri M (2020),32649862,5.309568881988525,4.6202778816223145,10.805042266845703,10.264745712280273
1034,U_1320_dec,U_1320_dec (forward),Forward,False,Train,circle,decrease resistance to the drug and confer drug sensitivity,Drug / Chemical / Environmental Response,Increased/decreased drug resistance,bidirectional,bidirectional,Knockout,Retinal Pigment Epithelium Cell Line,hTERT-RPE1,17310,2020,Olivieri M (2020),32649862,3.9928200244903564,2.5850043296813965,11.409473419189453,8.960115432739258
1035,U_1320_inc,U_1320_inc (forward),Forward,False,Train,circle,increase resistance to the drug,Drug / Chemical / Environmental Response,Increased/decreased drug resistance,bidirectional,bidirectional,Knockout,Retinal Pigment Epithelium Cell Line,hTERT-RPE1,17310,2020,Olivieri M (2020),32649862,4.892887115478516,5.541909694671631,11.043862342834473,11.72263240814209
1036,U_1320_merged,U_1320_merged (forward),Forward,False,Train,circle,either increases or decreases resistance to the drug and confer drug sensitivity,Drug / Chemical / Environmental Response,Increased/decreased drug resistance,Positive and Negative Selection,bidirectional,Knockout,Retinal Pigment Epithelium Cell Line,hTERT-RPE1,17310,2020,Olivieri M (2020),32649862,4.018202304840088,2.606989622116089,11.464027404785156,9.039395332336426
1037,U_1321_dec,U_1321_dec (forward),Forward,False,Train,circle,decrease drug resistance,Drug / Chemical / Environmental Response,Increased/decreased drug resistance,bidirectional,bidirectional,Knockout,Retinal Pigment Epithelium Cell Line,hTERT-RPE1,17314,2020,Olivieri M (2020),32649862,3.8455028533935547,3.1379947662353516,11.242779731750488,9.559207916259766
1038,U_1321_inc,U_1321_inc (forward),Forward,False,Train,circle,increase drug resistance,Drug / Chemical / Environmental Response,Increased/decreased drug resistance,bidirectional,bidirectional,Knockout,Retinal Pigment Epithelium Cell Line,hTERT-RPE1,17314,2020,Olivieri M (2020),32649862,6.211416721343994,2.999379873275757,11.250863075256348,10.356879234313965
1039,U_1321_merged,U_1321_merged (forward),Forward,False,Train,circle,either increases or decreases drug resistance,Drug / Chemical / Environmental Response,Increased/decreased drug resistance,Positive and Negative Selection,bidirectional,Knockout,Retinal Pigment Epithelium Cell Line,hTERT-RPE1,17314,2020,Olivieri M (2020),32649862,3.874606132507324,3.167283773422241,11.233232498168945,9.542261123657227
1040,U_1322_dec,U_1322_dec (forward),Forward,False,Train,circle,decrease UV light resistance,Drug / Chemical / Environmental Response,Increased/decreased UV light resistance,bidirectional,bidirectional,Knockout,Retinal Pigment Epithelium Cell Line,hTERT-RPE1,17301,2020,Olivieri M (2020),32649862,4.088698863983154,2.4577434062957764,11.281457901000977,8.837194442749023
1041,U_1323_dec,U_1323_dec (forward),Forward,False,Train,circle,decrease drug resistance,Drug / Chemical / Environmental Response,Increased/decreased drug resistance,bidirectional,bidirectional,Knockout,Retinal Pigment Epithelium Cell Line,hTERT-RPE1,17211,2020,Olivieri M (2020),32649862,4.133643627166748,3.3154242038726807,11.17492389678955,9.647149085998535
1042,U_1324_dec,U_1324_dec (forward),Forward,False,Train,circle,decrease drug resistance,Drug / Chemical / Environmental Response,Increased/decreased drug resistance,bidirectional,bidirectional,Knockout,Retinal Pigment Epithelium Cell Line,hTERT-RPE1,17217,2020,Olivieri M (2020),32649862,2.964874505996704,2.8683252334594727,11.065347671508789,9.797647476196289
1043,U_1325_dec,U_1325_dec (forward),Forward,False,Train,circle,decrease drug resistance,Drug / Chemical / Environmental Response,Increased/decreased drug resistance,bidirectional,bidirectional,Knockout,Retinal Pigment Epithelium Cell Line,hTERT-RPE1,17212,2020,Olivieri M (2020),32649862,4.041833400726318,2.7597014904022217,11.140680313110352,9.21302318572998
1044,U_1328_dec,U_1328_dec (forward),Forward,False,Train,circle,decrease drug resistance,Drug / Chemical / Environmental Response,Increased/decreased drug resistance,bidirectional,bidirectional,Knockout,Retinal Pigment Epithelium Cell Line,hTERT-RPE1,17246,2020,Olivieri M (2020),32649862,5.65144157409668,2.2403604984283447,10.726571083068848,9.37027359008789
1045,U_1329_dec,U_1329_dec (forward),Forward,False,Train,circle,decrease drug resistance,Drug / Chemical / Environmental Response,Increased/decreased drug resistance,bidirectional,bidirectional,Knockout,Retinal Pigment Epithelium Cell Line,hTERT-RPE1,17233,2020,Olivieri M (2020),32649862,4.052551746368408,2.6935205459594727,11.3958101272583,9.08861255645752
1046,U_1330_dec,U_1330_dec (forward),Forward,False,Train,circle,decrease resistance to the screened drug,Drug / Chemical / Environmental Response,Increased/decreased drug resistance,bidirectional,bidirectional,Knockout,Retinal Pigment Epithelium Cell Line,hTERT-RPE1,17238,2020,Olivieri M (2020),32649862,4.448544979095459,3.6075427532196045,10.368972778320312,10.013274192810059
1047,U_1330_inc,U_1330_inc (forward),Forward,False,Train,circle,increase resistance to the screened drug,Drug / Chemical / Environmental Response,Increased/decreased drug resistance,bidirectional,bidirectional,Knockout,Retinal Pigment Epithelium Cell Line,hTERT-RPE1,17238,2020,Olivieri M (2020),32649862,4.662653923034668,4.6175737380981445,10.423028945922852,11.089147567749023
1048,U_1330_merged,U_1330_merged (forward),Forward,False,Train,circle,either increases or decreases resistance to the screened drug,Drug / Chemical / Environmental Response,Increased/decreased drug resistance,Positive and Negative Selection,bidirectional,Knockout,Retinal Pigment Epithelium Cell Line,hTERT-RPE1,17238,2020,Olivieri M (2020),32649862,4.43519926071167,3.517019033432007,10.267309188842773,9.907886505126953
1049,U_1331_dec,U_1331_dec (forward),Forward,False,Train,circle,decrease drug resistance,Drug / Chemical / Environmental Response,Increased/decreased drug resistance,bidirectional,bidirectional,Knockout,Retinal Pigment Epithelium Cell Line,hTERT-RPE1,17237,2020,Olivieri M (2020),32649862,4.149868488311768,2.45346736907959,11.156827926635742,8.968087196350098
1050,U_1331_inc,U_1331_inc (forward),Forward,False,Train,circle,increase drug resistance,Drug / Chemical / Environmental Response,Increased/decreased drug resistance,bidirectional,bidirectional,Knockout,Retinal Pigment Epithelium Cell Line,hTERT-RPE1,17237,2020,Olivieri M (2020),32649862,4.228885650634766,4.9705681800842285,11.116952896118164,10.82766342163086
1051,U_1331_merged,U_1331_merged (forward),Forward,False,Train,circle,either increases or decreases drug resistance,Drug / Chemical / Environmental Response,Increased/decreased drug resistance,Positive and Negative Selection,bidirectional,Knockout,Retinal Pigment Epithelium Cell Line,hTERT-RPE1,17237,2020,Olivieri M (2020),32649862,4.153797626495361,2.4533326625823975,11.218195915222168,8.915365219116211
1052,U_1332_dec,U_1332_dec (forward),Forward,False,Train,circle,decrease drug resistance,Drug / Chemical / Environmental Response,Increased/decreased drug resistance,bidirectional,bidirectional,Knockout,Retinal Pigment Epithelium Cell Line,hTERT-RPE1,17240,2020,Olivieri M (2020),32649862,5.000099182128906,4.624287128448486,11.386616706848145,11.083434104919434
1053,U_1332_inc,U_1332_inc (forward),Forward,False,Train,circle,increase drug resistance,Drug / Chemical / Environmental Response,Increased/decreased drug resistance,bidirectional,bidirectional,Knockout,Retinal Pigment Epithelium Cell Line,hTERT-RPE1,17240,2020,Olivieri M (2020),32649862,4.062382221221924,2.4959442615509033,11.235515594482422,8.924861907958984
1054,U_1332_merged,U_1332_merged (forward),Forward,False,Train,circle,either increases or decreases drug resistance,Drug / Chemical / Environmental Response,Increased/decreased drug resistance,Positive and Negative Selection,bidirectional,Knockout,Retinal Pigment Epithelium Cell Line,hTERT-RPE1,17240,2020,Olivieri M (2020),32649862,4.088594913482666,2.4536004066467285,11.199455261230469,8.90239429473877
1055,U_1333_dec,U_1333_dec (forward),Forward,False,Train,circle,decrease drug resistance,Drug / Chemical / Environmental Response,Increased/decreased drug resistance,bidirectional,bidirectional,Knockout,Retinal Pigment Epithelium Cell Line,hTERT-RPE1,17239,2020,Olivieri M (2020),32649862,4.729665279388428,4.711349964141846,11.10955810546875,10.308952331542969
1056,U_1333_inc,U_1333_inc (forward),Forward,False,Train,circle,increase drug resistance,Drug / Chemical / Environmental Response,Increased/decreased drug resistance,bidirectional,bidirectional,Knockout,Retinal Pigment Epithelium Cell Line,hTERT-RPE1,17239,2020,Olivieri M (2020),32649862,4.65964412689209,4.492035388946533,10.765351295471191,10.022528648376465
1057,U_1333_merged,U_1333_merged (forward),Forward,False,Train,circle,either increases or decreases drug resistance,Drug / Chemical / Environmental Response,Increased/decreased drug resistance,Positive and Negative Selection,bidirectional,Knockout,Retinal Pigment Epithelium Cell Line,hTERT-RPE1,17239,2020,Olivieri M (2020),32649862,4.702544212341309,4.469128131866455,11.154595375061035,10.321951866149902
1058,U_1334_dec,U_1334_dec (forward),Forward,False,Train,circle,decrease drug resistance,Drug / Chemical / Environmental Response,Increased/decreased drug resistance,bidirectional,bidirectional,Knockout,Retinal Pigment Epithelium Cell Line,hTERT-RPE1,17322,2020,Olivieri M (2020),32649862,4.124295711517334,3.11423659324646,11.113046646118164,9.309574127197266
1059,U_1335_dec,U_1335_dec (forward),Forward,False,Train,circle,decrease drug resistance,Drug / Chemical / Environmental Response,Increased/decreased drug resistance,bidirectional,bidirectional,Knockout,Retinal Pigment Epithelium Cell Line,hTERT-RPE1,17320,2020,Olivieri M (2020),32649862,4.072412014007568,2.4859280586242676,11.278602600097656,8.935476303100586
1060,U_1335_inc,U_1335_inc (forward),Forward,False,Train,circle,increase drug resistance,Drug / Chemical / Environmental Response,Increased/decreased drug resistance,bidirectional,bidirectional,Knockout,Retinal Pigment Epithelium Cell Line,hTERT-RPE1,17320,2020,Olivieri M (2020),32649862,5.654855251312256,3.8410637378692627,10.817817687988281,10.836103439331055
1061,U_1335_merged,U_1335_merged (forward),Forward,False,Train,circle,either increases or decreases drug resistance,Drug / Chemical / Environmental Response,Increased/decreased drug resistance,Positive and Negative Selection,bidirectional,Knockout,Retinal Pigment Epithelium Cell Line,hTERT-RPE1,17320,2020,Olivieri M (2020),32649862,4.066648483276367,2.491684675216675,11.331398010253906,8.882007598876953
1062,U_1336_dec,U_1336_dec (forward),Forward,False,Train,circle,decrease drug resistance,Drug / Chemical / Environmental Response,Increased/decreased drug resistance,bidirectional,bidirectional,Knockout,Retinal Pigment Epithelium Cell Line,hTERT-RPE1,17320,2020,Olivieri M (2020),32649862,4.365089416503906,2.656360626220703,10.951653480529785,9.20459270477295
1063,U_1336_inc,U_1336_inc (forward),Forward,False,Train,circle,increase drug resistance,Drug / Chemical / Environmental Response,Increased/decreased drug resistance,bidirectional,bidirectional,Knockout,Retinal Pigment Epithelium Cell Line,hTERT-RPE1,17320,2020,Olivieri M (2020),32649862,4.4796247482299805,4.749630451202393,10.844346046447754,10.944631576538086
1064,U_1336_merged,U_1336_merged (forward),Forward,False,Train,circle,either increases or decreases drug resistance,Drug / Chemical / Environmental Response,Increased/decreased drug resistance,Positive and Negative Selection,bidirectional,Knockout,Retinal Pigment Epithelium Cell Line,hTERT-RPE1,17320,2020,Olivieri M (2020),32649862,4.426795482635498,2.6577095985412598,11.012661933898926,9.18623161315918
1065,U_1337_dec,U_1337_dec (forward),Forward,False,Train,circle,decrease drug resistance,Drug / Chemical / Environmental Response,Increased/decreased drug resistance,bidirectional,bidirectional,Knockout,Retinal Pigment Epithelium Cell Line,hTERT-RPE1,17320,2020,Olivieri M (2020),32649862,4.053640365600586,2.6670258045196533,11.430190086364746,9.05627727508545
1066,U_1337_inc,U_1337_inc (forward),Forward,False,Train,circle,increase drug resistance,Drug / Chemical / Environmental Response,Increased/decreased drug resistance,bidirectional,bidirectional,Knockout,Retinal Pigment Epithelium Cell Line,hTERT-RPE1,17320,2020,Olivieri M (2020),32649862,4.899179458618164,5.555647373199463,11.02246379852295,11.725085258483887
1067,U_1337_merged,U_1337_merged (forward),Forward,False,Train,circle,either increases or decreases drug resistance,Drug / Chemical / Environmental Response,Increased/decreased drug resistance,Positive and Negative Selection,bidirectional,Knockout,Retinal Pigment Epithelium Cell Line,hTERT-RPE1,17320,2020,Olivieri M (2020),32649862,3.988724708557129,2.696223020553589,11.41669750213623,9.024813652038574
1068,U_1338_dec,U_1338_dec (forward),Forward,False,Train,circle,decrease drug resistance,Drug / Chemical / Environmental Response,Increased/decreased drug resistance,bidirectional,bidirectional,Knockout,Retinal Pigment Epithelium Cell Line,hTERT-RPE1,17320,2020,Olivieri M (2020),32649862,4.089814186096191,2.7690956592559814,11.16133975982666,9.205131530761719
1069,U_1339_dec,U_1339_dec (forward),Forward,False,Train,circle,decrease resistance to the drug,Drug / Chemical / Environmental Response,Increased/decreased drug resistance,bidirectional,bidirectional,Knockout,Retinal Pigment Epithelium Cell Line,hTERT-RPE1,17320,2020,Olivieri M (2020),32649862,4.186169624328613,2.5851080417633057,11.178337097167969,9.010516166687012
1070,U_1339_inc,U_1339_inc (forward),Forward,False,Train,circle,increase resistance to the drug,Drug / Chemical / Environmental Response,Increased/decreased drug resistance,bidirectional,bidirectional,Knockout,Retinal Pigment Epithelium Cell Line,hTERT-RPE1,17320,2020,Olivieri M (2020),32649862,4.7159600257873535,4.458990097045898,11.346060752868652,10.946836471557617
1071,U_1339_merged,U_1339_merged (forward),Forward,False,Train,circle,either increases or decreases resistance to the drug,Drug / Chemical / Environmental Response,Increased/decreased drug resistance,Positive and Negative Selection,bidirectional,Knockout,Retinal Pigment Epithelium Cell Line,hTERT-RPE1,17320,2020,Olivieri M (2020),32649862,4.234730243682861,2.5631918907165527,11.214266777038574,8.969422340393066
1072,U_1340_dec,U_1340_dec (forward),Forward,False,Train,circle,decrease drug resistance,Drug / Chemical / Environmental Response,Increased/decreased drug resistance,bidirectional,bidirectional,Knockout,Retinal Pigment Epithelium Cell Line,hTERT-RPE1,17320,2020,Olivieri M (2020),32649862,3.076349973678589,2.87491774559021,11.30529499053955,9.177635192871094
1073,U_1341_dec,U_1341_dec (forward),Forward,False,Train,circle,decrease drug resistance,Drug / Chemical / Environmental Response,Increased/decreased drug resistance,bidirectional,bidirectional,Knockout,Retinal Pigment Epithelium Cell Line,hTERT-RPE1,17319,2020,Olivieri M (2020),32649862,4.090600490570068,2.4774763584136963,11.244894981384277,8.866476058959961
1074,U_1342_dec,U_1342_dec (forward),Forward,False,Train,circle,decrease drug resistance,Drug / Chemical / Environmental Response,Increased/decreased drug resistance,bidirectional,bidirectional,Knockout,Retinal Pigment Epithelium Cell Line,hTERT-RPE1,17319,2020,Olivieri M (2020),32649862,4.271608352661133,2.5232746601104736,11.00264835357666,9.035892486572266
1075,U_1342_inc,U_1342_inc (forward),Forward,False,Train,circle,increase drug resistance,Drug / Chemical / Environmental Response,Increased/decreased drug resistance,bidirectional,bidirectional,Knockout,Retinal Pigment Epithelium Cell Line,hTERT-RPE1,17319,2020,Olivieri M (2020),32649862,4.825621128082275,4.419705390930176,11.220579147338867,10.635977745056152
1076,U_1342_merged,U_1342_merged (forward),Forward,False,Train,circle,either increases or decreases drug resistance,Drug / Chemical / Environmental Response,Increased/decreased drug resistance,Positive and Negative Selection,bidirectional,Knockout,Retinal Pigment Epithelium Cell Line,hTERT-RPE1,17319,2020,Olivieri M (2020),32649862,4.316502571105957,2.492474317550659,11.034734725952148,9.101941108703613
1077,U_1343_dec,U_1343_dec (forward),Forward,False,Train,circle,decrease drug resistance,Drug / Chemical / Environmental Response,Increased/decreased drug resistance,bidirectional,bidirectional,Knockout,Retinal Pigment Epithelium Cell Line,hTERT-RPE1,17320,2020,Olivieri M (2020),32649862,4.26141357421875,3.962817430496216,11.426607131958008,10.148731231689453
1078,1344,1344 (forward),Forward,False,Train,circle,increases drug resistance as measured by increased cell proliferation in the presence of the drug,Drug / Chemical / Environmental Response,Increased drug resistance,Positive Selection,unidirectional,Knockout,Non-Small Cell Lung Adenocarcinoma Cell Line,A-549,1210,2020,Cai MY (2020),32075772,4.33929967880249,4.344719409942627,11.00716495513916,10.59809398651123
1079,1345,1345 (forward),Forward,False,Train,circle,increases drug sensitivity as measured by decreased cell proliferation in the presence of the drug,Drug / Chemical / Environmental Response,Increased drug sensitivity,Negative Selection,unidirectional,Knockout,Non-Small Cell Lung Adenocarcinoma Cell Line,A-549,1250,2020,Cai MY (2020),32075772,4.080524444580078,2.8595097064971924,11.46630573272705,9.075615882873535
1080,1346,1346 (forward),Forward,False,Train,circle,increases drug resistance as measured by increased proliferation in the presence of the drug,Drug / Chemical / Environmental Response,Increased drug resistance,Positive Selection,unidirectional,Knockout,Large Cell Lung Cancer Cell Line,NCI-H460,1169,2020,Cai MY (2020),32075772,4.893540382385254,4.30642557144165,11.07794189453125,10.517502784729004
1081,1347,1347 (forward),Forward,False,Train,circle,increases drug sensitivity as measured by decreased cell proliferation in the presence of the drug,Drug / Chemical / Environmental Response,Increased drug sensitivity,Negative Selection,unidirectional,Knockout,Large Cell Lung Cancer Cell Line,NCI-H460,1087,2020,Cai MY (2020),32075772,4.633350372314453,4.6064043045043945,11.156579971313477,9.97120189666748
1082,1351,1351 (forward),Forward,False,Train,circle,"increases resistance to the PARP inhibitor Talazoparib in RNASEH2 mutant cells, as measured by increased proliferation",Drug / Chemical / Environmental Response,Genes whose KO restores resistance to PARP inhibitors in an RNASEH2 mutant,Positive Selection,unidirectional,Knockout,Retinal Pigment Epithelium Cell Line,hTERT-RPE1,17191,2018,Zimmermann M (2018),29973717,5.315399646759033,3.808976650238037,11.074570655822754,10.300694465637207
1083,1352,1352 (forward),Forward,False,Train,circle,"increases resistance to the PARP inhibitor talazoparib in RNASEH2-mutant cells, as measured by increased proliferation under drug treatment",Drug / Chemical / Environmental Response,Genes whose KO restores resistance to PARP inhibitors in an RNASEH2 mutant,Positive Selection,unidirectional,Knockout,Cervical Adenocarcinoma Cell Line,HeLa,17191,2018,Zimmermann M (2018),29973717,4.328714847564697,4.252723693847656,10.784157752990723,10.963430404663086
1084,1355,1355 (forward),Forward,False,Train,circle,increases sensitivity to asparaginase,Drug / Chemical / Environmental Response,Increased sensitivity to drug,Negative Selection,unidirectional,Knockout,Lymphoma or Leukaemia Cell Line,CCRF-CEM,20484,2019,Hinze L (2019),30991026,4.850982666015625,4.295599460601807,11.335410118103027,10.58942985534668
1085,1360,1360 (forward),Forward,False,Train,circle,increases cisplatin sensitivity in TP53 knockout cells,Drug / Chemical / Environmental Response,Genes whose KO re-sensitizes TP53 KO cells to cisplatin,Negative Selection,unidirectional,Knockout,Embryonic Stem Cell Line,WA09,18749,2019,Liu C (2019),30862715,4.822187900543213,4.2026238441467285,11.2077054977417,10.5416259765625
1086,1361,1361 (forward),Forward,False,Train,circle,increases drug resistance to venetoclax,Drug / Chemical / Environmental Response,Increased drug resistance,Positive Selection,unidirectional,Knockout,Acute Myeloid Leukemia Cell Line,MOLM-13,17966,2019,Nechiporuk T (2019),31048320,4.528350830078125,5.208442687988281,10.940590858459473,11.30920124053955
1087,1362,1362 (forward),Forward,False,Train,circle,increases venetoclax resistance,Drug / Chemical / Environmental Response,Increased drug resistance,Positive Selection,unidirectional,Knockout,Acute Myeloid Leukemia Cell Line,MOLM-13,17966,2019,Nechiporuk T (2019),31048320,4.481632709503174,5.34351921081543,10.868693351745605,11.36581039428711
1088,1363,1363 (forward),Forward,False,Train,circle,increases resistance to venetoclax,Drug / Chemical / Environmental Response,Increased drug resistance,Positive Selection,unidirectional,Knockout,Acute Myeloid Leukemia Cell Line,MOLM-13,19007,2019,Nechiporuk T (2019),31048320,4.545624256134033,5.230424880981445,11.110971450805664,11.04588508605957
1089,U_1364_dec,U_1364_dec (forward),Forward,False,Train,circle,decrease resistance to mitochondrial inhibitors,Drug / Chemical / Environmental Response,Increased/decreased resistance to drug,bidirectional,bidirectional,Knockout,Chronic Myeloid Leukemia Cell Line,K-562,11020,2019,To TL (2019),31730859,3.0350077152252197,4.325766563415527,9.415234565734863,11.042173385620117
1090,U_1364_inc,U_1364_inc (forward),Forward,False,Train,circle,increase resistance to mitochondrial inhibitors,Drug / Chemical / Environmental Response,Increased/decreased resistance to drug,bidirectional,bidirectional,Knockout,Chronic Myeloid Leukemia Cell Line,K-562,11020,2019,To TL (2019),31730859,3.2186508178710938,3.8946101665496826,9.131386756896973,10.678974151611328
1091,U_1364_merged,U_1364_merged (forward),Forward,False,Train,circle,either increases or decreases resistance to mitochondrial inhibitors,Drug / Chemical / Environmental Response,Increased/decreased resistance to drug,Positive and Negative Selection,bidirectional,Knockout,Chronic Myeloid Leukemia Cell Line,K-562,11020,2019,To TL (2019),31730859,3.11942458152771,3.963806629180908,9.156248092651367,10.799860954284668
1092,1365,1365 (forward),Forward,False,Train,circle,impacts response to chemicals,Drug / Chemical / Environmental Response,Increased/decreased drug resistance,Positive and Negative Selection,recovered_bidirectional,Knockout,Pre-B Acute Lymphoblastic Leukemia Cell Line,NALM-6,18917,2020,Jacques S (2020),32094149,4.614876747131348,3.9268639087677,8.923535346984863,8.632299423217773
1093,1366,1366 (forward),Forward,False,Train,circle,impacts response to chemicals,Drug / Chemical / Environmental Response,Increased/decreased drug resistance,Positive and Negative Selection,recovered_bidirectional,Knockout,Pre-B Acute Lymphoblastic Leukemia Cell Line,NALM-6,18919,2020,Jacques S (2020),32094149,4.398954391479492,3.9501733779907227,8.841495513916016,8.592815399169922
1094,U_1367_dec,U_1367_dec (forward),Forward,False,Train,circle,decrease cell proliferation under mitochondrial inhibitor treatment,Drug / Chemical / Environmental Response,Increased/decreased resistance to drug,bidirectional,bidirectional,Knockout,Chronic Myeloid Leukemia Cell Line,K-562,11020,2019,To TL (2019),31730859,3.004622459411621,4.408461093902588,9.50532054901123,11.057109832763672
1095,U_1367_inc,U_1367_inc (forward),Forward,False,Train,circle,increase cell proliferation under mitochondrial inhibitor treatment,Drug / Chemical / Environmental Response,Increased/decreased resistance to drug,bidirectional,bidirectional,Knockout,Chronic Myeloid Leukemia Cell Line,K-562,11020,2019,To TL (2019),31730859,3.1443400382995605,3.851749897003174,9.01183795928955,10.521331787109375
1096,U_1367_merged,U_1367_merged (forward),Forward,False,Train,circle,either increases or decreases cell proliferation under mitochondrial inhibitor treatment,Drug / Chemical / Environmental Response,Increased/decreased resistance to drug,Positive and Negative Selection,bidirectional,Knockout,Chronic Myeloid Leukemia Cell Line,K-562,11020,2019,To TL (2019),31730859,3.0836801528930664,3.9178571701049805,9.031920433044434,10.528773307800293
1097,U_1368_dec,U_1368_dec (forward),Forward,False,Train,circle,decrease cell proliferation under mitochondrial inhibitor treatment,Drug / Chemical / Environmental Response,Increased/decreased resistance to drug,bidirectional,bidirectional,Knockout,Chronic Myeloid Leukemia Cell Line,K-562,11020,2019,To TL (2019),31730859,3.0287883281707764,4.288308620452881,9.354887008666992,11.02161693572998
1098,U_1368_inc,U_1368_inc (forward),Forward,False,Train,circle,increase cell proliferation under mitochondrial inhibitor treatment,Drug / Chemical / Environmental Response,Increased/decreased resistance to drug,bidirectional,bidirectional,Knockout,Chronic Myeloid Leukemia Cell Line,K-562,11020,2019,To TL (2019),31730859,4.448616027832031,4.1710052490234375,11.191511154174805,10.454840660095215
1099,U_1368_merged,U_1368_merged (forward),Forward,False,Train,circle,either increases or decreases cell proliferation under mitochondrial inhibitor treatment,Drug / Chemical / Environmental Response,Increased/decreased resistance to drug,Positive and Negative Selection,bidirectional,Knockout,Chronic Myeloid Leukemia Cell Line,K-562,11020,2019,To TL (2019),31730859,3.0142252445220947,4.261489391326904,9.346153259277344,11.01883602142334
1100,U_1369_dec,U_1369_dec (forward),Forward,False,Train,circle,decrease cell proliferation under mitochondrial inhibitor treatment,Drug / Chemical / Environmental Response,Increased/decreased resistance to drug,bidirectional,bidirectional,Knockout,Chronic Myeloid Leukemia Cell Line,K-562,11020,2019,To TL (2019),31730859,3.04703426361084,4.4146270751953125,9.51916217803955,11.04101848602295
1101,U_1369_inc,U_1369_inc (forward),Forward,False,Train,circle,increase cell proliferation under mitochondrial inhibitor treatment,Drug / Chemical / Environmental Response,Increased/decreased resistance to drug,bidirectional,bidirectional,Knockout,Chronic Myeloid Leukemia Cell Line,K-562,11020,2019,To TL (2019),31730859,4.397495746612549,0.8891339898109436,8.732429504394531,8.355818748474121
1102,U_1369_merged,U_1369_merged (forward),Forward,False,Train,circle,either increases or decreases cell proliferation under mitochondrial inhibitor treatment,Drug / Chemical / Environmental Response,Increased/decreased resistance to drug,Positive and Negative Selection,bidirectional,Knockout,Chronic Myeloid Leukemia Cell Line,K-562,11020,2019,To TL (2019),31730859,4.332799434661865,0.5920068025588989,8.581656455993652,8.155454635620117
1103,U_1370_dec,U_1370_dec (forward),Forward,False,Train,circle,decrease cell proliferation under mitochondrial inhibitor treatment,Drug / Chemical / Environmental Response,Increased/decreased resistance to drug,bidirectional,bidirectional,Knockout,Chronic Myeloid Leukemia Cell Line,K-562,11020,2019,To TL (2019),31730859,3.1338846683502197,4.384108066558838,9.548775672912598,11.06748104095459
1104,U_1370_inc,U_1370_inc (forward),Forward,False,Train,circle,increase cell proliferation under mitochondrial inhibitor treatment,Drug / Chemical / Environmental Response,Increased/decreased resistance to drug,bidirectional,bidirectional,Knockout,Chronic Myeloid Leukemia Cell Line,K-562,11020,2019,To TL (2019),31730859,3.3062658309936523,4.083808422088623,9.263530731201172,10.719317436218262
1105,U_1370_merged,U_1370_merged (forward),Forward,False,Train,circle,either increases or decreases cell proliferation under mitochondrial inhibitor treatment,Drug / Chemical / Environmental Response,Increased/decreased resistance to drug,Positive and Negative Selection,bidirectional,Knockout,Chronic Myeloid Leukemia Cell Line,K-562,11020,2019,To TL (2019),31730859,3.1500985622406006,4.110626697540283,9.234150886535645,10.851297378540039
1106,U_1372_dec,U_1372_dec (forward),Forward,False,Train,circle,decrease cell proliferation under mitochondrial inhibitor treatment,Drug / Chemical / Environmental Response,Increased/decreased resistance to drug,bidirectional,bidirectional,Knockout,Chronic Myeloid Leukemia Cell Line,K-562,11020,2019,To TL (2019),31730859,3.027413845062256,4.285001277923584,9.351061820983887,11.027981758117676
1107,U_1372_inc,U_1372_inc (forward),Forward,False,Train,circle,increase cell proliferation under mitochondrial inhibitor treatment,Drug / Chemical / Environmental Response,Increased/decreased resistance to drug,bidirectional,bidirectional,Knockout,Chronic Myeloid Leukemia Cell Line,K-562,11020,2019,To TL (2019),31730859,3.315973997116089,4.080709457397461,9.228347778320312,10.763924598693848
1108,U_1372_merged,U_1372_merged (forward),Forward,False,Train,circle,either increases or decreases cell proliferation under mitochondrial inhibitor treatment,Drug / Chemical / Environmental Response,Increased/decreased resistance to drug,Positive and Negative Selection,bidirectional,Knockout,Chronic Myeloid Leukemia Cell Line,K-562,11020,2019,To TL (2019),31730859,3.0533134937286377,4.159127712249756,9.246711730957031,10.936687469482422
1109,U_1387_dec,U_1387_dec (forward),Forward,False,Train,circle,decrease SARS-CoV-2 infectivity,Host-Pathogen / Infection Response,Increased/decreased resistance to virus,bidirectional,bidirectional,Knockout,Colonic Adenocarcinoma Cell Line,C2BBe1,287,2020,Gordon DE (2020),33060197,2.28269362449646,6.816613674163818,10.151515007019043,10.8861722946167
1110,U_1387_inc,U_1387_inc (forward),Forward,False,Train,circle,increase SARS-CoV-2 infectivity,Host-Pathogen / Infection Response,Increased/decreased resistance to virus,bidirectional,bidirectional,Knockout,Colonic Adenocarcinoma Cell Line,C2BBe1,287,2020,Gordon DE (2020),33060197,4.842313289642334,4.784718036651611,11.261415481567383,10.459274291992188
1111,U_1387_merged,U_1387_merged (forward),Forward,False,Train,circle,either increases or decreases SARS-CoV-2 infectivity,Host-Pathogen / Infection Response,Increased/decreased resistance to virus,Positive and Negative Selection,bidirectional,Knockout,Colonic Adenocarcinoma Cell Line,C2BBe1,287,2020,Gordon DE (2020),33060197,2.2285711765289307,6.838966369628906,10.073880195617676,10.860784530639648
1112,U_1388_dec,U_1388_dec (forward),Forward,False,Train,circle,decrease extracellular bEXOmiR abundance and activate EV production,Trafficking / Localization / Structural Phenotypes,Extracellular vesicle release effector genes,bidirectional,bidirectional,Knockout,Chronic Myeloid Leukemia Cell Line,K-562,2291,2018,Lu A (2018),30556811,4.7045440673828125,4.539899826049805,11.006032943725586,11.006720542907715
1113,U_1388_inc,U_1388_inc (forward),Forward,False,Train,circle,increase extracellular bEXOmiR abundance and suppress EV production,Trafficking / Localization / Structural Phenotypes,Extracellular vesicle release effector genes,bidirectional,bidirectional,Knockout,Chronic Myeloid Leukemia Cell Line,K-562,2291,2018,Lu A (2018),30556811,4.7640862464904785,4.276792049407959,10.990768432617188,11.009387969970703
1114,U_1388_merged,U_1388_merged (forward),Forward,False,Train,circle,either increases or decreases extracellular bEXOmiR abundance and activate EV production,Trafficking / Localization / Structural Phenotypes,Extracellular vesicle release effector genes,Phenotype Screen,bidirectional,Knockout,Chronic Myeloid Leukemia Cell Line,K-562,2291,2018,Lu A (2018),30556811,4.510664463043213,4.298614025115967,11.09268569946289,11.015546798706055
1115,U_1389_dec,U_1389_dec (forward),Forward,False,Train,circle,decrease extracellular bEXOmiR abundance and activate EV production,Trafficking / Localization / Structural Phenotypes,Extracellular vesicle release effector genes,bidirectional,bidirectional,Knockout,Chronic Myeloid Leukemia Cell Line,K-562,16980,2018,Lu A (2018),30556811,4.480781555175781,4.436563968658447,11.351482391357422,10.942253112792969
1116,U_1389_inc,U_1389_inc (forward),Forward,False,Train,circle,increase extracellular bEXOmiR abundance and suppress EV production,Trafficking / Localization / Structural Phenotypes,Extracellular vesicle release effector genes,bidirectional,bidirectional,Knockout,Chronic Myeloid Leukemia Cell Line,K-562,16980,2018,Lu A (2018),30556811,4.655089855194092,4.523260116577148,11.2772216796875,11.102169036865234
1117,U_1389_merged,U_1389_merged (forward),Forward,False,Train,circle,either increases or decreases extracellular bEXOmiR abundance and activate EV production,Trafficking / Localization / Structural Phenotypes,Extracellular vesicle release effector genes,Phenotype Screen,bidirectional,Knockout,Chronic Myeloid Leukemia Cell Line,K-562,16980,2018,Lu A (2018),30556811,4.574892520904541,4.321649551391602,11.248537063598633,11.020482063293457
1118,U_1392_dec,U_1392_dec (forward),Forward,False,Train,circle,decrease venetoclax resistance,Drug / Chemical / Environmental Response,Increased/decreased drug resistance,bidirectional,bidirectional,Knockout,Acute Myeloid Leukemia Cell Line,MOLM-13,19009,2019,Chen X (2019),31048321,4.075461387634277,5.583293914794922,10.394193649291992,11.807440757751465
1119,U_1392_inc,U_1392_inc (forward),Forward,False,Train,circle,increase venetoclax resistance,Drug / Chemical / Environmental Response,Increased/decreased drug resistance,bidirectional,bidirectional,Knockout,Acute Myeloid Leukemia Cell Line,MOLM-13,19009,2019,Chen X (2019),31048321,4.164200305938721,5.624528884887695,10.498586654663086,11.74274730682373
1120,U_1392_merged,U_1392_merged (forward),Forward,False,Train,circle,either increases or decreases venetoclax resistance,Drug / Chemical / Environmental Response,Increased/decreased drug resistance,Positive and Negative Selection,bidirectional,Knockout,Acute Myeloid Leukemia Cell Line,MOLM-13,19009,2019,Chen X (2019),31048321,4.076226711273193,5.6416707038879395,10.373339653015137,11.847587585449219
1121,U_1393_dec,U_1393_dec (forward),Forward,False,Train,circle,decrease venetoclax resistance,Drug / Chemical / Environmental Response,Increased/decreased drug resistance,bidirectional,bidirectional,Knockout,Acute Myeloid Leukemia Cell Line,MOLM-13,19009,2019,Chen X (2019),31048321,4.047489166259766,5.621649742126465,10.365898132324219,11.841509819030762
1122,U_1393_inc,U_1393_inc (forward),Forward,False,Train,circle,increase venetoclax resistance,Drug / Chemical / Environmental Response,Increased/decreased drug resistance,bidirectional,bidirectional,Knockout,Acute Myeloid Leukemia Cell Line,MOLM-13,19009,2019,Chen X (2019),31048321,4.076115608215332,5.610876083374023,10.444496154785156,11.74290657043457
1123,U_1393_merged,U_1393_merged (forward),Forward,False,Train,circle,either increases or decreases venetoclax resistance,Drug / Chemical / Environmental Response,Increased/decreased drug resistance,Positive and Negative Selection,bidirectional,Knockout,Acute Myeloid Leukemia Cell Line,MOLM-13,19009,2019,Chen X (2019),31048321,4.056335926055908,5.617156982421875,10.401061058044434,11.871874809265137
1124,U_1396_inc,U_1396_inc (forward),Forward,False,Train,circle,increase formaldehyde resistance,Drug / Chemical / Environmental Response,Increased/decreased drug resistance,bidirectional,bidirectional,Knockout,Chronic Myeloid Leukemia Cell Line,K-562,19007,2020,Zhao Y (2020),33189395,5.800914287567139,4.6799774169921875,11.350927352905273,10.087374687194824
1125,U_1396_dec,U_1396_dec (forward),Forward,False,Train,circle,decrease formaldehyde resistance,Drug / Chemical / Environmental Response,Increased/decreased drug resistance,bidirectional,bidirectional,Knockout,Chronic Myeloid Leukemia Cell Line,K-562,19007,2020,Zhao Y (2020),33189395,5.968470096588135,4.633691787719727,11.332324981689453,9.88980770111084
1126,U_1396_merged,U_1396_merged (forward),Forward,False,Train,circle,either increases or decreases formaldehyde resistance,Drug / Chemical / Environmental Response,Increased/decreased drug resistance,Positive and Negative Selection,bidirectional,Knockout,Chronic Myeloid Leukemia Cell Line,K-562,19007,2020,Zhao Y (2020),33189395,5.965435028076172,4.636002540588379,11.365943908691406,9.92957878112793
1127,U_1397_inc,U_1397_inc (forward),Forward,False,Train,circle,increase formaldehyde resistance,Drug / Chemical / Environmental Response,Increased/decreased drug resistance,bidirectional,bidirectional,Knockout,Chronic Myeloid Leukemia Cell Line,K-562,19006,2020,Zhao Y (2020),33189395,5.822472095489502,4.714460372924805,11.395767211914062,10.173044204711914
1128,U_1397_dec,U_1397_dec (forward),Forward,False,Train,circle,decrease formaldehyde resistance,Drug / Chemical / Environmental Response,Increased/decreased drug resistance,bidirectional,bidirectional,Knockout,Chronic Myeloid Leukemia Cell Line,K-562,19006,2020,Zhao Y (2020),33189395,5.985980987548828,4.653298377990723,11.288747787475586,9.918179512023926
1129,U_1397_merged,U_1397_merged (forward),Forward,False,Train,circle,either increases or decreases formaldehyde resistance,Drug / Chemical / Environmental Response,Increased/decreased drug resistance,Positive and Negative Selection,bidirectional,Knockout,Chronic Myeloid Leukemia Cell Line,K-562,19006,2020,Zhao Y (2020),33189395,5.939033031463623,4.658005714416504,11.401371002197266,9.94279956817627
1130,U_1423_inc,U_1423_inc (forward),Forward,False,Train,circle,increase cellular resistance to viral infection,Host-Pathogen / Infection Response,Increased/decreased resistance to virus,bidirectional,bidirectional,Knockout,Lung Adenocarcinoma Cell Line,Calu-3,32,2020,Wei J (2020),33147444,3.8662004470825195,7.044862270355225,11.359646797180176,10.717672348022461
1131,U_1423_dec,U_1423_dec (forward),Forward,False,Train,circle,decrease cellular resistance to viral infection,Host-Pathogen / Infection Response,Increased/decreased resistance to virus,bidirectional,bidirectional,Knockout,Lung Adenocarcinoma Cell Line,Calu-3,32,2020,Wei J (2020),33147444,4.847055435180664,3.7262001037597656,10.504918098449707,10.278938293457031
1132,U_1423_merged,U_1423_merged (forward),Forward,False,Train,circle,either increases or decreases cellular resistance to viral infection,Host-Pathogen / Infection Response,Increased/decreased resistance to virus,Positive and Negative Selection,bidirectional,Knockout,Lung Adenocarcinoma Cell Line,Calu-3,32,2020,Wei J (2020),33147444,3.7718544006347656,7.132153034210205,11.426957130432129,10.728668212890625
1133,1429,1429 (forward),Forward,False,Train,circle,decreases resistance to KSHV infection as measured by decreased cell growth in latently infected cells,Host-Pathogen / Infection Response,Decreased resistance to virus,Negative Selection,unidirectional,Knockout,microvascular endothelial cell line,TIME,11450,2020,Holmes DL (2020),33122441,4.8868584632873535,4.397960186004639,10.91397476196289,10.77979564666748
1134,1430,1430 (forward),Forward,False,Train,circle,decreases cell viability in KSHV-latently infected cells,Host-Pathogen / Infection Response,Decreased resistance to virus,Positive Selection,unidirectional,Knockout,microvascular endothelial cell line,TIME,11450,2020,Holmes DL (2020),33122441,4.5028862953186035,4.68438196182251,11.283985137939453,10.895865440368652
1135,1431,1431 (forward),Forward,False,Train,circle,increases resistance to viral infection,Host-Pathogen / Infection Response,Increased resistance to virus,Positive Selection,unidirectional,Knockout,Lung Cancer Cell Line,A-549,18838,2020,Daniloski Z (2020),33147445,4.018507480621338,6.288106918334961,10.061079025268555,11.11270523071289
1136,1433,1433 (forward),Forward,False,Train,circle,increases resistance to virus infection,Host-Pathogen / Infection Response,Increased resistance to virus,Positive Selection,unidirectional,Knockout,Lung Cancer Cell Line,A-549,18838,2020,Daniloski Z (2020),33147445,4.020599842071533,6.301920413970947,10.118227005004883,11.109478950500488
1137,1434,1434 (forward),Forward,False,Train,circle,increases LDLR protein accumulation as measured by fluorescent-tagged antibody,Trafficking / Localization / Structural Phenotypes, LDL-derived cholesterol transport to the ER genes,Phenotype Screen,unidirectional,Knockout,Immortal Cell Line,SV589j,18983,2020,Trinh MN (2020),32690708,5.451560974121094,4.561370372772217,10.291617393493652,10.523675918579102
1138,U_1441_dec,U_1441_dec (forward),Forward,False,Train,circle,decrease Cell Proliferation,Fitness / Proliferation / Viability,Cell-essential genes and growth restrictive genes,bidirectional,bidirectional,Knockout,Breast Cancer Cell Line,SUM149PT,18421,2020,Shu S (2020),32416067,4.228055953979492,-0.31719669699668884,7.839757442474365,7.733242988586426
1139,U_1441_inc,U_1441_inc (forward),Forward,False,Train,circle,increase Cell Proliferation,Fitness / Proliferation / Viability,Cell-essential genes and growth restrictive genes,bidirectional,bidirectional,Knockout,Breast Cancer Cell Line,SUM149PT,18421,2020,Shu S (2020),32416067,4.9864020347595215,4.511254787445068,10.908591270446777,10.810609817504883
1140,U_1441_merged,U_1441_merged (forward),Forward,False,Train,circle,either increases or decreases Cell Proliferation,Fitness / Proliferation / Viability,Cell-essential genes and growth restrictive genes,Positive and Negative Selection,bidirectional,Knockout,Breast Cancer Cell Line,SUM149PT,18421,2020,Shu S (2020),32416067,4.195280075073242,-0.28965646028518677,7.820274353027344,7.686193466186523
1141,U_1442_dec,U_1442_dec (forward),Forward,False,Train,circle,decrease cell proliferation,Fitness / Proliferation / Viability,Cell-essential genes and growth restrictive genes,bidirectional,bidirectional,Knockout,Breast Cancer Cell Line,SUM159PT,18421,2020,Shu S (2020),32416067,4.153566360473633,-0.34347042441368103,7.7450151443481445,7.72981595993042
1142,U_1442_inc,U_1442_inc (forward),Forward,False,Train,circle,increase cell proliferation,Fitness / Proliferation / Viability,Cell-essential genes and growth restrictive genes,bidirectional,bidirectional,Knockout,Breast Cancer Cell Line,SUM159PT,18421,2020,Shu S (2020),32416067,5.204198360443115,4.305847644805908,10.990126609802246,10.869479179382324
1143,U_1442_merged,U_1442_merged (forward),Forward,False,Train,circle,either increases or decreases cell proliferation,Fitness / Proliferation / Viability,Cell-essential genes and growth restrictive genes,Positive and Negative Selection,bidirectional,Knockout,Breast Cancer Cell Line,SUM159PT,18421,2020,Shu S (2020),32416067,4.205789089202881,-0.28741973638534546,7.693620681762695,7.717616558074951
1144,U_1443_dec,U_1443_dec (forward),Forward,False,Train,circle,decrease Cell Proliferation,Fitness / Proliferation / Viability,Cell-essential genes and growth restrictive genes,bidirectional,bidirectional,Knockout,Breast Cancer Cell Line,SUM159R,18421,2020,Shu S (2020),32416067,4.202427387237549,-0.286422997713089,7.801307678222656,7.6722540855407715
1145,U_1443_inc,U_1443_inc (forward),Forward,False,Train,circle,increase Cell Proliferation,Fitness / Proliferation / Viability,Cell-essential genes and growth restrictive genes,bidirectional,bidirectional,Knockout,Breast Cancer Cell Line,SUM159R,18421,2020,Shu S (2020),32416067,4.803301811218262,4.733621120452881,11.458755493164062,10.80864429473877
1146,U_1443_merged,U_1443_merged (forward),Forward,False,Train,circle,either increases or decreases Cell Proliferation,Fitness / Proliferation / Viability,Cell-essential genes and growth restrictive genes,Positive and Negative Selection,bidirectional,Knockout,Breast Cancer Cell Line,SUM159R,18421,2020,Shu S (2020),32416067,4.202213287353516,-0.26134321093559265,7.7689008712768555,7.710818290710449
1147,U_1444_dec,U_1444_dec (forward),Forward,False,Train,circle,decrease Cell Proliferation,Fitness / Proliferation / Viability,Cell-essential genes and growth restrictive genes,bidirectional,bidirectional,Knockout,Breast Cancer Cell Line,SUM149PT,18421,2020,Shu S (2020),32416067,4.349507808685303,-0.11854834109544754,7.976988315582275,7.894500255584717
1148,U_1444_inc,U_1444_inc (forward),Forward,False,Train,circle,increase Cell Proliferation,Fitness / Proliferation / Viability,Cell-essential genes and growth restrictive genes,bidirectional,bidirectional,Knockout,Breast Cancer Cell Line,SUM149PT,18421,2020,Shu S (2020),32416067,4.319485187530518,4.637994289398193,11.13646411895752,10.981029510498047
1149,U_1444_merged,U_1444_merged (forward),Forward,False,Train,circle,either increases or decreases Cell Proliferation,Fitness / Proliferation / Viability,Cell-essential genes and growth restrictive genes,Positive and Negative Selection,bidirectional,Knockout,Breast Cancer Cell Line,SUM149PT,18421,2020,Shu S (2020),32416067,4.13533353805542,-0.1638551503419876,7.934568405151367,7.84647274017334
1150,U_1445_dec,U_1445_dec (forward),Forward,False,Train,circle,decrease Cell Proliferation,Drug / Chemical / Environmental Response,Increased/decreased drug resistance,bidirectional,bidirectional,Knockout,Breast Cancer Cell Line,SUM149PT,18421,2020,Shu S (2020),32416067,5.273063659667969,4.51533317565918,10.880111694335938,10.067033767700195
1151,U_1445_inc,U_1445_inc (forward),Forward,False,Train,circle,increase Cell Proliferation,Drug / Chemical / Environmental Response,Increased/decreased drug resistance,bidirectional,bidirectional,Knockout,Breast Cancer Cell Line,SUM149PT,18421,2020,Shu S (2020),32416067,5.477470397949219,4.558287620544434,10.689362525939941,9.914608001708984
1152,U_1445_merged,U_1445_merged (forward),Forward,False,Train,circle,either increases or decreases Cell Proliferation,Drug / Chemical / Environmental Response,Increased/decreased drug resistance,Positive and Negative Selection,bidirectional,Knockout,Breast Cancer Cell Line,SUM149PT,18421,2020,Shu S (2020),32416067,5.4945244789123535,4.479567527770996,10.805046081542969,9.947802543640137
1153,U_1446_dec,U_1446_dec (forward),Forward,False,Train,circle,decrease Cell Proliferation,Drug / Chemical / Environmental Response,Increased/decreased drug resistance,bidirectional,bidirectional,Knockout,Breast Cancer Cell Line,SUM159PT,18421,2020,Shu S (2020),32416067,4.940907001495361,4.016721725463867,10.408615112304688,10.1350736618042
1154,U_1446_inc,U_1446_inc (forward),Forward,False,Train,circle,increase Cell Proliferation,Drug / Chemical / Environmental Response,Increased/decreased drug resistance,bidirectional,bidirectional,Knockout,Breast Cancer Cell Line,SUM159PT,18421,2020,Shu S (2020),32416067,5.294360637664795,3.9500205516815186,10.615193367004395,10.027676582336426
1155,U_1446_merged,U_1446_merged (forward),Forward,False,Train,circle,either increases or decreases Cell Proliferation,Drug / Chemical / Environmental Response,Increased/decreased drug resistance,Positive and Negative Selection,bidirectional,Knockout,Breast Cancer Cell Line,SUM159PT,18421,2020,Shu S (2020),32416067,5.2219696044921875,3.870232343673706,10.400247573852539,10.02913761138916
1156,U_1447_dec,U_1447_dec (forward),Forward,False,Train,circle,decrease Cell Proliferation,Drug / Chemical / Environmental Response,Increased/decreased drug resistance,bidirectional,bidirectional,Knockout,Breast Cancer Cell Line,SUM149R,18421,2020,Shu S (2020),32416067,4.630675792694092,4.107014179229736,10.344137191772461,10.449793815612793
1157,U_1447_inc,U_1447_inc (forward),Forward,False,Train,circle,increase Cell Proliferation,Drug / Chemical / Environmental Response,Increased/decreased drug resistance,bidirectional,bidirectional,Knockout,Breast Cancer Cell Line,SUM149R,18421,2020,Shu S (2020),32416067,4.590063571929932,4.019052982330322,10.308940887451172,10.697556495666504
1158,U_1447_merged,U_1447_merged (forward),Forward,False,Train,circle,either increases or decreases Cell Proliferation,Drug / Chemical / Environmental Response,Increased/decreased drug resistance,Positive and Negative Selection,bidirectional,Knockout,Breast Cancer Cell Line,SUM149R,18421,2020,Shu S (2020),32416067,4.477084159851074,3.9777944087982178,10.201349258422852,10.517868041992188
1159,U_1448_dec,U_1448_dec (forward),Forward,False,Train,circle,decrease JQ1 resistance in a BBDI-resistant cell line,Drug / Chemical / Environmental Response,Increased/decreased drug resistance,bidirectional,bidirectional,Knockout,Breast Cancer Cell Line,SUM159R,18421,2020,Shu S (2020),32416067,3.790996551513672,3.9372546672821045,9.61661148071289,10.154569625854492
1160,U_1448_inc,U_1448_inc (forward),Forward,False,Train,circle,increase JQ1 resistance in a BBDI-resistant cell line,Drug / Chemical / Environmental Response,Increased/decreased drug resistance,bidirectional,bidirectional,Knockout,Breast Cancer Cell Line,SUM159R,18421,2020,Shu S (2020),32416067,4.405313491821289,4.088031768798828,10.557368278503418,10.378615379333496
1161,U_1448_merged,U_1448_merged (forward),Forward,False,Train,circle,either increases or decreases JQ1 resistance in a BBDI-resistant cell line,Drug / Chemical / Environmental Response,Increased/decreased drug resistance,Positive and Negative Selection,bidirectional,Knockout,Breast Cancer Cell Line,SUM159R,18421,2020,Shu S (2020),32416067,3.8437581062316895,3.931919574737549,9.63713264465332,10.204840660095215
1162,1449,1449 (forward),Forward,False,Train,circle,increases resistance to jellyfish venom as measured by increased growth in the presence of venom,Drug / Chemical / Environmental Response,Increased resistance to toxin,Positive Selection,unidirectional,Knockout,Chronic Myelogenous Leukemia Cell Line,HAP-1,20663,2019,Lau MT (2019),31040274,4.640894889831543,4.394720554351807,11.039878845214844,11.145009994506836
1163,1451,1451 (forward),Forward,False,Train,circle,"increases resistance to rituximab-mediated complement-dependent cytotoxicity, as measured by increased cell survival",Drug / Chemical / Environmental Response,Increased resistance to chimeric monoclonal antibody,Positive Selection,unidirectional,Knockout,Diffuse Large B-cell Lymphoma Cell,OCI-Ly7,18736,2020,Thomsen EA (2020),32585766,4.707932949066162,4.4143900871276855,11.38095474243164,10.74903678894043
1164,1452,1452 (forward),Forward,False,Train,circle,increases resistance to the anti-CD20 monoclonal antibody rituximab under complement-dependent cytotoxicity conditions,Drug / Chemical / Environmental Response,Increased resistance to chimeric monoclonal antibody,Positive Selection,unidirectional,Knockout,Diffuse Large B-cell Lymphoma Cell,OCI-Ly7,18737,2020,Thomsen EA (2020),32585766,4.601141929626465,4.344175815582275,11.313755989074707,10.75890827178955
1165,1453,1453 (forward),Forward,False,Train,circle,increases sensitivity to the PRMT5 inhibitor EPZ015666,Drug / Chemical / Environmental Response,Increased sensitivity to drug,Negative Selection,unidirectional,Knockout,Lung Cancer Cell Line,NCI-H2171,1117,2019,Gao G (2019),30916320,-5.009305477142334,-5.309854030609131,12.665985107421875,-2.2524638175964355
1166,1455,1455 (forward),Forward,False,Train,circle,increases sensitivity to Olaparib as measured by decreased cell proliferation in the presence of Olaparib,Drug / Chemical / Environmental Response,Increased sensitivity to drug,Negative Selection,unidirectional,Knockout,Cervical Adenocarcinoma Cell Line,HeLa,19007,2020,Clements KE (2020),33257658,4.235925674438477,4.017946720123291,10.982775688171387,10.333693504333496
1167,1456,1456 (forward),Forward,False,Train,circle,increases Olaparib resistance in BRCA2 knockout cells as measured by increased proliferation,Drug / Chemical / Environmental Response,Increased resistance to drug in a BRCA2 mutant background,Positive Selection,unidirectional,Knockout,Cervical Adenocarcinoma Cell Line,HeLa,19007,2020,Clements KE (2020),33257658,3.577436685562134,0.08963333815336227,8.343647956848145,7.720850467681885
1168,1457,1457 (forward),Forward,False,Train,circle,increases resistance to Olaparib in a BRCA2 mutant background,Drug / Chemical / Environmental Response,Increased resistance to drug in a BRCA2 mutant background,Positive Selection,unidirectional,Activation,Cervical Adenocarcinoma Cell Line,HeLa,18755,2020,Clements KE (2020),33257658,4.844936847686768,4.256226539611816,10.922389030456543,11.00985050201416
1169,1458,1458 (forward),Forward,False,Train,circle,decreases cell proliferation,Fitness / Proliferation / Viability,Cell-essential genes,Negative Selection,unidirectional,Knockout,Chronic Myelogenous Leukemia Cell Line,HAP-1,18320,2020,Henkel L (2020),33228647,4.001780986785889,-0.3529811501502991,7.87278938293457,8.033036231994629
1170,1459,1459 (forward),Forward,False,Train,circle,decreases cell proliferation,Fitness / Proliferation / Viability,Cell-essential genes,Negative Selection,unidirectional,Knockout,Chronic Myelogenous Leukemia Cell Line,HAP-1,18320,2020,Henkel L (2020),33228647,4.095792770385742,-0.381164014339447,7.8137664794921875,7.964749336242676
1171,1461,1461 (forward),Forward,False,Train,circle,increases ERAD substrate accumulation (GFP-tagged CYP51A1TM reporter),Trafficking / Localization / Structural Phenotypes,ERAD genes,Phenotype Screen,unidirectional,Knockout,Embryonic Kidney Cell Line,HEK293T,17987,2020,van de Weijer ML (2020),32738194,4.734312534332275,4.611261367797852,11.09744644165039,10.934142112731934
1172,1479,1479 (forward),Forward,False,Train,circle,increases resistance to Salmonella-induced cytotoxicity as measured by improved growth in the presence of Salmonella enterica serovar Typhimurium,Host-Pathogen / Infection Response,Increased resistance to bacteria,Positive Selection,unidirectional,Knockout,Colonic Adenocarcinoma Cell Line,HT-29,18376,2020,Zhang H (2020),33172989,4.7341814041137695,5.178466796875,11.285181045532227,11.046860694885254
1173,1480,1480 (forward),Forward,False,Train,circle,increases resistance to Salmonella-induced cytotoxicity as measured by improved cell growth in the presence of Salmonella enterica serovar Typhimurium,Host-Pathogen / Infection Response,Increased resistance to bacteria,Positive Selection,unidirectional,Knockout,Colonic Adenocarcinoma Cell Line,HT-29,18376,2020,Zhang H (2020),33172989,4.587838649749756,5.233591079711914,11.347371101379395,11.06395149230957
1174,1519,1519 (forward),Forward,False,Train,circle,impacts response to chemicals,Drug / Chemical / Environmental Response,Increased/decreased drug resistance,Positive and Negative Selection,recovered_bidirectional,Knockout,Cancer Cell Line,KATO III,507,2019,Chen J (2019),31076567,-8.953587532043457,3.793505907058716,-1.8262513875961304,-6.679282188415527
1175,1520,1520 (forward),Forward,False,Train,circle,increases resistance to VSV-H18 infection (bat IAV haemagglutinin-expressing virus),Host-Pathogen / Infection Response,Increased resistance to virus,Positive Selection,unidirectional,Knockout,Glioblastoma Cell Line,U-87MG ATCC,19008,2019,Karakus U (2019),30787439,4.229318618774414,4.2505269050598145,11.170458793640137,10.589102745056152
1176,1524,1524 (forward),Forward,False,Train,circle,increases viral infection as measured by increased viral reporter signal in FACS-sorted cells,Host-Pathogen / Infection Response,Viral restriction factors,Phenotype Screen,unidirectional,Knockout,Embryonic Kidney Cell Line,HEK293SF,18999,2020,Sharon DM (2020),32699298,4.686517238616943,3.8983261585235596,11.22397518157959,10.71490478515625
1177,1571,1571 (forward),Forward,False,Train,circle,increases Wnt signaling activity as measured by increased STF-GFP reporter signal,Molecular Output / Reporter / Pathway Activity,Negative regulators of Wnt signaling,Phenotype Screen,unidirectional,Knockout,Embryonic Kidney Cell Line,HEK293T,17926,2019,Ji L (2019),31519875,4.479546070098877,3.806851863861084,10.622608184814453,10.538431167602539
1178,1573,1573 (forward),Forward,False,Train,circle,increases protein/peptide accumulation as measured by increased GFP reporter due to decreased autophagy flux,Molecular Output / Reporter / Pathway Activity,Regulators of autophagy,Phenotype Screen,unidirectional,Knockout,Glioma Cell Line,H4,20461,2019,Jia R (2019),31692446,4.059503078460693,1.339644432067871,8.969085693359375,9.685287475585938
1179,1574,1574 (forward),Forward,False,Train,circle,"increases autophagy reporter GFP accumulation, indicating decreased autophagy flux",Trafficking / Localization / Structural Phenotypes,Regulators of autophagy,Phenotype Screen,unidirectional,Knockout,Glioma Cell Line,H4,433,2019,Jia R (2019),31692446,4.01005744934082,1.0806217193603516,8.74753475189209,9.481568336486816
1180,1575,1575 (forward),Forward,False,Train,circle,increases LC3B protein accumulation as measured by increased GFP-LC3B reporter signal,Trafficking / Localization / Structural Phenotypes,Regulators of LC3B ubiquitination,Phenotype Screen,unidirectional,Knockout,Glioma Cell Line,H4,660,2019,Jia R (2019),31692446,4.550349235534668,4.432077407836914,11.262430191040039,10.796256065368652
1181,1580,1580 (forward),Forward,False,Train,circle,decreases cell proliferation in the CDC34 (UBE2R1)/UBE2R2 mutant background,Fitness / Proliferation / Viability,Cell-essential genes in a CDC34 (UBE2R1)/UBE2R2 mutant background,Negative Selection,unidirectional,Knockout,Pre-B Acute Lymphoblastic Leukemia Cell Line,NALM-6,18940,2019,Hill S (2019),31868589,3.4734792709350586,5.706299781799316,12.213800430297852,11.541688919067383
1182,1586,1586 (forward),Forward,False,Train,circle,"increases drug resistance to TH588, rescuing cells from its cytotoxic effect",Drug / Chemical / Environmental Response,Increased drug resistance,Positive Selection,unidirectional,Knockout,Large Cell Lung Cancer Cell Line,NCI-H460,1480,2019,Gul N (2019),31604991,4.360965728759766,4.369779586791992,11.201484680175781,10.670754432678223
1183,U_1591_inc,U_1591_inc (forward),Forward,False,Train,circle,increase tf-NBR1 accumulation (defective autophagy),Molecular Output / Reporter / Pathway Activity,Regulators of autophagy in an ATG7 KO background,bidirectional,bidirectional,Knockout,Chronic Myeloid Leukemia Cell Line,K-562,19007,2020,Ohnstad AE (2020),33226137,3.9430992603302,0.7203137874603271,8.471004486083984,9.231603622436523
1184,U_1591_dec,U_1591_dec (forward),Forward,False,Train,circle,decrease tf-NBR1 accumulation (defective autophagy),Molecular Output / Reporter / Pathway Activity,Regulators of autophagy in an ATG7 KO background,bidirectional,bidirectional,Knockout,Chronic Myeloid Leukemia Cell Line,K-562,19007,2020,Ohnstad AE (2020),33226137,4.5146074295043945,-0.12586116790771484,8.330129623413086,8.09674072265625
1185,U_1591_merged,U_1591_merged (forward),Forward,False,Train,circle,either increases or decreases tf-NBR1 accumulation (defective autophagy),Molecular Output / Reporter / Pathway Activity,Regulators of autophagy in an ATG7 KO background,Phenotype Screen,bidirectional,Knockout,Chronic Myeloid Leukemia Cell Line,K-562,19007,2020,Ohnstad AE (2020),33226137,3.957007884979248,0.3898029923439026,8.337239265441895,8.861563682556152
1186,U_1592_inc,U_1592_inc (forward),Forward,False,Train,circle,increase tf-NBR1 reporter accumulation,Molecular Output / Reporter / Pathway Activity,Regulators of autophagy in an ATG3 KO background,bidirectional,bidirectional,Knockout,Chronic Myeloid Leukemia Cell Line,K-562,19007,2020,Ohnstad AE (2020),33226137,3.9950919151306152,0.834709644317627,8.472031593322754,9.312882423400879
1187,U_1592_dec,U_1592_dec (forward),Forward,False,Train,circle,decrease tf-NBR1 reporter accumulation,Molecular Output / Reporter / Pathway Activity,Regulators of autophagy in an ATG3 KO background,bidirectional,bidirectional,Knockout,Chronic Myeloid Leukemia Cell Line,K-562,19007,2020,Ohnstad AE (2020),33226137,3.763709783554077,-0.03645237162709236,8.035152435302734,8.126482009887695
1188,U_1592_merged,U_1592_merged (forward),Forward,False,Train,circle,either increases or decreases tf-NBR1 reporter accumulation,Molecular Output / Reporter / Pathway Activity,Regulators of autophagy in an ATG3 KO background,Phenotype Screen,bidirectional,Knockout,Chronic Myeloid Leukemia Cell Line,K-562,19007,2020,Ohnstad AE (2020),33226137,3.803008794784546,0.3028377294540405,8.285497665405273,8.796345710754395
1189,U_1593_inc,U_1593_inc (forward),Forward,False,Train,circle,increase tf-NBR1 reporter accumulation (defective autophagy),Molecular Output / Reporter / Pathway Activity,Regulators of autophagy in an ATG10 KO background,bidirectional,bidirectional,Knockout,Chronic Myeloid Leukemia Cell Line,K-562,19007,2020,Ohnstad AE (2020),33226137,3.876352310180664,0.6397968530654907,8.380816459655762,9.236398696899414
1190,U_1593_dec,U_1593_dec (forward),Forward,False,Train,circle,decrease tf-NBR1 reporter accumulation (defective autophagy),Molecular Output / Reporter / Pathway Activity,Regulators of autophagy in an ATG10 KO background,bidirectional,bidirectional,Knockout,Chronic Myeloid Leukemia Cell Line,K-562,19007,2020,Ohnstad AE (2020),33226137,3.821333169937134,-0.08627341687679291,8.022275924682617,8.196990966796875
1191,U_1593_merged,U_1593_merged (forward),Forward,False,Train,circle,either increases or decreases tf-NBR1 reporter accumulation (defective autophagy),Molecular Output / Reporter / Pathway Activity,Regulators of autophagy in an ATG10 KO background,Phenotype Screen,bidirectional,Knockout,Chronic Myeloid Leukemia Cell Line,K-562,19007,2020,Ohnstad AE (2020),33226137,3.749833822250366,0.2434992492198944,8.244452476501465,8.926986694335938
1192,1608,1608 (forward),Forward,False,Train,circle,increases beta-arrestin accumulation at S1PR1,Molecular Output / Reporter / Pathway Activity,Regulators of GPCR signaling,Phenotype Screen,unidirectional,Activation,Osteosarcoma Cell Line,U2OS,18836,2019,Hisano Y (2019),31147448,4.377371311187744,4.457386016845703,11.35204792022705,10.767444610595703
1193,1609,1609 (forward),Forward,False,Train,circle,increases MYC protein accumulation as indicated by high GFP expression,Trafficking / Localization / Structural Phenotypes,Regulators of MYC stability,Phenotype Screen,unidirectional,Knockout,Embryonic Kidney Cell Line,HEK293-A,1047,2020,Schukur L (2020),33208877,-4.867419242858887,-4.185166358947754,13.405261039733887,-2.5555050373077393
1194,1618,1618 (forward),Forward,False,Train,circle,increases accumulation of autophagy substrates (protein/peptide),Trafficking / Localization / Structural Phenotypes,Regulators of autophagy,Phenotype Screen,unidirectional,Knockout,Embryonic Kidney Cell Line,HEK293T,20495,2018,Morita K (2018),30093494,4.287136077880859,4.698458194732666,11.130338668823242,10.456368446350098
1195,1619,1619 (forward),Forward,False,Train,circle,decreases MYC protein accumulation,Molecular Output / Reporter / Pathway Activity,Regulators of MYC stability,Phenotype Screen,unidirectional,Knockout,Embryonic Kidney Cell Line,HEK293-A,1047,2020,Schukur L (2020),33208877,4.5607194900512695,4.212344646453857,11.0082426071167,10.559779167175293
1196,1623,1623 (forward),Forward,False,Train,circle,increases resistance to the ATR inhibitor AZD6738,Drug / Chemical / Environmental Response,Increased drug resistance,Positive Selection,unidirectional,Knockout,Cervical Adenocarcinoma Cell Line,HeLa,19006,2020,Schleicher EM (2020),33137164,4.8903608322143555,0.3450404703617096,8.471452713012695,8.44911003112793
1197,1624,1624 (forward),Forward,False,Train,circle,increases drug resistance to the ATR inhibitor VE822,Drug / Chemical / Environmental Response,Increased drug resistance,Positive Selection,unidirectional,Knockout,Cervical Adenocarcinoma Cell Line,HeLa,19006,2020,Schleicher EM (2020),33137164,4.905921936035156,0.3278609812259674,8.55125617980957,8.493274688720703
1198,1625,1625 (forward),Forward,False,Train,circle,increases resistance to the ATR inhibitor AZD6738,Drug / Chemical / Environmental Response,Increased drug resistance,Positive Selection,unidirectional,Activation,Cervical Adenocarcinoma Cell Line,HeLa,18754,2020,Schleicher EM (2020),33137164,4.07356071472168,4.657787322998047,10.70450496673584,10.598991394042969
1199,1626,1626 (forward),Forward,False,Train,circle,increases resistance to the ATR inhibitor AZD6738,Drug / Chemical / Environmental Response,Increased drug resistance,Positive Selection,unidirectional,Activation,Mammary Epithelial Cell Line,MCF-10A,18754,2020,Schleicher EM (2020),33137164,4.817971706390381,4.780109882354736,10.484231948852539,10.881428718566895
1200,1627,1627 (forward),Forward,False,Train,circle,increases resistance to the ATR inhibitor VE822,Drug / Chemical / Environmental Response,Increased drug resistance,Positive Selection,unidirectional,Activation,Cervical Adenocarcinoma Cell Line,HeLa,18754,2020,Schleicher EM (2020),33137164,4.127626419067383,4.701907157897949,10.597698211669922,10.708396911621094
1201,1628,1628 (forward),Forward,False,Train,circle,increases resistance to the ATR inhibitor VE822,Drug / Chemical / Environmental Response,Increased drug resistance,Positive Selection,unidirectional,Activation,Mammary Epithelial Cell Line,MCF-10A,18754,2020,Schleicher EM (2020),33137164,4.613750457763672,4.554004669189453,10.539961814880371,10.695882797241211
1202,1629,1629 (forward),Forward,False,Train,circle,increases sorafenib resistance as measured by enrichment in the presence of sorafenib,Drug / Chemical / Environmental Response,Increased drug resistance,Positive Selection,unidirectional,Knockout,Huh-7 Cell,HUH-7 SR,20273,2019,Zheng A (2019),31903165,6.192085266113281,4.110006809234619,11.359759330749512,10.182449340820312
1203,U_1631_inc,U_1631_inc (forward),Forward,False,Train,circle,increase JQ1 resistance,Drug / Chemical / Environmental Response,Increased/decreased drug resistance,bidirectional,bidirectional,Knockout,Non-Small Cell Lung Adenocarcinoma Cell Line,A-549,3538,2019,Gobbi G (2019),31406246,5.815786361694336,2.290475606918335,10.525701522827148,9.25870132446289
1204,U_1631_dec,U_1631_dec (forward),Forward,False,Train,circle,decrease JQ1 resistance,Drug / Chemical / Environmental Response,Increased/decreased drug resistance,bidirectional,bidirectional,Knockout,Non-Small Cell Lung Adenocarcinoma Cell Line,A-549,3538,2019,Gobbi G (2019),31406246,6.266997814178467,-0.3789495825767517,9.208700180053711,6.10700798034668
1205,U_1631_merged,U_1631_merged (forward),Forward,False,Train,circle,either increases or decreases JQ1 resistance,Drug / Chemical / Environmental Response,Increased/decreased drug resistance,Positive and Negative Selection,bidirectional,Knockout,Non-Small Cell Lung Adenocarcinoma Cell Line,A-549,3538,2019,Gobbi G (2019),31406246,6.309817314147949,-0.4266837239265442,9.260236740112305,6.175803184509277
1206,U_1632_dec,U_1632_dec (forward),Forward,False,Train,circle,decrease JQ1 resistance,Drug / Chemical / Environmental Response,Increased/decreased drug resistance,bidirectional,bidirectional,Knockout,Non-Small Cell Lung Adenocarcinoma Cell Line,A-549,9415,2019,Gobbi G (2019),31406246,6.111496448516846,1.427457332611084,10.001790046691895,7.977433204650879
1207,U_1632_inc,U_1632_inc (forward),Forward,False,Train,circle,increase JQ1 resistance,Drug / Chemical / Environmental Response,Increased/decreased drug resistance,bidirectional,bidirectional,Knockout,Non-Small Cell Lung Adenocarcinoma Cell Line,A-549,9415,2019,Gobbi G (2019),31406246,6.051639080047607,1.7733299732208252,10.222131729125977,8.35152530670166
1208,U_1632_merged,U_1632_merged (forward),Forward,False,Train,circle,either increases or decreases JQ1 resistance,Drug / Chemical / Environmental Response,Increased/decreased drug resistance,Positive and Negative Selection,bidirectional,Knockout,Non-Small Cell Lung Adenocarcinoma Cell Line,A-549,9415,2019,Gobbi G (2019),31406246,6.080782890319824,1.6405962705612183,10.169702529907227,8.226356506347656
1209,U_1633_dec,U_1633_dec (forward),Forward,False,Train,circle,decrease JQ1 resistance,Drug / Chemical / Environmental Response,Increased/decreased drug resistance,bidirectional,bidirectional,Knockout,Non-Small Cell Lung Adenocarcinoma Cell Line,A-549,14419,2019,Gobbi G (2019),31406246,6.068576812744141,1.6215583086013794,10.109884262084961,8.298308372497559
1210,U_1633_inc,U_1633_inc (forward),Forward,False,Train,circle,increase JQ1 resistance,Drug / Chemical / Environmental Response,Increased/decreased drug resistance,bidirectional,bidirectional,Knockout,Non-Small Cell Lung Adenocarcinoma Cell Line,A-549,14419,2019,Gobbi G (2019),31406246,6.067237854003906,1.735940933227539,10.236407279968262,8.3434419631958
1211,U_1633_merged,U_1633_merged (forward),Forward,False,Train,circle,either increases or decreases JQ1 resistance,Drug / Chemical / Environmental Response,Increased/decreased drug resistance,Positive and Negative Selection,bidirectional,Knockout,Non-Small Cell Lung Adenocarcinoma Cell Line,A-549,14419,2019,Gobbi G (2019),31406246,6.066018581390381,1.7312246561050415,10.21214485168457,8.329566955566406
1212,U_1634_dec,U_1634_dec (forward),Forward,False,Train,circle,decrease cell proliferation,Fitness / Proliferation / Viability,Cell-essential genes and growth restrictive genes,bidirectional,bidirectional,Knockout,Non-Small Cell Lung Adenocarcinoma Cell Line,A-549,3645,2019,Gobbi G (2019),31406246,6.263307094573975,-0.37308403849601746,9.213997840881348,6.1716508865356445
1213,U_1634_inc,U_1634_inc (forward),Forward,False,Train,circle,increase cell proliferation,Fitness / Proliferation / Viability,Cell-essential genes and growth restrictive genes,bidirectional,bidirectional,Knockout,Non-Small Cell Lung Adenocarcinoma Cell Line,A-549,3645,2019,Gobbi G (2019),31406246,5.877574920654297,2.087153434753418,10.386602401733398,9.113664627075195
1214,U_1634_merged,U_1634_merged (forward),Forward,False,Train,circle,either increases or decreases cell proliferation,Fitness / Proliferation / Viability,Cell-essential genes and growth restrictive genes,Positive and Negative Selection,bidirectional,Knockout,Non-Small Cell Lung Adenocarcinoma Cell Line,A-549,3645,2019,Gobbi G (2019),31406246,6.280567169189453,-0.3777448236942291,9.225838661193848,6.1912407875061035
1215,U_1635_dec,U_1635_dec (forward),Forward,False,Train,circle,decrease cell fitness under chemical treatment,Fitness / Proliferation / Viability,Cell-essential genes and growth restrictive genes,bidirectional,bidirectional,Knockout,Non-Small Cell Lung Adenocarcinoma Cell Line,A-549,7888,2019,Gobbi G (2019),31406246,6.186685085296631,-0.2255164235830307,9.263249397277832,6.408489227294922
1216,U_1635_inc,U_1635_inc (forward),Forward,False,Train,circle,increase cell fitness under chemical treatment,Fitness / Proliferation / Viability,Cell-essential genes and growth restrictive genes,bidirectional,bidirectional,Knockout,Non-Small Cell Lung Adenocarcinoma Cell Line,A-549,7888,2019,Gobbi G (2019),31406246,6.034247398376465,1.805110216140747,10.260615348815918,8.423262596130371
1217,U_1635_merged,U_1635_merged (forward),Forward,False,Train,circle,either increases or decreases cell fitness under chemical treatment,Fitness / Proliferation / Viability,Cell-essential genes and growth restrictive genes,Positive and Negative Selection,bidirectional,Knockout,Non-Small Cell Lung Adenocarcinoma Cell Line,A-549,7888,2019,Gobbi G (2019),31406246,6.203773498535156,-0.14467105269432068,9.30108642578125,6.445054531097412
1218,U_1636_dec,U_1636_dec (forward),Forward,False,Train,circle,decrease cell proliferation,Fitness / Proliferation / Viability,Cell-essential genes and growth restrictive genes,bidirectional,bidirectional,Knockout,Non-Small Cell Lung Adenocarcinoma Cell Line,A-549,11712,2019,Gobbi G (2019),31406246,6.099858283996582,-0.14433236420154572,9.279720306396484,6.586668968200684
1219,U_1636_inc,U_1636_inc (forward),Forward,False,Train,circle,increase cell proliferation,Fitness / Proliferation / Viability,Cell-essential genes and growth restrictive genes,bidirectional,bidirectional,Knockout,Non-Small Cell Lung Adenocarcinoma Cell Line,A-549,11712,2019,Gobbi G (2019),31406246,6.056783676147461,1.7660901546478271,10.262004852294922,8.39033031463623
1220,U_1636_merged,U_1636_merged (forward),Forward,False,Train,circle,either increases or decreases cell proliferation,Fitness / Proliferation / Viability,Cell-essential genes and growth restrictive genes,Positive and Negative Selection,bidirectional,Knockout,Non-Small Cell Lung Adenocarcinoma Cell Line,A-549,11712,2019,Gobbi G (2019),31406246,6.128269195556641,1.6454718112945557,10.182143211364746,8.213422775268555
1221,1686,1686 (forward),Forward,False,Train,circle,increases autophagic flux as measured by the GFP-LC3-RFP reporter,Molecular Output / Reporter / Pathway Activity,Negative regulators of autophagy,Phenotype Screen,unidirectional,Knockout,Embryonic Kidney Cell Line,HEK293T,20495,2021,Mimura K (1970),34000301,4.287925720214844,4.6334428787231445,11.18591594696045,10.424001693725586
1222,1687,1687 (forward),Forward,False,Train,circle,decreases cell proliferation,Fitness / Proliferation / Viability,Cell-essential genes,Negative Selection,unidirectional,Knockout,Cancer Cell Line,KYSE-270,178,2019,Ehrenhöfer-Wölfer K (2019),31406271,-3.153393507003784,20.448932647705078,3.1687140464782715,24.11501121520996
1223,1688,1688 (forward),Forward,False,Train,circle,decreases cell proliferation,Fitness / Proliferation / Viability,Cell-essential genes,Negative Selection,unidirectional,Knockout,Esophageal Squamous Cell Carcinoma Cell Line,T.T,178,2019,Ehrenhöfer-Wölfer K (2019),31406271,-3.1534042358398438,20.448951721191406,3.1686601638793945,24.115076065063477
1224,1689,1689 (forward),Forward,False,Train,circle,decreases cell proliferation,Fitness / Proliferation / Viability,Cell-essential genes,Negative Selection,unidirectional,Knockout,Esophageal Squamous Cell Carcinoma Cell Line,KYSE-30,178,2019,Ehrenhöfer-Wölfer K (2019),31406271,-3.1533968448638916,20.44894027709961,3.168233633041382,24.11550521850586
1225,1690,1690 (forward),Forward,False,Train,circle,decreases cell proliferation,Fitness / Proliferation / Viability,Cell-essential genes,Negative Selection,unidirectional,Knockout,Esophageal Squamous Cell Carcinoma Cell Line,KYSE-410,178,2019,Ehrenhöfer-Wölfer K (2019),31406271,-3.153404951095581,20.448957443237305,3.167126178741455,24.11662483215332
1226,1691,1691 (forward),Forward,False,Train,circle,decreases cell proliferation,Fitness / Proliferation / Viability,Cell-essential genes,Negative Selection,unidirectional,Knockout,Cancer Cell Line,KYSE-510,178,2019,Ehrenhöfer-Wölfer K (2019),31406271,-3.1534054279327393,20.448965072631836,3.168574094772339,24.115182876586914
1227,1692,1692 (forward),Forward,False,Train,circle,decreases cell proliferation,Fitness / Proliferation / Viability,Cell-essential genes,Negative Selection,unidirectional,Knockout,Esophageal Cancer Cell Line,COLO 680N,178,2019,Ehrenhöfer-Wölfer K (2019),31406271,-3.1534056663513184,20.448955535888672,3.1577088832855225,24.126047134399414
1228,1693,1693 (forward),Forward,False,Train,circle,decreases cell proliferation,Fitness / Proliferation / Viability,Cell-essential genes,Negative Selection,unidirectional,Knockout,Esophageal Squamous Cell Carcinoma Cell Line,KYSE-150,178,2019,Ehrenhöfer-Wölfer K (2019),31406271,-3.153409242630005,20.448974609375,3.1780741214752197,24.105690002441406
1229,1694,1694 (forward),Forward,False,Train,circle,decreases cell proliferation,Fitness / Proliferation / Viability,Cell-essential genes,Negative Selection,unidirectional,Knockout,Cancer Cell Line,KYSE-70,178,2019,Ehrenhöfer-Wölfer K (2019),31406271,-3.1534159183502197,20.44896697998047,3.1688599586486816,24.114822387695312
1230,1695,1695 (forward),Forward,False,Train,circle,decreases cell proliferation,Fitness / Proliferation / Viability,Cell-essential genes,Negative Selection,unidirectional,Knockout,Cancer Cell Line,KYSE-140,178,2019,Ehrenhöfer-Wölfer K (2019),31406271,-3.1534130573272705,20.448974609375,3.1678192615509033,24.11595344543457
1231,1696,1696 (forward),Forward,False,Train,circle,decreases cell proliferation,Fitness / Proliferation / Viability,Cell-essential genes,Negative Selection,unidirectional,Knockout,Cancer Cell Line,KYSE-450,178,2019,Ehrenhöfer-Wölfer K (2019),31406271,-3.153412342071533,20.448972702026367,3.153994083404541,24.12978744506836
1232,1702,1702 (forward),Forward,False,Train,circle,increases drug resistance,Drug / Chemical / Environmental Response,Increased drug resistance,Positive Selection,unidirectional,Knockout,Cancer Cell Line,COV362,703,2018,He YJ (2018),30464262,4.773596286773682,4.924522399902344,10.634359359741211,10.354045867919922
1233,1703,1703 (forward),Forward,False,Train,circle,increases drug resistance,Drug / Chemical / Environmental Response,Increased drug resistance,Positive Selection,unidirectional,Knockout,Cancer Cell Line,COV362,231,2018,He YJ (2018),30464262,4.444859027862549,4.218939781188965,10.630120277404785,10.93129825592041
1234,1705,1705 (forward),Forward,False,Train,circle,increases resistance to cisplatin,Drug / Chemical / Environmental Response,Increased resistance to drug,Positive Selection,unidirectional,Knockout,Urinary Bladder Cancer Cell Line,MGH-U4,16386,2019,Goodspeed A (2019),30414698,4.925342082977295,5.4019975662231445,11.079655647277832,11.587637901306152
1235,1766,1766 (forward),Forward,False,Train,circle,increases drug resistance,Drug / Chemical / Environmental Response,Increased drug resistance,Negative Selection,unidirectional,Knockout,Monocytic Leukemia Cell Line,THP-1,2312,2019,Lin KH (2019),30773463,4.4322123527526855,-0.33431145548820496,8.475851058959961,7.814058780670166
1236,1767,1767 (forward),Forward,False,Train,circle,increases drug resistance,Drug / Chemical / Environmental Response,Increased drug resistance,Negative Selection,unidirectional,Knockout,Acute Myeloid Leukemia Cell Line,MOLM-13,2312,2019,Lin KH (2019),30773463,4.497445106506348,-0.25284919142723083,8.422250747680664,7.807066440582275
1237,1801,1801 (forward),Forward,False,Train,circle,decreases proliferation of acute myeloid leukemia cells,Fitness / Proliferation / Viability,Cell-essential genes,Negative Selection,unidirectional,Knockout,Acute Myeloid Leukemia Cell Line,OCI-AML-2,1049,2020,Khan DH (2020),32299104,3.3024492263793945,-1.234127402305603,6.850083827972412,8.026798248291016
1238,1811,1811 (forward),Forward,False,Train,circle,decreases cell proliferation,Fitness / Proliferation / Viability,Cell-essential genes,Negative Selection,unidirectional,Knockout,Medulloblastoma Cell Line,D283 Med,17638,2019,Bandopadhayay P (2019),31160565,2.696521282196045,-3.939610719680786,3.451111316680908,8.325807571411133
1239,1812,1812 (forward),Forward,False,Train,circle,decreases cell proliferation,Fitness / Proliferation / Viability,Cell-essential genes,Negative Selection,unidirectional,Knockout,Medulloblastoma Cell Line,D458 Med,17638,2019,Bandopadhayay P (2019),31160565,2.636120557785034,-4.069769859313965,3.4208085536956787,8.22735595703125
1240,1813,1813 (forward),Forward,False,Train,circle,decreases cell proliferation,Fitness / Proliferation / Viability,Cell-essential genes,Negative Selection,unidirectional,Knockout,Medulloblastoma Cell Line,D341 Med,17638,2019,Bandopadhayay P (2019),31160565,2.547304153442383,-4.141022682189941,3.421250104904175,8.243032455444336
1241,1814,1814 (forward),Forward,False,Train,circle,decreases cell proliferation,Fitness / Proliferation / Viability,Cell-essential genes,Negative Selection,unidirectional,Knockout,Medulloblastoma Cell Line,D425 Med,17638,2019,Bandopadhayay P (2019),31160565,2.5878756046295166,-4.229002952575684,3.3174197673797607,8.148487091064453
1242,U_1843_dec,U_1843_dec (forward),Forward,False,Train,circle,decrease resistance to PARP inhibitor olaparib,Drug / Chemical / Environmental Response,Increased/decreased drug resistance,bidirectional,bidirectional,Knockout,Cervical Adenocarcinoma Cell Line,HeLa,17716,2020,Juhász S (2020),33355125,4.083081245422363,3.7338509559631348,10.552386283874512,10.107280731201172
1243,U_1843_inc,U_1843_inc (forward),Forward,False,Train,circle,increase resistance to PARP inhibitor olaparib,Drug / Chemical / Environmental Response,Increased/decreased drug resistance,bidirectional,bidirectional,Knockout,Cervical Adenocarcinoma Cell Line,HeLa,17716,2020,Juhász S (2020),33355125,3.7323598861694336,3.4835405349731445,10.098736763000488,9.70199203491211
1244,U_1843_merged,U_1843_merged (forward),Forward,False,Train,circle,either increases or decreases resistance to PARP inhibitor olaparib,Drug / Chemical / Environmental Response,Increased/decreased drug resistance,Positive and Negative Selection,bidirectional,Knockout,Cervical Adenocarcinoma Cell Line,HeLa,17716,2020,Juhász S (2020),33355125,3.8924970626831055,3.567380428314209,10.30939769744873,9.817705154418945
1245,1932,1932 (forward),Forward,False,Train,circle,increases cell proliferation,Fitness / Proliferation / Viability,Increased proliferation,Positive Selection,unidirectional,Knockout,Retinal Pigment Epithelium Cell Line,hTERT-RPE1,20646,2020,Drainas AP (2020),32268084,5.734247207641602,2.330399513244629,10.618233680725098,9.528299331665039
1246,1933,1933 (forward),Forward,False,Train,circle,increases cell proliferation in a p53 KO mutant background,Fitness / Proliferation / Viability,Increased proliferation in a p53 KO mutant background,Positive Selection,unidirectional,Knockout,Retinal Pigment Epithelium Cell Line,hTERT-RPE1,20648,2020,Drainas AP (2020),32268084,5.727912425994873,2.2765707969665527,10.737968444824219,9.394204139709473
1247,1934,1934 (forward),Forward,False,Train,circle,increases cell proliferation in 3D growth conditions,Fitness / Proliferation / Viability,Increased proliferation in a 3D growth conditions,Positive Selection,unidirectional,Knockout,Retinal Pigment Epithelium Cell Line,hTERT-RPE1,20653,2020,Drainas AP (2020),32268084,4.70998477935791,4.654516220092773,11.046037673950195,10.929031372070312
1248,1935,1935 (forward),Forward,False,Train,circle,increases cell proliferation under 3D growth conditions in a p53 knockout background,Fitness / Proliferation / Viability,Increased proliferation in a 3D growth conditions in a p53 KO background,Positive Selection,unidirectional,Knockout,Retinal Pigment Epithelium Cell Line,hTERT-RPE1,20653,2020,Drainas AP (2020),32268084,4.6001973152160645,4.571933746337891,10.996194839477539,10.929686546325684
1249,1943,1943 (forward),Forward,False,Train,circle,increases resistance to trametinib,Drug / Chemical / Environmental Response,Increased drug resistance,Positive Selection,unidirectional,Knockout,Melanoma Cell Line,Mel JuSo,1110,2019,Hayes TK (2019),30819666,5.927825450897217,2.594331741333008,11.597566604614258,10.03966236114502
1250,1944,1944 (forward),Forward,False,Train,circle,increases resistance to palbociclib,Drug / Chemical / Environmental Response,Increased resistance to drug,Positive Selection,unidirectional,Knockout,Melanoma Cell Line,Mel JuSo,1271,2019,Hayes TK (2019),30819666,5.846948623657227,2.6461362838745117,11.524079322814941,10.142502784729004
1251,1945,1945 (forward),Forward,False,Train,circle,increases resistance to a trametinib/palbociclib combination therapy,Drug / Chemical / Environmental Response,Increased resistance to drug,Positive Selection,unidirectional,Knockout,Melanoma Cell Line,Mel JuSo,1052,2019,Hayes TK (2019),30819666,4.625494480133057,4.851469993591309,10.725214004516602,11.03304386138916
1252,1964,1964 (forward),Forward,False,Train,circle,increases cell proliferation in the absence of WNT3A and RSPO1,Molecular Output / Reporter / Pathway Activity,Negative Wnt regulators,Positive Selection,unidirectional,Knockout,Intestinal organoid model,Organoid: primary cell derived small intestinal organoid line,283,2020,Ringel T (2020),32142663,4.236474514007568,3.6025357246398926,11.216602325439453,10.485237121582031
1253,2002,2002 (forward),Forward,False,Train,circle,impacts response to chemicals,Drug / Chemical / Environmental Response,Increased/decreased drug resistance,Positive and Negative Selection,recovered_bidirectional,Knockout,Pre-B Acute Lymphoblastic Leukemia Cell Line,NALM-6,18908,2019,Baccelli I (2019),31287994,3.7167530059814453,4.484591007232666,9.936078071594238,10.937418937683105
1254,2113,2113 (forward),Forward,False,Train,circle,impacts cell proliferation,Fitness / Proliferation / Viability,Cell-essential and growth restrictive genes,Positive and Negative Selection,recovered_bidirectional,Knockout,Primary Effusion Lymphoma Cell Line,BC-1,18780,2018,Manzano M (2018),30111820,3.5571908950805664,0.09633849561214447,8.185322761535645,7.689980506896973
1255,2114,2114 (forward),Forward,False,Train,circle,impacts cell proliferation,Fitness / Proliferation / Viability,Cell-essential and growth restrictive genes,Positive and Negative Selection,recovered_bidirectional,Knockout,Primary Effusion Lymphoma Cell Line,BC-2,18780,2018,Manzano M (2018),30111820,3.575141191482544,0.11967180669307709,8.19289779663086,7.665760040283203
1256,2115,2115 (forward),Forward,False,Train,circle,impacts cell proliferation,Fitness / Proliferation / Viability,Cell-essential and growth restrictive genes,Positive and Negative Selection,recovered_bidirectional,Knockout,Primary Effusion Lymphoma Cell Line,BC-3,20670,2018,Manzano M (2018),30111820,5.499539852142334,-0.7733216285705566,8.333258628845215,6.306713581085205
1257,2116,2116 (forward),Forward,False,Train,circle,impacts cell proliferation,Fitness / Proliferation / Viability,Cell-essential and growth restrictive genes,Positive and Negative Selection,recovered_bidirectional,Knockout,Primary Effusion Lymphoma Cell Line,BC-5,18780,2018,Manzano M (2018),30111820,3.5645058155059814,0.08959159255027771,8.162734985351562,7.633229732513428
1258,2117,2117 (forward),Forward,False,Train,circle,impacts cell proliferation,Fitness / Proliferation / Viability,Cell-essential and growth restrictive genes,Positive and Negative Selection,recovered_bidirectional,Knockout,Primary Effusion Lymphoma Cell Line,JSC-1,18780,2018,Manzano M (2018),30111820,3.5401253700256348,0.14009423553943634,8.109309196472168,7.573905944824219
1259,2118,2118 (forward),Forward,False,Train,circle,impacts cell proliferation,Fitness / Proliferation / Viability,Cell-essential and growth restrictive genes,Positive and Negative Selection,recovered_bidirectional,Knockout,Primary Effusion Lymphoma Cell Line,APK-1,18780,2018,Manzano M (2018),30111820,3.5750865936279297,0.12058897316455841,8.15593147277832,7.639707088470459
1260,2145,2145 (forward),Forward,False,Train,circle,increases accumulation of the GFP–peptide fusion (GIPLRNLGIR*),Molecular Output / Reporter / Pathway Activity,Regulation of protein stability,Phenotype Screen,unidirectional,Knockout,Embryonic Kidney Cell Line,HEK293T,70,2018,Koren I (2018),29779948,1.5763721466064453,7.143727779388428,5.856843948364258,-0.6526930928230286
1261,2146,2146 (forward),Forward,False,Train,circle,increases accumulation of the GFP-peptide fusion by inhibiting its degradation,Molecular Output / Reporter / Pathway Activity,Regulation of protein stability,Phenotype Screen,unidirectional,Knockout,Embryonic Kidney Cell Line,HEK293T,70,2018,Koren I (2018),29779948,1.5278350114822388,7.184301376342773,5.870494365692139,-0.6397643089294434
1262,2147,2147 (forward),Forward,False,Train,circle,increases accumulation of the GFP–peptide fusion by inhibiting its degradation,Trafficking / Localization / Structural Phenotypes,Regulation of protein stability,Phenotype Screen,unidirectional,Knockout,Embryonic Kidney Cell Line,HEK293T,70,2018,Koren I (2018),29779948,1.5807100534439087,7.150183200836182,5.905590057373047,-0.6424806714057922
1263,2148,2148 (forward),Forward,False,Train,circle,increases accumulation of the GFP–peptide fusion by inhibiting its degradation,Molecular Output / Reporter / Pathway Activity,Regulation of protein stability,Phenotype Screen,unidirectional,Knockout,Embryonic Kidney Cell Line,HEK293T,70,2018,Koren I (2018),29779948,1.5403332710266113,7.1682610511779785,5.860601902008057,-0.642300546169281
1264,2149,2149 (forward),Forward,False,Train,circle,increases accumulation of the GFP-peptide fusion (GIPLRGLLKRPCLRG*),Molecular Output / Reporter / Pathway Activity,Regulation of protein stability,Phenotype Screen,unidirectional,Knockout,Embryonic Kidney Cell Line,HEK293T,70,2018,Koren I (2018),29779948,1.5771958827972412,7.146353244781494,5.907790660858154,-0.59070885181427
1265,2150,2150 (forward),Forward,False,Train,circle,increases accumulation of the GFP-peptide fusion by inhibiting its degradation,Molecular Output / Reporter / Pathway Activity,Regulation of protein stability,Phenotype Screen,unidirectional,Knockout,Embryonic Kidney Cell Line,HEK293T,70,2018,Koren I (2018),29779948,1.5877121686935425,7.136931419372559,5.879316806793213,-0.6220712661743164
1266,2151,2151 (forward),Forward,False,Train,circle,increases accumulation of the GFP–peptide fusion substrate (protein/peptide accumulation),Molecular Output / Reporter / Pathway Activity,Regulation of protein stability,Phenotype Screen,unidirectional,Knockout,Embryonic Kidney Cell Line,HEK293T,70,2018,Koren I (2018),29779948,1.574533462524414,7.1483917236328125,5.8940019607543945,-0.6470529437065125
1267,2152,2152 (forward),Forward,False,Train,circle,increases accumulation of the GFP-peptide fusion (GIPLRPHKRLLKGSQYG*) by inhibiting its degradation,Molecular Output / Reporter / Pathway Activity,Regulation of protein stability,Phenotype Screen,unidirectional,Knockout,Embryonic Kidney Cell Line,HEK293T,70,2018,Koren I (2018),29779948,1.5693930387496948,7.153117656707764,5.879583835601807,-0.6237114667892456
1268,2153,2153 (forward),Forward,False,Train,circle,increases accumulation of the GFP-peptide fusion,Molecular Output / Reporter / Pathway Activity,Regulation of protein stability,Phenotype Screen,unidirectional,Knockout,Embryonic Kidney Cell Line,HEK293T,70,2018,Koren I (2018),29779948,1.306220531463623,7.337306499481201,5.683590888977051,-0.8716153502464294
1269,2154,2154 (forward),Forward,False,Train,circle,increases accumulation of the GFP-peptide fusion reporter by inhibiting its degradation,Molecular Output / Reporter / Pathway Activity,Regulation of protein stability,Phenotype Screen,unidirectional,Knockout,Embryonic Kidney Cell Line,HEK293T,70,2018,Koren I (2018),29779948,1.296894907951355,7.347184181213379,5.702913761138916,-0.8545297384262085
1270,2155,2155 (forward),Forward,False,Train,circle,increases accumulation of the GFP-peptide fusion protein,Molecular Output / Reporter / Pathway Activity,Regulation of protein stability,Phenotype Screen,unidirectional,Knockout,Embryonic Kidney Cell Line,HEK293T,70,2018,Koren I (2018),29779948,1.2732514142990112,7.362575054168701,5.685981273651123,-0.8785297870635986
1271,2156,2156 (forward),Forward,False,Train,circle,increases accumulation of the GFP-peptide fusion reporter by inhibiting its degradation,Molecular Output / Reporter / Pathway Activity,Regulation of protein stability,Phenotype Screen,unidirectional,Knockout,Embryonic Kidney Cell Line,HEK293T,70,2018,Koren I (2018),29779948,1.2800557613372803,7.359668254852295,5.693343162536621,-0.8700458407402039
1272,2157,2157 (forward),Forward,False,Train,circle,increases protein/peptide accumulation by inhibiting degradation of the GFP–peptide fusion reporter,Trafficking / Localization / Structural Phenotypes,Regulation of protein stability,Phenotype Screen,unidirectional,Knockout,Embryonic Kidney Cell Line,HEK293T,70,2018,Koren I (2018),29779948,1.2956408262252808,7.346146583557129,5.677163600921631,-0.8888799548149109
1273,2158,2158 (forward),Forward,False,Train,circle,increases accumulation of the GFP-peptide fusion reporter by inhibiting its degradation,Molecular Output / Reporter / Pathway Activity,Regulation of protein stability,Phenotype Screen,unidirectional,Knockout,Embryonic Kidney Cell Line,HEK293T,70,2018,Koren I (2018),29779948,1.2863459587097168,7.3527398109436035,5.691887855529785,-0.8837261199951172
1274,2159,2159 (forward),Forward,False,Train,circle,increases accumulation of the GFP-peptide fusion reporter by inhibiting its degradation,Molecular Output / Reporter / Pathway Activity,Regulation of protein stability,Phenotype Screen,unidirectional,Knockout,Embryonic Kidney Cell Line,HEK293T,70,2018,Koren I (2018),29779948,1.3099985122680664,7.335485458374023,5.645166397094727,-0.8770461678504944
1275,2160,2160 (forward),Forward,False,Train,circle,increases accumulation of the GFP–peptide fusion substrate,Trafficking / Localization / Structural Phenotypes,Regulation of protein stability,Phenotype Screen,unidirectional,Knockout,Embryonic Kidney Cell Line,HEK293T,70,2018,Koren I (2018),29779948,1.3303227424621582,7.32296085357666,5.736578941345215,-0.8032620549201965
1276,2161,2161 (forward),Forward,False,Train,circle,increases accumulation of the GFP–peptide fusion by inhibiting its degradation,Molecular Output / Reporter / Pathway Activity,Regulation of protein stability,Phenotype Screen,unidirectional,Knockout,Embryonic Kidney Cell Line,HEK293T,70,2018,Koren I (2018),29779948,1.415822148323059,7.26113224029541,5.7985520362854,-0.7103800773620605
1277,2162,2162 (forward),Forward,False,Train,circle,increases accumulation of the GFP–CDK5R1 (R-end) peptide fusion,Molecular Output / Reporter / Pathway Activity,Regulation of protein stability,Phenotype Screen,unidirectional,Knockout,Embryonic Kidney Cell Line,HEK293T,159,2018,Koren I (2018),29779948,1.4134312868118286,7.260662078857422,5.797353744506836,-0.7231687903404236
1278,2163,2163 (forward),Forward,False,Train,circle,increases accumulation of the GFP-SIL1 (R-end) fusion protein by inhibiting its degradation,Trafficking / Localization / Structural Phenotypes,Regulation of protein stability,Phenotype Screen,unidirectional,Knockout,Embryonic Kidney Cell Line,HEK293T,159,2018,Koren I (2018),29779948,1.3144477605819702,7.332925796508789,5.732719898223877,-0.8228381276130676
1279,2164,2164 (forward),Forward,False,Train,circle,increases accumulation of the GFP–MAGEA3 (EE-end) fusion protein,Molecular Output / Reporter / Pathway Activity,Regulation of protein stability,Phenotype Screen,unidirectional,Knockout,Embryonic Kidney Cell Line,HEK293T,116,2018,Koren I (2018),29779948,4.016313552856445,4.004335880279541,9.95862865447998,10.330001831054688
1280,2165,2165 (forward),Forward,False,Train,circle,"increases protein/peptide accumulation of the MGAT2 (R-3 motif) GFP-peptide fusion (i.e., inhibits its degradation)",Molecular Output / Reporter / Pathway Activity,Regulation of protein stability,Phenotype Screen,unidirectional,Knockout,Embryonic Kidney Cell Line,HEK293T,116,2018,Koren I (2018),29779948,3.5418643951416016,3.759882688522339,9.457406044006348,10.114631652832031
1281,2166,2166 (forward),Forward,False,Train,circle,increases accumulation of the GFP-peptide fusion with the MSRB2 C-terminal R-3 motif,Trafficking / Localization / Structural Phenotypes,Regulation of protein stability,Phenotype Screen,unidirectional,Knockout,Embryonic Kidney Cell Line,HEK293T,116,2018,Koren I (2018),29779948,3.7164535522460938,3.809629201889038,9.52756404876709,10.157771110534668
1282,2167,2167 (forward),Forward,False,Train,circle,increases accumulation of the NPPB (R-3 motif) GFP-peptide fusion by inhibiting its degradation,Trafficking / Localization / Structural Phenotypes,Regulation of protein stability,Phenotype Screen,unidirectional,Knockout,Embryonic Kidney Cell Line,HEK293T,116,2018,Koren I (2018),29779948,3.5362260341644287,3.72658371925354,9.462666511535645,10.12437629699707
1283,2168,2168 (forward),Forward,False,Train,circle,increases accumulation of the GFP–SAT1 (EE-end) peptide fusion by inhibiting its degradation,Molecular Output / Reporter / Pathway Activity,Regulation of protein stability,Phenotype Screen,unidirectional,Knockout,Embryonic Kidney Cell Line,HEK293T,116,2018,Koren I (2018),29779948,4.06941556930542,4.037730693817139,10.00090503692627,10.328121185302734
1284,2169,2169 (forward),Forward,False,Train,circle,increases drug resistance to gefitinib,Drug / Chemical / Environmental Response,Increased drug resistance,Positive Selection,unidirectional,Knockout,Lung Adenocarcinoma Cell Line,PC-9,497,2017,Liao S (2017),28167502,5.456904411315918,3.709332227706909,10.859356880187988,10.176243782043457
1285,2200,2200 (forward),Forward,False,Train,circle,impacts cell proliferation,Fitness / Proliferation / Viability,Cell-essential and growth restrictive genes in a BRCA2 mutant,Positive and Negative Selection,recovered_bidirectional,Knockout,Colonic Adenocarcinoma Cell Line,DLD-1,357,2019,Mengwasser KE (2019),30686591,4.262388706207275,3.931528329849243,11.532066345214844,10.387067794799805
1286,2201,2201 (forward),Forward,False,Train,circle,impacts cell proliferation,Fitness / Proliferation / Viability,Cell-essential and growth restrictive genes in a BRCA2 mutant,Positive and Negative Selection,recovered_bidirectional,Knockout,Ovarian Cancer Cell Line,PEO1,357,2019,Mengwasser KE (2019),30686591,4.160139560699463,-0.7569664120674133,8.2467622756958,8.461735725402832
1287,2202,2202 (forward),Forward,False,Train,circle,increases mitophagic flux as indicated by higher mt-mKeima reporter levels,Molecular Output / Reporter / Pathway Activity,Negative regulators of mitophagic flux,Phenotype Screen,unidirectional,Knockout,Cervical Adenocarcinoma Cell Line,HeLa,859,2019,Heo JM (2019),31723608,3.61588191986084,3.975182056427002,10.772772789001465,10.683143615722656
1288,2203,2203 (forward),Forward,False,Train,circle,increases mitophagic flux as measured by high mt-mKeima reporter levels,Molecular Output / Reporter / Pathway Activity,Negative regulators of mitophagic flux,Phenotype Screen,unidirectional,Knockout,Cervical Adenocarcinoma Cell Line,HeLa,1094,2019,Heo JM (2019),31723608,3.587747573852539,-1.1475509405136108,7.01995849609375,8.136371612548828
1289,2204,2204 (forward),Forward,False,Train,circle,decreases mitophagic flux as indicated by reduced mt-mKeima reporter signal,Molecular Output / Reporter / Pathway Activity,Positive regulators of mitophagic flux,Phenotype Screen,unidirectional,Knockout,Cervical Adenocarcinoma Cell Line,HeLa,859,2019,Heo JM (2019),31723608,4.332154750823975,4.350794315338135,10.735024452209473,10.198135375976562
1290,2205,2205 (forward),Forward,False,Train,circle,decreases mitophagic flux as measured by low mt-mKeima reporter levels,Trafficking / Localization / Structural Phenotypes,Positive regulators of mitophagic flux,Phenotype Screen,unidirectional,Knockout,Cervical Adenocarcinoma Cell Line,HeLa,1094,2019,Heo JM (2019),31723608,4.238465309143066,4.309161186218262,10.888175964355469,10.554500579833984
1291,2206,2206 (forward),Forward,False,Train,circle,decreases mitophagic flux as measured by reduced mt-mKeima reporter levels,Trafficking / Localization / Structural Phenotypes,Positive regulators of mitophagic flux,Phenotype Screen,unidirectional,Knockout,Cervical Adenocarcinoma Cell Line,HeLa,695,2019,Heo JM (2019),31723608,4.3252949714660645,4.523385524749756,10.639695167541504,10.427078247070312
1292,2350,2350 (forward),Forward,False,Train,circle,impacts response to chemicals,Drug / Chemical / Environmental Response,Increased/decreased drug resistance,Positive and Negative Selection,recovered_bidirectional,Knockout,Ovarian Cancer Cell Line,Kuramochi,18591,2019,Stover EH (2019),31462500,2.2288355827331543,-4.390911102294922,3.5442230701446533,7.79057502746582
1293,2351,2351 (forward),Forward,False,Train,circle,impacts response to chemicals,Drug / Chemical / Environmental Response,Increased/decreased drug resistance,Positive and Negative Selection,recovered_bidirectional,Knockout,Ovarian Cancer Cell Line,Kuramochi,18589,2019,Stover EH (2019),31462500,2.257760763168335,-4.4413347244262695,3.5532658100128174,7.8041300773620605
1294,2352,2352 (forward),Forward,False,Train,circle,impacts response to chemicals,Drug / Chemical / Environmental Response,Increased/decreased drug resistance,Positive and Negative Selection,recovered_bidirectional,Knockout,Ovarian Cancer Cell Line,Kuramochi,18591,2019,Stover EH (2019),31462500,2.2217776775360107,-4.395598411560059,3.5648107528686523,7.811814308166504
1295,2353,2353 (forward),Forward,False,Train,circle,impacts response to chemicals,Drug / Chemical / Environmental Response,Increased/decreased drug resistance,Positive and Negative Selection,recovered_bidirectional,Knockout,Ovarian Cancer Cell Line,Kuramochi,18591,2019,Stover EH (2019),31462500,2.2616140842437744,-4.426890850067139,3.6159119606018066,7.83683967590332
1296,2354,2354 (forward),Forward,False,Train,circle,impacts response to chemicals,Drug / Chemical / Environmental Response,Increased/decreased drug resistance,Positive and Negative Selection,recovered_bidirectional,Knockout,Ovary Adenocarcinoma Cell Line,OVSAHO,18591,2019,Stover EH (2019),31462500,4.198643207550049,3.126549243927002,8.800539016723633,8.320534706115723
1297,2355,2355 (forward),Forward,False,Train,circle,impacts response to chemicals,Drug / Chemical / Environmental Response,Increased/decreased drug resistance,Positive and Negative Selection,recovered_bidirectional,Knockout,Ovary Adenocarcinoma Cell Line,OVSAHO,18591,2019,Stover EH (2019),31462500,2.6369149684906006,-3.651972532272339,3.7776970863342285,8.386557579040527
1298,2356,2356 (forward),Forward,False,Train,circle,impacts response to chemicals,Drug / Chemical / Environmental Response,Increased/decreased drug resistance,Positive and Negative Selection,recovered_bidirectional,Knockout,Ovary Adenocarcinoma Cell Line,OVSAHO,18591,2019,Stover EH (2019),31462500,3.876842737197876,4.2174577713012695,10.31586742401123,10.532672882080078
1299,2357,2357 (forward),Forward,False,Train,circle,impacts response to chemicals,Drug / Chemical / Environmental Response,Increased/decreased drug resistance,Positive and Negative Selection,recovered_bidirectional,Knockout,Ovary Adenocarcinoma Cell Line,OVSAHO,18591,2019,Stover EH (2019),31462500,4.0688862800598145,-0.05302061140537262,8.531037330627441,7.975086212158203
1300,U_2362_dec,U_2362_dec (forward),Forward,False,Train,circle,decrease BJAB cell proliferation,Fitness / Proliferation / Viability,Cell-essential and growth restrictive genes,bidirectional,bidirectional,Knockout,B-lymphoma cell line,BJAB,2834,2019,Panea RI (2019),31558468,5.565618991851807,-1.0403127670288086,8.114441871643066,6.2345170974731445
1301,U_2362_inc,U_2362_inc (forward),Forward,False,Train,circle,increase BJAB cell proliferation,Fitness / Proliferation / Viability,Cell-essential and growth restrictive genes,bidirectional,bidirectional,Knockout,B-lymphoma cell line,BJAB,2834,2019,Panea RI (2019),31558468,4.550339698791504,5.236342430114746,10.842501640319824,10.950338363647461
1302,U_2362_merged,U_2362_merged (forward),Forward,False,Train,circle,either increases or decreases BJAB cell proliferation,Fitness / Proliferation / Viability,Cell-essential and growth restrictive genes,Positive and Negative Selection,bidirectional,Knockout,B-lymphoma cell line,BJAB,2834,2019,Panea RI (2019),31558468,5.560986518859863,-1.0169378519058228,8.111053466796875,6.24583625793457
1303,U_2363_dec,U_2363_dec (forward),Forward,False,Train,circle,decrease cell proliferation in BL-41 cells,Fitness / Proliferation / Viability,Cell-essential and growth restrictive genes,bidirectional,bidirectional,Knockout,Burkitt Lymphoma Cell Line,BL-41,2834,2019,Panea RI (2019),31558468,5.577923774719238,-1.0450657606124878,8.178450584411621,6.177498817443848
1304,U_2363_inc,U_2363_inc (forward),Forward,False,Train,circle,increase cell proliferation in BL-41 cells,Fitness / Proliferation / Viability,Cell-essential and growth restrictive genes,bidirectional,bidirectional,Knockout,Burkitt Lymphoma Cell Line,BL-41,2834,2019,Panea RI (2019),31558468,4.9065423011779785,4.925436973571777,11.231241226196289,11.115374565124512
1305,U_2363_merged,U_2363_merged (forward),Forward,False,Train,circle,either increases or decreases cell proliferation in BL-41 cells,Fitness / Proliferation / Viability,Cell-essential and growth restrictive genes,Positive and Negative Selection,bidirectional,Knockout,Burkitt Lymphoma Cell Line,BL-41,2834,2019,Panea RI (2019),31558468,5.5796356201171875,-1.042948842048645,8.095380783081055,6.18203592300415
1306,U_2364_dec,U_2364_dec (forward),Forward,False,Train,circle,decrease cell proliferation in Jiyoye cells,Fitness / Proliferation / Viability,Cell-essential and growth restrictive genes,bidirectional,bidirectional,Knockout,Burkitt Lymphoma Cell Line,Jiyoye,2834,2019,Panea RI (2019),31558468,5.5634026527404785,-1.0241575241088867,8.199188232421875,6.328945636749268
1307,U_2364_inc,U_2364_inc (forward),Forward,False,Train,circle,increase cell proliferation in Jiyoye cells,Fitness / Proliferation / Viability,Cell-essential and growth restrictive genes,bidirectional,bidirectional,Knockout,Burkitt Lymphoma Cell Line,Jiyoye,2834,2019,Panea RI (2019),31558468,4.507897853851318,5.077142715454102,10.965631484985352,10.949252128601074
1308,U_2364_merged,U_2364_merged (forward),Forward,False,Train,circle,either increases or decreases cell proliferation in Jiyoye cells,Fitness / Proliferation / Viability,Cell-essential and growth restrictive genes,Positive and Negative Selection,bidirectional,Knockout,Burkitt Lymphoma Cell Line,Jiyoye,2834,2019,Panea RI (2019),31558468,5.57345724105835,-1.0616743564605713,8.076407432556152,6.262805461883545
1309,U_2365_dec,U_2365_dec (forward),Forward,False,Train,circle,decrease cell proliferation in Ly3 cells,Fitness / Proliferation / Viability,Cell-essential and growth restrictive genes,bidirectional,bidirectional,Knockout,B-cell non-Hodgkin lymphoma cell line,OCI-Ly3,2834,2019,Panea RI (2019),31558468,5.556980133056641,-1.0640801191329956,8.026412963867188,6.199485778808594
1310,U_2365_inc,U_2365_inc (forward),Forward,False,Train,circle,increase cell proliferation in Ly3 cells,Fitness / Proliferation / Viability,Cell-essential and growth restrictive genes,bidirectional,bidirectional,Knockout,B-cell non-Hodgkin lymphoma cell line,OCI-Ly3,2834,2019,Panea RI (2019),31558468,5.0415167808532715,5.025511264801025,11.206063270568848,11.185921669006348
1311,U_2365_merged,U_2365_merged (forward),Forward,False,Train,circle,either increases or decreases cell proliferation in Ly3 cells,Fitness / Proliferation / Viability,Cell-essential and growth restrictive genes,Positive and Negative Selection,bidirectional,Knockout,B-cell non-Hodgkin lymphoma cell line,OCI-Ly3,2834,2019,Panea RI (2019),31558468,5.560784816741943,-1.072381854057312,8.029640197753906,6.149352073669434
1312,U_2366_dec,U_2366_dec (forward),Forward,False,Train,circle,decrease cell proliferation in SU-DHL-4 cells,Fitness / Proliferation / Viability,Cell-essential and growth restrictive genes,bidirectional,bidirectional,Knockout,Lymphoma or Leukaemia Cell Line,SU-DHL-4,2834,2019,Panea RI (2019),31558468,5.55926513671875,-1.0636801719665527,8.085025787353516,6.168463706970215
1313,U_2366_inc,U_2366_inc (forward),Forward,False,Train,circle,increase cell proliferation in SU-DHL-4 cells,Fitness / Proliferation / Viability,Cell-essential and growth restrictive genes,bidirectional,bidirectional,Knockout,Lymphoma or Leukaemia Cell Line,SU-DHL-4,2834,2019,Panea RI (2019),31558468,4.8316569328308105,5.145779609680176,11.1329984664917,11.250601768493652
1314,U_2366_merged,U_2366_merged (forward),Forward,False,Train,circle,either increases or decreases cell proliferation in SU-DHL-4 cells,Fitness / Proliferation / Viability,Cell-essential and growth restrictive genes,Positive and Negative Selection,bidirectional,Knockout,Lymphoma or Leukaemia Cell Line,SU-DHL-4,2834,2019,Panea RI (2019),31558468,5.529564380645752,-1.0726693868637085,8.027636528015137,6.186230182647705
1315,U_2367_dec,U_2367_dec (forward),Forward,False,Train,circle,decrease HBL-1 cell proliferation,Fitness / Proliferation / Viability,Cell-essential and growth restrictive genes,bidirectional,bidirectional,Knockout,Diffuse Large B-cell Lymphoma Cell,HBL-1,2834,2019,Panea RI (2019),31558468,5.4584574699401855,-1.139665961265564,7.969314098358154,6.174581527709961
1316,U_2367_inc,U_2367_inc (forward),Forward,False,Train,circle,increase HBL-1 cell proliferation,Fitness / Proliferation / Viability,Cell-essential and growth restrictive genes,bidirectional,bidirectional,Knockout,Diffuse Large B-cell Lymphoma Cell,HBL-1,2834,2019,Panea RI (2019),31558468,5.10516357421875,5.1940693855285645,10.778077125549316,11.051858901977539
1317,U_2367_merged,U_2367_merged (forward),Forward,False,Train,circle,either increases or decreases HBL-1 cell proliferation,Fitness / Proliferation / Viability,Cell-essential and growth restrictive genes,Positive and Negative Selection,bidirectional,Knockout,Diffuse Large B-cell Lymphoma Cell,HBL-1,2834,2019,Panea RI (2019),31558468,5.521140098571777,-1.0880353450775146,7.963429927825928,6.254763126373291
1318,2370,2370 (forward),Forward,False,Train,circle,increases the proportion of EBV latency III cells (ICAM-1high/CD10low),Host-Pathogen / Infection Response,Suppression of EBV latency III phase,Phenotype Screen,unidirectional,Knockout,Burkitt Lymphoma Cell Line,Mutu-1,5167,2020,Guo R (2020),32424339,5.545820713043213,4.224491119384766,11.048823356628418,11.223179817199707
1319,2371,2371 (forward),Forward,False,Train,circle,increases accumulation of EBV latency III surface marker proteins (ICAM-1/CD10),Host-Pathogen / Infection Response,Suppression of EBV latency III phase,Phenotype Screen,unidirectional,Knockout,Burkitt Lymphoma Cell Line,Mutu-1,5273,2020,Guo R (2020),32424339,5.608845233917236,4.159207820892334,11.203028678894043,11.138562202453613
1320,2374,2374 (forward),Forward,False,Train,circle,decreases cell viability,Fitness / Proliferation / Viability,Cell-essential genes,Negative Selection,unidirectional,Knockout,Chronic Myelogenous Leukemia Cell Line,HAP-1,20471,2020,Lau MT (2020),32028983,5.374724388122559,-0.7324821352958679,8.283769607543945,6.397754669189453
1321,2375,2375 (forward),Forward,False,Train,circle,increases drug resistance as measured by decreased cytotoxicity to anti-cancer drugs,Drug / Chemical / Environmental Response,Increased resistance to drug,Positive Selection,unidirectional,Knockout,Chronic Myelogenous Leukemia Cell Line,HAP-1,20456,2020,Lau MT (2020),32028983,4.136026859283447,4.324310302734375,10.549837112426758,10.49278736114502
1322,2376,2376 (forward),Forward,False,Train,circle,increases resistance to anti-cancer drugs (reduced drug cytotoxicity),Drug / Chemical / Environmental Response,Increased resistance to drug,Positive Selection,unidirectional,Knockout,Chronic Myelogenous Leukemia Cell Line,HAP-1,20470,2020,Lau MT (2020),32028983,4.192258358001709,4.441662788391113,11.229002952575684,10.614394187927246
1323,2377,2377 (forward),Forward,False,Train,circle,increases resistance to anti-cancer drugs as measured by reduced drug-induced cytotoxicity,Drug / Chemical / Environmental Response,Increased resistance to drug,Positive Selection,unidirectional,Knockout,Chronic Myelogenous Leukemia Cell Line,HAP-1,20469,2020,Lau MT (2020),32028983,3.7123513221740723,4.70283842086792,10.59581184387207,11.37235164642334
1324,2378,2378 (forward),Forward,False,Train,circle,increases resistance to anti-cancer drugs as measured by increased cell survival under drug treatment,Drug / Chemical / Environmental Response,Increased resistance to drug,Positive Selection,unidirectional,Knockout,Chronic Myelogenous Leukemia Cell Line,HAP-1,20468,2020,Lau MT (2020),32028983,3.8488497734069824,4.933076858520508,10.615619659423828,11.397250175476074
1325,2379,2379 (forward),Forward,False,Train,circle,increases resistance to anti-cancer drugs,Drug / Chemical / Environmental Response,Increased resistance to drug,Positive Selection,unidirectional,Knockout,Chronic Myelogenous Leukemia Cell Line,HAP-1,20467,2020,Lau MT (2020),32028983,3.8220345973968506,5.292598247528076,10.509947776794434,11.678937911987305
1326,2380,2380 (forward),Forward,False,Train,circle,increases resistance to anti-cancer drug-induced cytotoxicity,Drug / Chemical / Environmental Response,Increased resistance to drug,Positive Selection,unidirectional,Knockout,Chronic Myelogenous Leukemia Cell Line,HAP-1,20470,2020,Lau MT (2020),32028983,4.879438400268555,5.509854793548584,10.986979484558105,11.728062629699707
1327,2381,2381 (forward),Forward,False,Train,circle,increases drug resistance as measured by increased cell survival (decreased cytotoxicity) under anti-cancer drug treatment,Drug / Chemical / Environmental Response,Increased resistance to drug,Positive Selection,unidirectional,Knockout,Chronic Myelogenous Leukemia Cell Line,HAP-1,20464,2020,Lau MT (2020),32028983,4.958578586578369,5.567920207977295,11.03915786743164,11.719425201416016
1328,2382,2382 (forward),Forward,False,Train,circle,increases resistance to anti-cancer drugs,Drug / Chemical / Environmental Response,Increased resistance to drug,Positive Selection,unidirectional,Knockout,Chronic Myelogenous Leukemia Cell Line,HAP-1,20468,2020,Lau MT (2020),32028983,4.152987957000732,4.920548915863037,10.809222221374512,10.642389297485352
1329,2384,2384 (forward),Forward,False,Train,circle,increases drug resistance as measured by decreased cytotoxicity to anti-cancer drugs,Drug / Chemical / Environmental Response,Increased resistance to drug,Positive Selection,unidirectional,Knockout,Chronic Myelogenous Leukemia Cell Line,HAP-1,20469,2020,Lau MT (2020),32028983,3.7499794960021973,4.761904239654541,10.600523948669434,11.37440299987793
1330,2385,2385 (forward),Forward,False,Train,circle,increases resistance to anti-cancer drugs as measured by decreased drug-induced cytotoxicity,Drug / Chemical / Environmental Response,Increased resistance to drug,Positive Selection,unidirectional,Knockout,Chronic Myelogenous Leukemia Cell Line,HAP-1,20467,2020,Lau MT (2020),32028983,4.363173484802246,5.631961822509766,11.275128364562988,10.642020225524902
1331,2386,2386 (forward),Forward,False,Train,circle,increases drug resistance as measured by decreased drug-induced cytotoxicity,Drug / Chemical / Environmental Response,Increased resistance to drug,Positive Selection,unidirectional,Knockout,Chronic Myelogenous Leukemia Cell Line,HAP-1,20467,2020,Lau MT (2020),32028983,4.457546710968018,4.739974498748779,10.69290828704834,10.337608337402344
1332,2387,2387 (forward),Forward,False,Train,circle,increases resistance to anti-cancer drugs as measured by decreased drug-induced cytotoxicity,Drug / Chemical / Environmental Response,Increased resistance to drug,Positive Selection,unidirectional,Knockout,Chronic Myelogenous Leukemia Cell Line,HAP-1,20470,2020,Lau MT (2020),32028983,4.605915069580078,3.8476150035858154,10.773233413696289,11.504509925842285
1333,2388,2388 (forward),Forward,False,Train,circle,increases resistance to anti-cancer drugs by reducing drug-induced cytotoxicity,Drug / Chemical / Environmental Response,Increased resistance to drug,Positive Selection,unidirectional,Knockout,Chronic Myelogenous Leukemia Cell Line,HAP-1,20466,2020,Lau MT (2020),32028983,4.626112937927246,3.869253635406494,10.784200668334961,11.488127708435059
1334,2389,2389 (forward),Forward,False,Train,circle,increases drug resistance to anti-cancer drugs as measured by decreased cytotoxicity,Drug / Chemical / Environmental Response,Increased resistance to drug,Positive Selection,unidirectional,Knockout,Chronic Myelogenous Leukemia Cell Line,HAP-1,20466,2020,Lau MT (2020),32028983,4.609765529632568,3.8028531074523926,10.729292869567871,11.394174575805664
1335,2390,2390 (forward),Forward,False,Train,circle,increases resistance to anti-cancer drugs,Drug / Chemical / Environmental Response,Increased resistance to drug,Positive Selection,unidirectional,Knockout,Chronic Myelogenous Leukemia Cell Line,HAP-1,20465,2020,Lau MT (2020),32028983,3.9294073581695557,4.147781848907471,10.715778350830078,11.265644073486328
1336,2394,2394 (forward),Forward,False,Train,circle,increases resistance to anti-cancer drugs,Drug / Chemical / Environmental Response,Increased resistance to drug,Positive Selection,unidirectional,Knockout,Chronic Myelogenous Leukemia Cell Line,HAP-1,20456,2020,Lau MT (2020),32028983,4.298150539398193,4.5558037757873535,10.845510482788086,10.746439933776855
1337,2395,2395 (forward),Forward,False,Train,circle,increases resistance to anti-cancer drugs as measured by reduced drug-induced cytotoxicity,Drug / Chemical / Environmental Response,Increased resistance to drug,Positive Selection,unidirectional,Knockout,Chronic Myelogenous Leukemia Cell Line,HAP-1,20456,2020,Lau MT (2020),32028983,4.050148010253906,5.488157749176025,10.504633903503418,11.6986665725708
1338,2397,2397 (forward),Forward,False,Train,circle,increases drug resistance as measured by decreased cytotoxic response to anti-cancer drugs,Drug / Chemical / Environmental Response,Increased resistance to drug,Positive Selection,unidirectional,Knockout,Chronic Myelogenous Leukemia Cell Line,HAP-1,20462,2020,Lau MT (2020),32028983,4.126323223114014,5.591857433319092,10.444684028625488,11.763152122497559
1339,2398,2398 (forward),Forward,False,Train,circle,increases drug resistance as measured by decreased drug-induced cytotoxicity,Drug / Chemical / Environmental Response,Increased resistance to drug,Positive Selection,unidirectional,Knockout,Chronic Myelogenous Leukemia Cell Line,HAP-1,20456,2020,Lau MT (2020),32028983,4.092031478881836,5.628047943115234,10.457341194152832,11.772817611694336
1340,2401,2401 (forward),Forward,False,Train,circle,increases resistance to anti-cancer drugs as measured by decreased drug-induced cytotoxicity,Drug / Chemical / Environmental Response,Increased resistance to drug,Positive Selection,unidirectional,Knockout,Chronic Myelogenous Leukemia Cell Line,HAP-1,20469,2020,Lau MT (2020),32028983,3.9813060760498047,4.669673442840576,10.74065113067627,11.213549613952637
1341,2440,2440 (forward),Forward,False,Train,circle,impacts response to chemicals,Drug / Chemical / Environmental Response,Increased/decreased drug resistance,Positive and Negative Selection,recovered_bidirectional,Knockout,Embryonic Kidney Cell Line,HEK293-A,17373,2019,Wang C (2019),30532030,4.579250335693359,2.9141268730163574,10.403984069824219,10.304662704467773
1342,2441,2441 (forward),Forward,False,Train,circle,impacts response to chemicals,Drug / Chemical / Environmental Response,Increased/decreased drug resistance,Positive and Negative Selection,recovered_bidirectional,Knockout,Colorectal Cancer Cell Line,HCT 116,17308,2019,Wang C (2019),30532030,3.7545626163482666,-3.639794111251831,1.5580676794052124,8.851377487182617
1343,2442,2442 (forward),Forward,False,Train,circle,impacts response to chemicals,Drug / Chemical / Environmental Response,Increased/decreased drug resistance,Positive and Negative Selection,recovered_bidirectional,Knockout,Mammary Epithelial Cell Line,MCF-10A,17644,2019,Wang C (2019),30532030,4.7387919425964355,2.3376071453094482,10.121818542480469,9.8732271194458
1344,TR_71_72,TR_71_72 (forward),Forward,False,Train,circle,decreases cell proliferation,Fitness / Proliferation / Viability,Cell-essential genes,Negative Selection,unidirectional,Knockout,Acute Myeloid Leukemia Cell Line,NB4,18580,2017,Wang T (2017),28162770,4.640106678009033,-0.20375670492649078,8.319207191467285,7.86978006362915
1345,TR_796_797,TR_796_797 (forward),Forward,False,Train,circle,decreases cell proliferation,Fitness / Proliferation / Viability,Cell-essential genes,Negative Selection,unidirectional,Knockout,Colonic Adenocarcinoma Cell Line,HT-29,17956,2019,Behan FM (2019),30971826,-5.69203519821167,-5.161232948303223,12.746659278869629,-3.7822728157043457
1346,TR_1082_1083,TR_1082_1083 (forward),Forward,False,Train,circle,impacts cell proliferation,Drug / Chemical / Environmental Response,Cancer cell response to natural killer cells,Positive and Negative Selection,recovered_bidirectional,Knockout,Chronic Myeloid Leukemia Cell Line,K-562,20504,2019,Zhuang X (2019),31921143,3.4358043670654297,3.7701094150543213,10.721452713012695,10.4039306640625
1347,TR_1209_1210,TR_1209_1210 (forward),Forward,False,Train,circle,increases resistance to Zika virus as measured by increased cell proliferation,Host-Pathogen / Infection Response,Activation increases resistance to the virus,Positive Selection,unidirectional,Activation,Hepatoma Cell Line,HuH-7,18109,2019,Dukhovny A (2019),31142663,4.2365851402282715,4.464940547943115,10.531943321228027,10.94081974029541
1348,U_TR_1326_1327_dec,U_TR_1326_1327_dec (forward),Forward,False,Train,circle,decrease drug resistance,Drug / Chemical / Environmental Response,Increased/decreased drug resistance,bidirectional,bidirectional,Knockout,Retinal Pigment Epithelium Cell Line,hTERT-RPE1,17173,2020,Olivieri M (2020),32649862,3.975214719772339,2.5907652378082275,11.43447494506836,9.068037986755371
1349,1454,1454 (forward),Forward,False,Validation,square,impacts response to chemicals,Drug / Chemical / Environmental Response,Increased/decreased resistance to oxidative stress,Positive and Negative Selection,recovered_bidirectional,Knockout,Embryonic Kidney Cell Line,HEK-293,13920,2021,Li H (2021),33110234,4.548996925354004,4.839868068695068,10.916327789677638,10.882966970658007
1350,U_1471_dec,U_1471_dec (forward),Forward,False,Validation,square,decrease resistance to the specified drug,Drug / Chemical / Environmental Response,Increased/decreased drug resistance,bidirectional,bidirectional,Knockout,Chronic Myelogenous Leukemia Cell Line,HAP-1,681,2021,Hundley FV (2021),33539788,6.8115363121032715,3.9682133197784424,10.986013341746318,10.845223643359455
1351,U_1471_inc,U_1471_inc (forward),Forward,False,Validation,square,increase resistance to the specified drug,Drug / Chemical / Environmental Response,Increased/decreased drug resistance,bidirectional,bidirectional,Knockout,Chronic Myelogenous Leukemia Cell Line,HAP-1,681,2021,Hundley FV (2021),33539788,6.098551273345947,3.6621015071868896,10.622003854354542,10.52830614907807
1352,U_1471_merged,U_1471_merged (forward),Forward,False,Validation,square,either increases or decreases resistance to the specified drug,Drug / Chemical / Environmental Response,Increased/decreased drug resistance,Positive and Negative Selection,bidirectional,Knockout,Chronic Myelogenous Leukemia Cell Line,HAP-1,681,2021,Hundley FV (2021),33539788,6.601842403411865,3.811617612838745,10.983538760985176,10.847961404322943
1353,U_1472_dec,U_1472_dec (forward),Forward,False,Validation,square,decrease drug resistance to the specified drug,Drug / Chemical / Environmental Response,Increased/decreased drug resistance,bidirectional,bidirectional,Knockout,Chronic Myelogenous Leukemia Cell Line,HAP-1,681,2021,Hundley FV (2021),33539788,6.789031505584717,3.986375331878662,10.985817599948945,10.843328196557952
1354,U_1472_inc,U_1472_inc (forward),Forward,False,Validation,square,increase drug resistance to the specified drug,Drug / Chemical / Environmental Response,Increased/decreased drug resistance,bidirectional,bidirectional,Knockout,Chronic Myelogenous Leukemia Cell Line,HAP-1,681,2021,Hundley FV (2021),33539788,6.299693584442139,3.6695523262023926,10.961262149733187,10.829186305621144
1355,U_1472_merged,U_1472_merged (forward),Forward,False,Validation,square,either increases or decreases drug resistance to the specified drug,Drug / Chemical / Environmental Response,Increased/decreased drug resistance,Positive and Negative Selection,bidirectional,Knockout,Chronic Myelogenous Leukemia Cell Line,HAP-1,681,2021,Hundley FV (2021),33539788,6.521586894989014,3.8077609539031982,10.960377596959614,10.826570411139048
1356,U_1473_dec,U_1473_dec (forward),Forward,False,Validation,square,decrease resistance to the specified drug,Drug / Chemical / Environmental Response,Increased/decreased drug resistance,bidirectional,bidirectional,Knockout,Chronic Myelogenous Leukemia Cell Line,HAP-1,681,2021,Hundley FV (2021),33539788,6.728574275970459,4.008230686187744,10.988691932388127,10.842212297564384
1357,U_1473_inc,U_1473_inc (forward),Forward,False,Validation,square,increase resistance to the specified drug,Drug / Chemical / Environmental Response,Increased/decreased drug resistance,bidirectional,bidirectional,Knockout,Chronic Myelogenous Leukemia Cell Line,HAP-1,681,2021,Hundley FV (2021),33539788,6.257369518280029,3.6536855697631836,10.727151880951595,10.458663068568114
1358,U_1473_merged,U_1473_merged (forward),Forward,False,Validation,square,either increases or decreases resistance to the specified drug,Drug / Chemical / Environmental Response,Increased/decreased drug resistance,Positive and Negative Selection,bidirectional,Knockout,Chronic Myelogenous Leukemia Cell Line,HAP-1,681,2021,Hundley FV (2021),33539788,6.427028656005859,3.6997976303100586,10.94717733671329,10.808745118644715
1359,U_1474_dec,U_1474_dec (forward),Forward,False,Validation,square,decrease resistance to the specified drug,Drug / Chemical / Environmental Response,Increased/decreased drug resistance,bidirectional,bidirectional,Knockout,Chronic Myelogenous Leukemia Cell Line,HAP-1,681,2021,Hundley FV (2021),33539788,6.751265048980713,3.9763896465301514,10.964429685236205,10.82088155771785
1360,U_1474_inc,U_1474_inc (forward),Forward,False,Validation,square,increase resistance to the specified drug,Drug / Chemical / Environmental Response,Increased/decreased drug resistance,bidirectional,bidirectional,Knockout,Chronic Myelogenous Leukemia Cell Line,HAP-1,681,2021,Hundley FV (2021),33539788,5.6902666091918945,4.039638042449951,10.961608760189696,10.626296836183274
1361,U_1474_merged,U_1474_merged (forward),Forward,False,Validation,square,either increases or decreases resistance to the specified drug,Drug / Chemical / Environmental Response,Increased/decreased drug resistance,Positive and Negative Selection,bidirectional,Knockout,Chronic Myelogenous Leukemia Cell Line,HAP-1,681,2021,Hundley FV (2021),33539788,6.715851306915283,3.9239745140075684,10.962855248443793,10.822798577961228
1362,U_1475_dec,U_1475_dec (forward),Forward,False,Validation,square,decrease resistance to the specified drug,Drug / Chemical / Environmental Response,Increased/decreased drug resistance,bidirectional,bidirectional,Knockout,Chronic Myelogenous Leukemia Cell Line,HAP-1,681,2021,Hundley FV (2021),33539788,4.335269451141357,2.8494017124176025,11.06451688780529,10.310163072153902
1363,U_1475_inc,U_1475_inc (forward),Forward,False,Validation,square,increase resistance to the specified drug,Drug / Chemical / Environmental Response,Increased/decreased drug resistance,bidirectional,bidirectional,Knockout,Chronic Myelogenous Leukemia Cell Line,HAP-1,681,2021,Hundley FV (2021),33539788,6.854927062988281,3.985524892807007,11.101121836269217,8.705924092121322
1364,U_1475_merged,U_1475_merged (forward),Forward,False,Validation,square,either increases or decreases resistance to the specified drug,Drug / Chemical / Environmental Response,Increased/decreased drug resistance,Positive and Negative Selection,bidirectional,Knockout,Chronic Myelogenous Leukemia Cell Line,HAP-1,681,2021,Hundley FV (2021),33539788,4.383724689483643,2.7895689010620117,11.028220711672278,10.479864832014337
1365,U_1476_dec,U_1476_dec (forward),Forward,False,Validation,square,decrease resistance to the specified DNA-damaging drug,Drug / Chemical / Environmental Response,Increased/decreased drug resistance,bidirectional,bidirectional,Knockout,Chronic Myelogenous Leukemia Cell Line,HAP-1,681,2021,Hundley FV (2021),33539788,5.228950500488281,3.0452637672424316,10.901935974958388,10.781445033982301
1366,U_1476_inc,U_1476_inc (forward),Forward,False,Validation,square,increase resistance to the specified DNA-damaging drug,Drug / Chemical / Environmental Response,Increased/decreased drug resistance,bidirectional,bidirectional,Knockout,Chronic Myelogenous Leukemia Cell Line,HAP-1,681,2021,Hundley FV (2021),33539788,4.843194484710693,4.237212181091309,10.896436874579122,10.849611210927417
1367,U_1476_merged,U_1476_merged (forward),Forward,False,Validation,square,either increases or decreases resistance to the specified DNA-damaging drug,Drug / Chemical / Environmental Response,Increased/decreased drug resistance,Positive and Negative Selection,bidirectional,Knockout,Chronic Myelogenous Leukemia Cell Line,HAP-1,681,2021,Hundley FV (2021),33539788,5.4545183181762695,3.0223751068115234,10.899945541620424,10.778206843959515
1368,U_1477_dec,U_1477_dec (forward),Forward,False,Validation,square,decrease drug resistance to the specified drug,Drug / Chemical / Environmental Response,Increased/decreased drug resistance,bidirectional,bidirectional,Knockout,Chronic Myelogenous Leukemia Cell Line,HAP-1,681,2021,Hundley FV (2021),33539788,4.140255928039551,2.649634599685669,11.217879670393547,9.317570419528215
1369,U_1478_dec,U_1478_dec (forward),Forward,False,Validation,square,decrease resistance to the specified drug,Drug / Chemical / Environmental Response,Increased/decreased drug resistance,bidirectional,bidirectional,Knockout,Chronic Myelogenous Leukemia Cell Line,HAP-1,681,2021,Hundley FV (2021),33539788,4.159809589385986,3.061378002166748,10.864834241864063,9.896011783811515
1370,U_1491_dec,U_1491_dec (forward),Forward,False,Validation,square,decrease drug resistance to the specified drug,Drug / Chemical / Environmental Response,Increased/decreased drug resistance,bidirectional,bidirectional,Knockout,Chronic Myelogenous Leukemia Cell Line,HAP-1,681,2021,Hundley FV (2021),33539788,5.353982448577881,3.6690170764923096,10.98413159448219,10.849808147553885
1371,U_1491_inc,U_1491_inc (forward),Forward,False,Validation,square,increase drug resistance to the specified drug,Drug / Chemical / Environmental Response,Increased/decreased drug resistance,bidirectional,bidirectional,Knockout,Chronic Myelogenous Leukemia Cell Line,HAP-1,681,2021,Hundley FV (2021),33539788,5.820666313171387,3.9148359298706055,11.213235970975216,9.542764137346966
1372,U_1491_merged,U_1491_merged (forward),Forward,False,Validation,square,either increases or decreases drug resistance to the specified drug,Drug / Chemical / Environmental Response,Increased/decreased drug resistance,Positive and Negative Selection,bidirectional,Knockout,Chronic Myelogenous Leukemia Cell Line,HAP-1,681,2021,Hundley FV (2021),33539788,5.682785987854004,3.5902259349823,10.947829835115405,10.83170723716431
1373,U_1492_dec,U_1492_dec (forward),Forward,False,Validation,square,decrease drug resistance to the specified drug,Drug / Chemical / Environmental Response,Increased/decreased drug resistance,bidirectional,bidirectional,Knockout,Chronic Myelogenous Leukemia Cell Line,HAP-1,681,2021,Hundley FV (2021),33539788,5.789755821228027,3.8068315982818604,10.948348781498142,10.829691056197017
1374,U_1492_inc,U_1492_inc (forward),Forward,False,Validation,square,increase drug resistance to the specified drug,Drug / Chemical / Environmental Response,Increased/decreased drug resistance,bidirectional,bidirectional,Knockout,Chronic Myelogenous Leukemia Cell Line,HAP-1,681,2021,Hundley FV (2021),33539788,6.846553802490234,3.9225106239318848,10.919206599236542,10.811720967244579
1375,U_1492_merged,U_1492_merged (forward),Forward,False,Validation,square,either increases or decreases drug resistance to the specified drug,Drug / Chemical / Environmental Response,Increased/decreased drug resistance,Positive and Negative Selection,bidirectional,Knockout,Chronic Myelogenous Leukemia Cell Line,HAP-1,681,2021,Hundley FV (2021),33539788,6.778046607971191,3.9194273948669434,10.953465497050011,10.764358828723235
1376,U_1493_dec,U_1493_dec (forward),Forward,False,Validation,square,decrease drug resistance to the specified drug,Drug / Chemical / Environmental Response,Increased/decreased drug resistance,bidirectional,bidirectional,Knockout,Chronic Myelogenous Leukemia Cell Line,HAP-1,681,2021,Hundley FV (2021),33539788,6.854663372039795,3.9355781078338623,10.970891772365034,10.849861956526253
1377,U_1493_inc,U_1493_inc (forward),Forward,False,Validation,square,increase drug resistance to the specified drug,Drug / Chemical / Environmental Response,Increased/decreased drug resistance,bidirectional,bidirectional,Knockout,Chronic Myelogenous Leukemia Cell Line,HAP-1,681,2021,Hundley FV (2021),33539788,4.875657081604004,3.287801742553711,11.407956274342082,7.504147312752165
1378,U_1493_merged,U_1493_merged (forward),Forward,False,Validation,square,either increases or decreases drug resistance to the specified drug,Drug / Chemical / Environmental Response,Increased/decreased drug resistance,Positive and Negative Selection,bidirectional,Knockout,Chronic Myelogenous Leukemia Cell Line,HAP-1,681,2021,Hundley FV (2021),33539788,6.859968662261963,3.9385969638824463,10.973184201846706,10.849918774998834
1379,U_1494_dec,U_1494_dec (forward),Forward,False,Validation,square,decrease resistance to the specified drug,Drug / Chemical / Environmental Response,Increased/decreased drug resistance,bidirectional,bidirectional,Knockout,Chronic Myelogenous Leukemia Cell Line,HAP-1,681,2021,Hundley FV (2021),33539788,5.21557092666626,5.972050189971924,11.35545169146277,11.399678089483404
1380,U_1494_inc,U_1494_inc (forward),Forward,False,Validation,square,increase resistance to the specified drug,Drug / Chemical / Environmental Response,Increased/decreased drug resistance,bidirectional,bidirectional,Knockout,Chronic Myelogenous Leukemia Cell Line,HAP-1,681,2021,Hundley FV (2021),33539788,6.852155685424805,3.974418878555298,11.702118331501254,3.0742556443788533
1381,U_1494_merged,U_1494_merged (forward),Forward,False,Validation,square,either increases or decreases resistance to the specified drug,Drug / Chemical / Environmental Response,Increased/decreased drug resistance,Positive and Negative Selection,bidirectional,Knockout,Chronic Myelogenous Leukemia Cell Line,HAP-1,681,2021,Hundley FV (2021),33539788,6.860256671905518,3.9782776832580566,10.729930005622991,10.3168362695848
1382,U_1495_dec,U_1495_dec (forward),Forward,False,Validation,square,decrease resistance to the specified drug,Drug / Chemical / Environmental Response,Increased/decreased drug resistance,bidirectional,bidirectional,Knockout,Chronic Myelogenous Leukemia Cell Line,HAP-1,681,2021,Hundley FV (2021),33539788,5.663291931152344,3.1074466705322266,10.886286077339616,10.788028154622873
1383,U_1495_inc,U_1495_inc (forward),Forward,False,Validation,square,increase resistance to the specified drug,Drug / Chemical / Environmental Response,Increased/decreased drug resistance,bidirectional,bidirectional,Knockout,Chronic Myelogenous Leukemia Cell Line,HAP-1,681,2021,Hundley FV (2021),33539788,6.430688858032227,4.416285514831543,10.950288886883081,10.800689247880292
1384,U_1495_merged,U_1495_merged (forward),Forward,False,Validation,square,either increases or decreases resistance to the specified drug,Drug / Chemical / Environmental Response,Increased/decreased drug resistance,Positive and Negative Selection,bidirectional,Knockout,Chronic Myelogenous Leukemia Cell Line,HAP-1,681,2021,Hundley FV (2021),33539788,5.673741340637207,3.1037421226501465,10.849069026577581,10.78186814932511
1385,U_1496_dec,U_1496_dec (forward),Forward,False,Validation,square,decrease resistance to the specified drug,Drug / Chemical / Environmental Response,Increased/decreased drug resistance,bidirectional,bidirectional,Knockout,Chronic Myelogenous Leukemia Cell Line,HAP-1,681,2021,Hundley FV (2021),33539788,5.6938157081604,3.105081558227539,11.127121291609178,9.51712794115166
1386,U_1496_inc,U_1496_inc (forward),Forward,False,Validation,square,increase resistance to the specified drug,Drug / Chemical / Environmental Response,Increased/decreased drug resistance,bidirectional,bidirectional,Knockout,Chronic Myelogenous Leukemia Cell Line,HAP-1,681,2021,Hundley FV (2021),33539788,6.318411827087402,4.442331790924072,11.021391327967127,10.794481255719123
1387,U_1496_merged,U_1496_merged (forward),Forward,False,Validation,square,either increases or decreases resistance to the specified drug,Drug / Chemical / Environmental Response,Increased/decreased drug resistance,Positive and Negative Selection,bidirectional,Knockout,Chronic Myelogenous Leukemia Cell Line,HAP-1,681,2021,Hundley FV (2021),33539788,5.717195510864258,3.1012380123138428,10.89487343969312,10.716917131811044
1388,U_1497_dec,U_1497_dec (forward),Forward,False,Validation,square,decrease drug resistance,Drug / Chemical / Environmental Response,Increased/decreased drug resistance,bidirectional,bidirectional,Knockout,Chronic Myelogenous Leukemia Cell Line,HAP-1,681,2021,Hundley FV (2021),33539788,5.665369510650635,3.2021219730377197,10.491829216889752,10.50279746745927
1389,U_1497_inc,U_1497_inc (forward),Forward,False,Validation,square,increase drug resistance,Drug / Chemical / Environmental Response,Increased/decreased drug resistance,bidirectional,bidirectional,Knockout,Chronic Myelogenous Leukemia Cell Line,HAP-1,681,2021,Hundley FV (2021),33539788,6.325286865234375,4.426002502441406,10.941721735102208,10.769555057819757
1390,U_1497_merged,U_1497_merged (forward),Forward,False,Validation,square,either increases or decreases drug resistance,Drug / Chemical / Environmental Response,Increased/decreased drug resistance,Positive and Negative Selection,bidirectional,Knockout,Chronic Myelogenous Leukemia Cell Line,HAP-1,681,2021,Hundley FV (2021),33539788,5.7119550704956055,3.156559944152832,10.924047159916897,10.803159172225113
1391,U_1498_dec,U_1498_dec (forward),Forward,False,Validation,square,decrease resistance to the specified drug,Drug / Chemical / Environmental Response,Increased/decreased drug resistance,bidirectional,bidirectional,Knockout,Chronic Myelogenous Leukemia Cell Line,HAP-1,681,2021,Hundley FV (2021),33539788,4.3895487785339355,3.474191427230835,10.329189468854866,9.997037209400336
1392,U_1499_dec,U_1499_dec (forward),Forward,False,Validation,square,decrease resistance to the specified drug,Drug / Chemical / Environmental Response,Increased/decreased drug resistance,bidirectional,bidirectional,Knockout,Chronic Myelogenous Leukemia Cell Line,HAP-1,681,2021,Hundley FV (2021),33539788,4.3502278327941895,4.578393459320068,10.984034072029562,10.849509081396763
1393,U_1500_dec,U_1500_dec (forward),Forward,False,Validation,square,decrease resistance to the specified drug,Drug / Chemical / Environmental Response,Increased/decreased drug resistance,bidirectional,bidirectional,Knockout,Chronic Myelogenous Leukemia Cell Line,HAP-1,681,2021,Hundley FV (2021),33539788,5.682468891143799,3.164036273956299,10.92017839032707,10.803219442281785
1394,U_1500_inc,U_1500_inc (forward),Forward,False,Validation,square,increase resistance to the specified drug,Drug / Chemical / Environmental Response,Increased/decreased drug resistance,bidirectional,bidirectional,Knockout,Chronic Myelogenous Leukemia Cell Line,HAP-1,681,2021,Hundley FV (2021),33539788,6.394163608551025,4.443638324737549,10.992365023084545,10.858649458687433
1395,U_1500_merged,U_1500_merged (forward),Forward,False,Validation,square,either increases or decreases resistance to the specified drug,Drug / Chemical / Environmental Response,Increased/decreased drug resistance,Positive and Negative Selection,bidirectional,Knockout,Chronic Myelogenous Leukemia Cell Line,HAP-1,681,2021,Hundley FV (2021),33539788,5.726856231689453,3.1319429874420166,10.923431246922787,10.804217738286155
1396,U_1501_dec,U_1501_dec (forward),Forward,False,Validation,square,decrease resistance to the specified drug,Drug / Chemical / Environmental Response,Increased/decreased drug resistance,bidirectional,bidirectional,Knockout,Chronic Myelogenous Leukemia Cell Line,HAP-1,681,2021,Hundley FV (2021),33539788,6.151075839996338,4.109608173370361,10.609199895654905,10.2565682912079
1397,U_1501_inc,U_1501_inc (forward),Forward,False,Validation,square,increase resistance to the specified drug,Drug / Chemical / Environmental Response,Increased/decreased drug resistance,bidirectional,bidirectional,Knockout,Chronic Myelogenous Leukemia Cell Line,HAP-1,681,2021,Hundley FV (2021),33539788,4.509856224060059,4.571389198303223,10.973856676982047,10.817398778410809
1398,U_1501_merged,U_1501_merged (forward),Forward,False,Validation,square,either increases or decreases resistance to the specified drug,Drug / Chemical / Environmental Response,Increased/decreased drug resistance,Positive and Negative Selection,bidirectional,Knockout,Chronic Myelogenous Leukemia Cell Line,HAP-1,681,2021,Hundley FV (2021),33539788,6.249486446380615,4.07280969619751,10.96040444847608,10.502363088277686
1399,U_1502_dec,U_1502_dec (forward),Forward,False,Validation,square,decrease resistance to the specified drug,Drug / Chemical / Environmental Response,Increased/decreased drug resistance,bidirectional,bidirectional,Knockout,Chronic Myelogenous Leukemia Cell Line,HAP-1,681,2021,Hundley FV (2021),33539788,5.485171318054199,3.0673999786376953,10.799828551825836,10.785920939619713
1400,U_1502_inc,U_1502_inc (forward),Forward,False,Validation,square,increase resistance to the specified drug,Drug / Chemical / Environmental Response,Increased/decreased drug resistance,bidirectional,bidirectional,Knockout,Chronic Myelogenous Leukemia Cell Line,HAP-1,681,2021,Hundley FV (2021),33539788,3.2778232097625732,3.735477924346924,7.756996082075643,9.217763121655736
1401,U_1502_merged,U_1502_merged (forward),Forward,False,Validation,square,either increases or decreases resistance to the specified drug,Drug / Chemical / Environmental Response,Increased/decreased drug resistance,Positive and Negative Selection,bidirectional,Knockout,Chronic Myelogenous Leukemia Cell Line,HAP-1,681,2021,Hundley FV (2021),33539788,5.457759857177734,3.114166498184204,10.910302973837592,10.852850457130762
1402,U_1503_dec,U_1503_dec (forward),Forward,False,Validation,square,decrease resistance to the specified drug,Drug / Chemical / Environmental Response,Increased/decreased drug resistance,bidirectional,bidirectional,Knockout,Chronic Myelogenous Leukemia Cell Line,HAP-1,681,2021,Hundley FV (2021),33539788,5.417867660522461,5.153169631958008,10.958516902664275,10.906236638031583
1403,U_1503_inc,U_1503_inc (forward),Forward,False,Validation,square,increase resistance to the specified drug,Drug / Chemical / Environmental Response,Increased/decreased drug resistance,bidirectional,bidirectional,Knockout,Chronic Myelogenous Leukemia Cell Line,HAP-1,681,2021,Hundley FV (2021),33539788,5.5303568840026855,4.798575401306152,10.988815759933965,10.808862287654136
1404,U_1503_merged,U_1503_merged (forward),Forward,False,Validation,square,either increases or decreases resistance to the specified drug,Drug / Chemical / Environmental Response,Increased/decreased drug resistance,Positive and Negative Selection,bidirectional,Knockout,Chronic Myelogenous Leukemia Cell Line,HAP-1,681,2021,Hundley FV (2021),33539788,5.550726890563965,5.0199971199035645,10.884654938417913,10.79932484681976
1405,U_1504_dec,U_1504_dec (forward),Forward,False,Validation,square,decrease resistance to the specified drug,Drug / Chemical / Environmental Response,Increased/decreased drug resistance,bidirectional,bidirectional,Knockout,Chronic Myelogenous Leukemia Cell Line,HAP-1,681,2021,Hundley FV (2021),33539788,5.198390960693359,2.7987420558929443,10.9042384580014,10.86690970288455
1406,U_1504_inc,U_1504_inc (forward),Forward,False,Validation,square,increase resistance to the specified drug,Drug / Chemical / Environmental Response,Increased/decreased drug resistance,bidirectional,bidirectional,Knockout,Chronic Myelogenous Leukemia Cell Line,HAP-1,681,2021,Hundley FV (2021),33539788,6.903628349304199,4.070713996887207,10.987106737184217,10.851056304300974
1407,U_1504_merged,U_1504_merged (forward),Forward,False,Validation,square,either increases or decreases resistance to the specified drug,Drug / Chemical / Environmental Response,Increased/decreased drug resistance,Positive and Negative Selection,bidirectional,Knockout,Chronic Myelogenous Leukemia Cell Line,HAP-1,681,2021,Hundley FV (2021),33539788,5.244350910186768,2.785977840423584,10.987125567121923,10.850998364104944
1408,U_1505_dec,U_1505_dec (forward),Forward,False,Validation,square,decrease drug resistance to the specified drug,Drug / Chemical / Environmental Response,Increased/decreased drug resistance,bidirectional,bidirectional,Knockout,Chronic Myelogenous Leukemia Cell Line,HAP-1,681,2021,Hundley FV (2021),33539788,5.123499870300293,2.8392534255981445,10.609987874712752,10.47603079224198
1409,U_1505_inc,U_1505_inc (forward),Forward,False,Validation,square,increase drug resistance to the specified drug,Drug / Chemical / Environmental Response,Increased/decreased drug resistance,bidirectional,bidirectional,Knockout,Chronic Myelogenous Leukemia Cell Line,HAP-1,681,2021,Hundley FV (2021),33539788,5.110781192779541,3.582172155380249,10.987067354687204,10.85041235942865
1410,U_1505_merged,U_1505_merged (forward),Forward,False,Validation,square,either increases or decreases drug resistance to the specified drug,Drug / Chemical / Environmental Response,Increased/decreased drug resistance,Positive and Negative Selection,bidirectional,Knockout,Chronic Myelogenous Leukemia Cell Line,HAP-1,681,2021,Hundley FV (2021),33539788,5.048222064971924,3.3926730155944824,10.924722356291985,10.805435157180504
1411,U_1506_dec,U_1506_dec (forward),Forward,False,Validation,square,decrease resistance to the specified drug,Drug / Chemical / Environmental Response,Increased/decreased drug resistance,bidirectional,bidirectional,Knockout,Chronic Myelogenous Leukemia Cell Line,HAP-1,681,2021,Hundley FV (2021),33539788,6.177448749542236,3.713717222213745,10.653714352815085,10.36423719619587
1412,U_1507_dec,U_1507_dec (forward),Forward,False,Validation,square,decrease drug resistance to the specified drug,Drug / Chemical / Environmental Response,Increased/decreased drug resistance,bidirectional,bidirectional,Knockout,Chronic Myelogenous Leukemia Cell Line,HAP-1,681,2021,Hundley FV (2021),33539788,6.298140048980713,3.67848801612854,10.995278980294518,10.711271029961507
1413,U_1507_inc,U_1507_inc (forward),Forward,False,Validation,square,increase drug resistance to the specified drug,Drug / Chemical / Environmental Response,Increased/decreased drug resistance,bidirectional,bidirectional,Knockout,Chronic Myelogenous Leukemia Cell Line,HAP-1,681,2021,Hundley FV (2021),33539788,6.85932731628418,4.027849197387695,10.988039316307711,10.849697640776952
1414,U_1507_merged,U_1507_merged (forward),Forward,False,Validation,square,either increases or decreases drug resistance to the specified drug,Drug / Chemical / Environmental Response,Increased/decreased drug resistance,Positive and Negative Selection,bidirectional,Knockout,Chronic Myelogenous Leukemia Cell Line,HAP-1,681,2021,Hundley FV (2021),33539788,6.784605979919434,3.901874303817749,10.98545906738617,10.849557166364841
1415,U_1508_inc,U_1508_inc (forward),Forward,False,Validation,square,increase drug sensitivity),Drug / Chemical / Environmental Response,Increased/decreased drug resistance,bidirectional,bidirectional,Knockout,Chronic Myelogenous Leukemia Cell Line,HAP-1,681,2021,Hundley FV (2021),33539788,6.2277021408081055,3.6100101470947266,10.824782544208013,10.800812275719593
1416,U_1508_dec,U_1508_dec (forward),Forward,False,Validation,square,increase resistance to the specified drug (decrease drug sensitivity),Drug / Chemical / Environmental Response,Increased/decreased drug resistance,bidirectional,bidirectional,Knockout,Chronic Myelogenous Leukemia Cell Line,HAP-1,681,2021,Hundley FV (2021),33539788,6.36743688583374,4.060329437255859,11.105906319351108,10.640298673869918
1417,U_1508_merged,U_1508_merged (forward),Forward,False,Validation,square,either increases or decreases drug sensitivity),Drug / Chemical / Environmental Response,Increased/decreased drug resistance,Positive and Negative Selection,bidirectional,Knockout,Chronic Myelogenous Leukemia Cell Line,HAP-1,681,2021,Hundley FV (2021),33539788,6.36488676071167,3.677304983139038,10.966347021779537,10.72719443107256
1418,U_1509_dec,U_1509_dec (forward),Forward,False,Validation,square,decrease resistance to the specified drug,Drug / Chemical / Environmental Response,Increased/decreased drug resistance,bidirectional,bidirectional,Knockout,Chronic Myelogenous Leukemia Cell Line,HAP-1,681,2021,Hundley FV (2021),33539788,5.1722917556762695,5.405223369598389,10.950271307421968,10.95799973561488
1419,U_1509_inc,U_1509_inc (forward),Forward,False,Validation,square,increase resistance to the specified drug,Drug / Chemical / Environmental Response,Increased/decreased drug resistance,bidirectional,bidirectional,Knockout,Chronic Myelogenous Leukemia Cell Line,HAP-1,681,2021,Hundley FV (2021),33539788,5.548600196838379,4.708974361419678,10.540255790632154,10.603825486183188
1420,U_1509_merged,U_1509_merged (forward),Forward,False,Validation,square,either increases or decreases resistance to the specified drug,Drug / Chemical / Environmental Response,Increased/decreased drug resistance,Positive and Negative Selection,bidirectional,Knockout,Chronic Myelogenous Leukemia Cell Line,HAP-1,681,2021,Hundley FV (2021),33539788,5.282627582550049,5.336216449737549,10.944338493767155,10.951318597575552
1421,U_1510_dec,U_1510_dec (forward),Forward,False,Validation,square,decrease resistance to the specified drug,Drug / Chemical / Environmental Response,Increased/decreased drug resistance,bidirectional,bidirectional,Knockout,Chronic Myelogenous Leukemia Cell Line,HAP-1,681,2021,Hundley FV (2021),33539788,5.170498371124268,2.76766037940979,10.194311550193841,10.07795542436532
1422,U_1510_inc,U_1510_inc (forward),Forward,False,Validation,square,increase resistance to the specified drug,Drug / Chemical / Environmental Response,Increased/decreased drug resistance,bidirectional,bidirectional,Knockout,Chronic Myelogenous Leukemia Cell Line,HAP-1,681,2021,Hundley FV (2021),33539788,3.1704654693603516,3.7057342529296875,7.747980044152822,9.197347738997985
1423,U_1510_merged,U_1510_merged (forward),Forward,False,Validation,square,either increases or decreases resistance to the specified drug,Drug / Chemical / Environmental Response,Increased/decreased drug resistance,Positive and Negative Selection,bidirectional,Knockout,Chronic Myelogenous Leukemia Cell Line,HAP-1,681,2021,Hundley FV (2021),33539788,4.985491752624512,2.7871193885803223,8.626664533684169,9.605114120627313
1424,U_1511_dec,U_1511_dec (forward),Forward,False,Validation,square,decrease resistance to the specified drug,Drug / Chemical / Environmental Response,Increased/decreased drug resistance,bidirectional,bidirectional,Knockout,Chronic Myelogenous Leukemia Cell Line,HAP-1,681,2021,Hundley FV (2021),33539788,6.293205738067627,3.86063289642334,9.50755801339418,9.129195549409081
1425,U_1512_inc,U_1512_inc (forward),Forward,False,Validation,square,increase drug resistance to the specified drug,Drug / Chemical / Environmental Response,Increased/decreased drug resistance,bidirectional,bidirectional,Knockout,Chronic Myelogenous Leukemia Cell Line,HAP-1,681,2021,Hundley FV (2021),33539788,1.5661804676055908,7.141124725341797,6.490134669696808,0.6462003114199935
1426,U_1513_inc,U_1513_inc (forward),Forward,False,Validation,square,increase resistance to the specified drug,Drug / Chemical / Environmental Response,Increased/decreased drug resistance,bidirectional,bidirectional,Knockout,Chronic Myelogenous Leukemia Cell Line,HAP-1,681,2021,Hundley FV (2021),33539788,5.933926582336426,3.9112205505371094,11.077105614669767,10.427287393455998
1427,U_1514_dec,U_1514_dec (forward),Forward,False,Validation,square,decrease drug resistance to the specified drug,Drug / Chemical / Environmental Response,Increased/decreased drug resistance,bidirectional,bidirectional,Knockout,Chronic Myelogenous Leukemia Cell Line,HAP-1,681,2021,Hundley FV (2021),33539788,5.187255859375,2.7569897174835205,10.247459879676692,10.140132476993786
1428,U_1515_dec,U_1515_dec (forward),Forward,False,Validation,square,decrease resistance to the specified drug,Drug / Chemical / Environmental Response,Increased/decreased drug resistance,bidirectional,bidirectional,Knockout,Chronic Myelogenous Leukemia Cell Line,HAP-1,681,2021,Hundley FV (2021),33539788,5.179584980010986,2.773158073425293,10.247459879676692,10.140132476993786
1429,U_1516_dec,U_1516_dec (forward),Forward,False,Validation,square,decrease drug resistance to the specified drug,Drug / Chemical / Environmental Response,Increased/decreased drug resistance,bidirectional,bidirectional,Knockout,Chronic Myelogenous Leukemia Cell Line,HAP-1,681,2021,Hundley FV (2021),33539788,6.903790473937988,3.9386115074157715,10.983251744745814,10.848720669950747
1430,U_1516_inc,U_1516_inc (forward),Forward,False,Validation,square,increase drug resistance to the specified drug,Drug / Chemical / Environmental Response,Increased/decreased drug resistance,bidirectional,bidirectional,Knockout,Chronic Myelogenous Leukemia Cell Line,HAP-1,681,2021,Hundley FV (2021),33539788,4.904140472412109,3.558302402496338,10.868102700283627,10.596330081940017
1431,U_1516_merged,U_1516_merged (forward),Forward,False,Validation,square,either increases or decreases drug resistance to the specified drug,Drug / Chemical / Environmental Response,Increased/decreased drug resistance,Positive and Negative Selection,bidirectional,Knockout,Chronic Myelogenous Leukemia Cell Line,HAP-1,681,2021,Hundley FV (2021),33539788,6.898531436920166,3.9392688274383545,10.983383786925717,10.848908709053045
1432,U_1517_dec,U_1517_dec (forward),Forward,False,Validation,square,decrease drug resistance to the specified drug,Drug / Chemical / Environmental Response,Increased/decreased drug resistance,bidirectional,bidirectional,Knockout,Chronic Myelogenous Leukemia Cell Line,HAP-1,681,2021,Hundley FV (2021),33539788,4.819363594055176,5.071155071258545,10.98320132461035,10.849687375135733
1433,U_1517_inc,U_1517_inc (forward),Forward,False,Validation,square,increase drug resistance to the specified drug,Drug / Chemical / Environmental Response,Increased/decreased drug resistance,bidirectional,bidirectional,Knockout,Chronic Myelogenous Leukemia Cell Line,HAP-1,681,2021,Hundley FV (2021),33539788,4.867871284484863,3.7825419902801514,10.918212371461399,10.807380801768515
1434,U_1517_merged,U_1517_merged (forward),Forward,False,Validation,square,either increases or decreases drug resistance to the specified drug,Drug / Chemical / Environmental Response,Increased/decreased drug resistance,Positive and Negative Selection,bidirectional,Knockout,Chronic Myelogenous Leukemia Cell Line,HAP-1,681,2021,Hundley FV (2021),33539788,4.918691635131836,3.901204824447632,10.918212371461399,10.807380801768515
1435,U_1518_dec,U_1518_dec (forward),Forward,False,Validation,square,decrease resistance to the specified drug,Drug / Chemical / Environmental Response,Increased/decreased drug resistance,bidirectional,bidirectional,Knockout,Chronic Myelogenous Leukemia Cell Line,HAP-1,681,2021,Hundley FV (2021),33539788,5.00275993347168,4.9679179191589355,10.984034072029562,10.849509081396763
1436,1561,1561 (forward),Forward,False,Validation,square,"increases resistance to Hepatitis A virus (HM175/18f), as measured by increased cell growth in the presence of the virus",Host-Pathogen / Infection Response,Increased resistance to virus,Positive Selection,unidirectional,Knockout,Huh-7 Cell,Huh-7.5.1,20671,2021,Kulsuptrakul J (2021),33730579,5.357918739318848,4.108667850494385,9.366536163950856,9.90375489823217
1437,1566,1566 (forward),Forward,False,Validation,square,decreases LC3B protein levels as measured by a fluorescent reporter and FACS,Trafficking / Localization / Structural Phenotypes,Regulators of  LC3B,Phenotype Screen,unidirectional,Knockout,Glioma Cell Line,H4,660,2021,Jia R (2021),33577797,4.464957237243652,4.508754253387451,10.98196892889924,10.84502427864797
1438,1567,1567 (forward),Forward,False,Validation,square,increases resistance to HCV infection as measured by decreased HCV infection,Host-Pathogen / Infection Response,Increased resistance to virus,Phenotype Screen,unidirectional,Knockout,Huh-7 Cell,Huh-7.5,17605,2021,Liang Y (2021),33523994,4.424400806427002,4.747622966766357,10.96803361792702,10.868383167912775
1439,1568,1568 (forward),Forward,False,Validation,square,increases resistance to TAK-243 as measured by improved growth,Drug / Chemical / Environmental Response,Increased drug resistance,Positive Selection,unidirectional,Knockout,Acute Myeloid Leukemia Cell Line,OCI-AML-2,17189,2021,Barghout SH (2021),33476303,4.444077014923096,5.036387920379639,10.919418857136776,10.80304655841957
1440,1569,1569 (forward),Forward,False,Validation,square,increases resistance to TAK-243 as measured by improved cell growth in the presence of the drug,Drug / Chemical / Environmental Response,Increased drug resistance,Positive Selection,unidirectional,Knockout,Acute Myeloid Leukemia Cell Line,OCI-AML-2,17189,2021,Barghout SH (2021),33476303,4.5346760749816895,5.017046928405762,10.925303044455903,10.801530636262306
1441,1581,1581 (forward),Forward,False,Validation,square,increases resistance to virus infection,Host-Pathogen / Infection Response,Increased resistance to virus,Positive Selection,unidirectional,Knockout,Hepatoma Cell Line,HuH-7,18994,2021,Baggen J (2021),33686287,4.513458728790283,4.069960117340088,10.850441888847032,10.713918539210118
1442,1582,1582 (forward),Forward,False,Validation,square,increases resistance to viral infection,Host-Pathogen / Infection Response,Increased resistance to virus,Positive Selection,unidirectional,Knockout,Hepatoma Cell Line,HuH-7,18981,2021,Baggen J (2021),33686287,4.53277587890625,4.512314319610596,11.001689994611507,10.876196300823176
1443,1583,1583 (forward),Forward,False,Validation,square,increases resistance to viral infection as indicated by enrichment under high-stringency infection conditions,Host-Pathogen / Infection Response,Increased resistance to virus,Positive Selection,unidirectional,Knockout,Hepatoma Cell Line,HuH-7,18994,2021,Baggen J (2021),33686287,4.487720966339111,4.995828151702881,10.994788853842973,10.811651494793399
1444,1584,1584 (forward),Forward,False,Validation,square,"increases resistance to viral infection, as indicated by enrichment of infected cells",Host-Pathogen / Infection Response,Increased resistance to virus,Positive Selection,unidirectional,Knockout,Hepatoma Cell Line,HuH-7,18111,2021,Baggen J (2021),33686287,4.468023777008057,4.0398125648498535,10.852362798262341,10.709968865298798
1445,1588,1588 (forward),Forward,False,Validation,square,decreases ASCL1 protein accumulation,Molecular Output / Reporter / Pathway Activity,Positive regulators of ASCL1,Phenotype Screen,unidirectional,Knockout,T-lymphoblastic leukemia cell line,Jurkat,354,2021,Koduri V (2021),33547076,4.310331344604492,4.605992794036865,10.985190670361547,10.850158812517584
1446,1589,1589 (forward),Forward,False,Validation,square,decreases ASCL1 protein accumulation,Drug / Chemical / Environmental Response,Positive regulators of ASCL1,Phenotype Screen,unidirectional,Knockout,T-lymphoblastic leukemia cell line,Jurkat,387,2021,Koduri V (2021),33547076,4.615273952484131,4.708902835845947,10.980299531568122,10.847893974171527
1447,1639,1639 (forward),Forward,False,Validation,square,increases drug resistance to gemcitabine in PANC-1 cells,Drug / Chemical / Environmental Response,Increased resistance to drug,Positive Selection,unidirectional,Activation,Pancreatic Cancer Cell Line,PANC-1,18424,2021,Ramaker RC (2021),34049503,4.353635311126709,4.2849836349487305,10.890849917824601,10.77712529932478
1448,1640,1640 (forward),Forward,False,Validation,square,increases resistance to irinotecan,Drug / Chemical / Environmental Response,Increased resistance to drug,Positive Selection,unidirectional,Activation,Pancreatic Cancer Cell Line,PANC-1,17736,2021,Ramaker RC (2021),34049503,4.3440842628479,4.9636335372924805,10.95741897679206,10.817745674236658
1449,1641,1641 (forward),Forward,False,Validation,square,increases resistance to oxaliplatin in PANC-1 cells,Drug / Chemical / Environmental Response,Increased resistance to drug,Positive Selection,unidirectional,Activation,Pancreatic Cancer Cell Line,PANC-1,18485,2021,Ramaker RC (2021),34049503,4.4199090003967285,4.609626293182373,10.967173183708955,10.817390247055275
1450,1642,1642 (forward),Forward,False,Validation,square,increases resistance to 5-FU in PANC-1 cells,Drug / Chemical / Environmental Response,Increased resistance to drug,Positive Selection,unidirectional,Activation,Pancreatic Cancer Cell Line,PANC-1,18397,2021,Ramaker RC (2021),34049503,4.369544982910156,4.719031810760498,10.984837050770125,10.84835341152782
1451,1643,1643 (forward),Forward,False,Validation,square,increases resistance to gemcitabine,Drug / Chemical / Environmental Response,Increased resistance to drug,Positive Selection,unidirectional,Activation,Pancreatic Adenocarcinoma Cell Line,BxPC-3,18835,2021,Ramaker RC (2021),34049503,5.068998336791992,5.052853107452393,10.925536345754207,10.804308301549613
1452,1644,1644 (forward),Forward,False,Validation,square,increases resistance to irinotecan in Bx-PC3 cells,Drug / Chemical / Environmental Response,Increased resistance to drug,Positive Selection,unidirectional,Activation,Pancreatic Adenocarcinoma Cell Line,BxPC-3,18835,2021,Ramaker RC (2021),34049503,5.185940742492676,4.962698936462402,10.913871571770446,10.80544651794423
1453,1645,1645 (forward),Forward,False,Validation,square,increases resistance to oxaliplatin in Bx-PC3 cells,Drug / Chemical / Environmental Response,Increased resistance to drug,Positive Selection,unidirectional,Activation,Pancreatic Adenocarcinoma Cell Line,BxPC-3,18835,2021,Ramaker RC (2021),34049503,5.020478248596191,5.213656902313232,10.914001896449086,10.88068754725493
1454,1646,1646 (forward),Forward,False,Validation,square,increases resistance to 5-FU in Bx-PC3 cells,Drug / Chemical / Environmental Response,Increased resistance to drug,Positive Selection,unidirectional,Activation,Pancreatic Adenocarcinoma Cell Line,BxPC-3,18835,2021,Ramaker RC (2021),34049503,5.094313144683838,4.922606945037842,10.93012212842297,10.803685256643007
1455,1647,1647 (forward),Forward,False,Validation,square,increases drug resistance to gemcitabine in PANC-1 cells,Drug / Chemical / Environmental Response,Increased drug resistance,Positive Selection,unidirectional,Knockout,Pancreatic Cancer Cell Line,PANC-1,20438,2021,Ramaker RC (2021),34049503,4.6206793785095215,4.410533428192139,10.916444027056805,10.806160149845248
1456,1648,1648 (forward),Forward,False,Validation,square,increases oxaliplatin resistance in PANC-1 cells,Drug / Chemical / Environmental Response,Increased drug resistance,Positive Selection,unidirectional,Knockout,Pancreatic Cancer Cell Line,PANC-1,20466,2021,Ramaker RC (2021),34049503,4.439623832702637,4.5050048828125,10.920144011102128,10.805784819256445
1457,1649,1649 (forward),Forward,False,Validation,square,increases resistance to irinotecan,Drug / Chemical / Environmental Response,Increased drug resistance,Positive Selection,unidirectional,Knockout,Pancreatic Cancer Cell Line,PANC-1,20418,2021,Ramaker RC (2021),34049503,4.623121738433838,4.541492938995361,10.914085849391043,10.881328423012276
1458,1650,1650 (forward),Forward,False,Validation,square,increases drug resistance to 5-fluorouracil (5-FU) in PANC-1 cells,Drug / Chemical / Environmental Response,Increased drug resistance,Positive Selection,unidirectional,Knockout,Pancreatic Cancer Cell Line,PANC-1,20408,2021,Ramaker RC (2021),34049503,4.712700366973877,4.217229843139648,10.925635349445438,10.802858238596661
1459,1651,1651 (forward),Forward,False,Validation,square,increases resistance to gemcitabine in BxPC-3 cells,Drug / Chemical / Environmental Response,Increased drug resistance,Positive Selection,unidirectional,Knockout,Pancreatic Adenocarcinoma Cell Line,BxPC-3,20459,2021,Ramaker RC (2021),34049503,4.911136627197266,4.680848121643066,10.861052537472604,10.71928986794059
1460,1652,1652 (forward),Forward,False,Validation,square,increases oxaliplatin resistance in BxPC-3 cells,Drug / Chemical / Environmental Response,Increased drug resistance,Positive Selection,unidirectional,Knockout,Pancreatic Adenocarcinoma Cell Line,BxPC-3,20461,2021,Ramaker RC (2021),34049503,4.4937849044799805,4.35711145401001,10.91644261864003,10.804630151626478
1461,1653,1653 (forward),Forward,False,Validation,square,increases resistance to irinotecan in BxPC-3 cells,Drug / Chemical / Environmental Response,Increased drug resistance,Positive Selection,unidirectional,Knockout,Pancreatic Adenocarcinoma Cell Line,BxPC-3,20450,2021,Ramaker RC (2021),34049503,4.654553413391113,4.43701171875,10.9143419532179,10.804775993279094
1462,1654,1654 (forward),Forward,False,Validation,square,increases drug resistance to 5-FU,Drug / Chemical / Environmental Response,Increased drug resistance,Positive Selection,unidirectional,Knockout,Pancreatic Adenocarcinoma Cell Line,BxPC-3,20458,2021,Ramaker RC (2021),34049503,5.163506984710693,3.096876382827759,10.918965700422554,10.808187121671889
1463,1710,1710 (forward),Forward,False,Validation,square,increases resistance to the drug vemurafenib,Drug / Chemical / Environmental Response,Increased drug resistance,Positive Selection,unidirectional,Knockout,Melanoma Cell Line,A-375,18857,2021,Goh CJH (2021),33604667,6.363385200500488,2.815281391143799,11.756240541497888,9.980991392091992
1464,U_1712_dec,U_1712_dec (forward),Forward,False,Validation,square,decrease SARS-CoV-2 Spike-RBD binding to human cells,Host-Pathogen / Infection Response,Increased/decreased protein binding,bidirectional,bidirectional,Inhibition,Lung Adenocarcinoma Cell Line,Calu-3,2318,2021,Tian (2021),10.1101/2021.01.19.427194,3.875582456588745,7.027960777282715,10.912124874937188,10.879828547518454
1465,U_1712_inc,U_1712_inc (forward),Forward,False,Validation,square,increase SARS-CoV-2 Spike-RBD binding to human cells,Host-Pathogen / Infection Response,Increased/decreased protein binding,bidirectional,bidirectional,Inhibition,Lung Adenocarcinoma Cell Line,Calu-3,2318,2021,Tian (2021),10.1101/2021.01.19.427194,4.046510696411133,5.04514217376709,11.022479246391773,10.79385245035921
1466,U_1712_merged,U_1712_merged (forward),Forward,False,Validation,square,either increases or decreases SARS-CoV-2 Spike-RBD binding to human cells,Host-Pathogen / Infection Response,Increased/decreased protein binding,Positive and Negative Selection,bidirectional,Inhibition,Lung Adenocarcinoma Cell Line,Calu-3,2318,2021,Tian (2021),10.1101/2021.01.19.427194,4.015915393829346,5.261915683746338,10.949689854556732,10.829553962923029
1467,U_1718_dec,U_1718_dec (forward),Forward,False,Validation,square,decrease cell-surface TFRC/CD71 levels,Trafficking / Localization / Structural Phenotypes,Increased/decreased protein binding,bidirectional,bidirectional,Inhibition,Lung Adenocarcinoma Cell Line,Calu-3,2315,2021,Tian (2021),10.1101/2021.01.19.427194,4.5386643409729,4.145251750946045,8.390802140069503,10.01402051179642
1468,U_1718_inc,U_1718_inc (forward),Forward,False,Validation,square,increase cell-surface TFRC/CD71 levels,Trafficking / Localization / Structural Phenotypes,Increased/decreased protein binding,bidirectional,bidirectional,Inhibition,Lung Adenocarcinoma Cell Line,Calu-3,2315,2021,Tian (2021),10.1101/2021.01.19.427194,4.509914398193359,4.350788116455078,10.918221837908185,10.805740009462529
1469,U_1718_merged,U_1718_merged (forward),Forward,False,Validation,square,either increases or decreases cell-surface TFRC/CD71 levels,Trafficking / Localization / Structural Phenotypes,Increased/decreased protein binding,Positive and Negative Selection,bidirectional,Inhibition,Lung Adenocarcinoma Cell Line,Calu-3,2315,2021,Tian (2021),10.1101/2021.01.19.427194,4.539276123046875,4.2858381271362305,9.107705827169838,10.20789850941335
1470,1725,1725 (forward),Forward,False,Validation,square,decreases mTORC1 activity as measured by reduced rpS6 phosphorylation,Molecular Output / Reporter / Pathway Activity, mTORC1 activation,Phenotype Screen,unidirectional,Knockout,Embryonic Kidney Cell Line,HEK293T,18485,2021,Condon KJ (2021),33483422,4.505168914794922,-0.16582220792770386,8.338895652275665,7.8626310283057315
1471,1741,1741 (forward),Forward,False,Validation,square,increases susceptibility to Salmonella enterica serovar Typhimurium infection,Host-Pathogen / Infection Response,Increased susceptibility to bacterial infection,Phenotype Screen,unidirectional,Knockout,Cervical Adenocarcinoma Cell Line,HeLa,18662,2021,Gaudet RG (2021),34437126,4.557182788848877,5.112496852874756,10.994848497327414,10.842622714479578
1472,1751,1751 (forward),Forward,False,Validation,square,increases resistance to rhinovirus infection,Host-Pathogen / Infection Response,Increased resistance to virus,Positive Selection,unidirectional,Knockout,HeLa,H1HeLa,18377,2021,Mei H (2021),34686207,3.8929646015167236,-5.314481258392334,2.693262880664265,8.373546832470609
1473,1752,1752 (forward),Forward,False,Validation,square,increases resistance to rhinovirus infection,Host-Pathogen / Infection Response,Increased resistance to virus,Positive Selection,unidirectional,Knockout,HeLa,H1HeLa,1342,2021,Mei H (2021),34686207,4.3851728439331055,4.754713535308838,10.90739208212805,10.87270875608096
1474,1782,1782 (forward),Forward,False,Validation,square,decreases tumor cell proliferation in response to immune checkpoint blockade,Drug / Chemical / Environmental Response,Tumor cell response to immune checkpoint blockade,Negative Selection,unidirectional,Knockout,Melanoma Cell Line,B16-F10,897,2021,Griffin GK (2021),33953401,5.220193862915039,4.5176262855529785,10.34120012787338,10.208160329996966
1475,1783,1783 (forward),Forward,False,Validation,square,increases radiation sensitivity as measured by decreased cell survival after up to four cycles of 6 Gy irradiation (24 Gy cumulative),Drug / Chemical / Environmental Response,Increased sensitivity to radiation,Negative Selection,unidirectional,Knockout,nasopharyngeal carcinoma cell line,CNE2-IR,19007,2021,Shen L (2021),34907164,5.500801086425781,4.352916240692139,10.9865278629447,10.84929718567565
1476,U_1787_dec,U_1787_dec (forward),Forward,False,Validation,square,decrease cell proliferation,Fitness / Proliferation / Viability,Cell-essential genes and growth restrictive genes,bidirectional,bidirectional,Knockout,Cervical Adenocarcinoma Cell Line,HeLa,17432,2021,Xu P (2021),34155407,3.7757604122161865,-2.2514328956604004,2.423983430218182,7.9607085187648
1477,U_1787_inc,U_1787_inc (forward),Forward,False,Validation,square,increase cell proliferation,Fitness / Proliferation / Viability,Cell-essential genes and growth restrictive genes,bidirectional,bidirectional,Knockout,Cervical Adenocarcinoma Cell Line,HeLa,17432,2021,Xu P (2021),34155407,4.660556316375732,3.9715919494628906,10.919175990544185,10.887375796031028
1478,U_1787_merged,U_1787_merged (forward),Forward,False,Validation,square,either increases or decreases cell proliferation,Fitness / Proliferation / Viability,Cell-essential genes and growth restrictive genes,Positive and Negative Selection,bidirectional,Knockout,Cervical Adenocarcinoma Cell Line,HeLa,17432,2021,Xu P (2021),34155407,3.6880130767822266,-2.1701323986053467,2.9819873316247456,7.664184536444942
1479,U_1788_dec,U_1788_dec (forward),Forward,False,Validation,square,decrease cell proliferation,Fitness / Proliferation / Viability,Cell-essential genes and growth restrictive genes,bidirectional,bidirectional,Knockout,Cervical Adenocarcinoma Cell Line,HeLa,17432,2021,Xu P (2021),34155407,3.7984237670898438,-2.274592638015747,2.3761384276053863,8.094909928269352
1480,U_1788_inc,U_1788_inc (forward),Forward,False,Validation,square,increase cell proliferation,Fitness / Proliferation / Viability,Cell-essential genes and growth restrictive genes,bidirectional,bidirectional,Knockout,Cervical Adenocarcinoma Cell Line,HeLa,17432,2021,Xu P (2021),34155407,4.73215913772583,3.91951584815979,10.914755958066316,10.8352417290876
1481,U_1788_merged,U_1788_merged (forward),Forward,False,Validation,square,either increases or decreases cell proliferation,Fitness / Proliferation / Viability,Cell-essential genes and growth restrictive genes,Positive and Negative Selection,bidirectional,Knockout,Cervical Adenocarcinoma Cell Line,HeLa,17432,2021,Xu P (2021),34155407,3.7056524753570557,-2.262361764907837,2.878753770396242,8.129106443146506
1482,U_1789_dec,U_1789_dec (forward),Forward,False,Validation,square,decrease cell proliferation,Fitness / Proliferation / Viability,Cell-essential genes and growth restrictive genes,bidirectional,bidirectional,Knockout,Chronic Myeloid Leukemia Cell Line,K-562,17432,2021,Xu P (2021),34155407,3.746147394180298,-2.226388454437256,6.942513392619445,7.9525795011705736
1483,U_1789_inc,U_1789_inc (forward),Forward,False,Validation,square,increase cell proliferation,Fitness / Proliferation / Viability,Cell-essential genes and growth restrictive genes,bidirectional,bidirectional,Knockout,Chronic Myeloid Leukemia Cell Line,K-562,17432,2021,Xu P (2021),34155407,4.827603340148926,4.7819504737854,10.916686843125945,10.882932104043878
1484,U_1789_merged,U_1789_merged (forward),Forward,False,Validation,square,either increases or decreases cell proliferation,Fitness / Proliferation / Viability,Cell-essential genes and growth restrictive genes,Positive and Negative Selection,bidirectional,Knockout,Chronic Myeloid Leukemia Cell Line,K-562,17432,2021,Xu P (2021),34155407,3.7748219966888428,-2.2585225105285645,7.048726889622326,7.998572163179695
1485,U_1790_dec,U_1790_dec (forward),Forward,False,Validation,square,decrease cell proliferation,Fitness / Proliferation / Viability,Cell-essential genes and growth restrictive genes,bidirectional,bidirectional,Knockout,Chronic Myeloid Leukemia Cell Line,K-562,17432,2021,Xu P (2021),34155407,3.7479753494262695,-2.253953695297241,5.3378746959770424,8.199772965255734
1486,U_1790_inc,U_1790_inc (forward),Forward,False,Validation,square,increase cell proliferation,Fitness / Proliferation / Viability,Cell-essential genes and growth restrictive genes,bidirectional,bidirectional,Knockout,Chronic Myeloid Leukemia Cell Line,K-562,17432,2021,Xu P (2021),34155407,4.292237758636475,4.771626949310303,10.919180301416773,10.884514639083985
1487,U_1790_merged,U_1790_merged (forward),Forward,False,Validation,square,either increases or decreases cell proliferation,Fitness / Proliferation / Viability,Cell-essential genes and growth restrictive genes,Positive and Negative Selection,bidirectional,Knockout,Chronic Myeloid Leukemia Cell Line,K-562,17432,2021,Xu P (2021),34155407,3.778968334197998,-2.2256782054901123,4.840999580397206,8.080421717820046
1488,U_1791_dec,U_1791_dec (forward),Forward,False,Validation,square,decrease cell proliferation,Fitness / Proliferation / Viability,Cell-essential genes and growth restrictive genes,bidirectional,bidirectional,Knockout,Retinal Pigment Epithelium Cell Line,hTERT-RPE1,17432,2021,Xu P (2021),34155407,3.7488174438476562,-2.3074800968170166,1.5512037440683026,7.431603920278456
1489,U_1791_inc,U_1791_inc (forward),Forward,False,Validation,square,increase cell proliferation,Fitness / Proliferation / Viability,Cell-essential genes and growth restrictive genes,bidirectional,bidirectional,Knockout,Retinal Pigment Epithelium Cell Line,hTERT-RPE1,17432,2021,Xu P (2021),34155407,5.640462398529053,2.2349514961242676,10.811200973319988,10.373213152923377
1490,U_1791_merged,U_1791_merged (forward),Forward,False,Validation,square,either increases or decreases cell proliferation,Fitness / Proliferation / Viability,Cell-essential genes and growth restrictive genes,Positive and Negative Selection,bidirectional,Knockout,Retinal Pigment Epithelium Cell Line,hTERT-RPE1,17432,2021,Xu P (2021),34155407,5.571341514587402,2.067721128463745,2.6166518173197444,7.716094663341479
1491,U_1792_dec,U_1792_dec (forward),Forward,False,Validation,square,decrease cell proliferation,Fitness / Proliferation / Viability,Cell-essential genes and growth restrictive genes,bidirectional,bidirectional,Knockout,Retinal Pigment Epithelium Cell Line,hTERT-RPE1,17431,2021,Xu P (2021),34155407,3.7566239833831787,-2.298815965652466,3.068313956785179,6.213941034866433
1492,U_1792_inc,U_1792_inc (forward),Forward,False,Validation,square,increase cell proliferation,Fitness / Proliferation / Viability,Cell-essential genes and growth restrictive genes,bidirectional,bidirectional,Knockout,Retinal Pigment Epithelium Cell Line,hTERT-RPE1,17431,2021,Xu P (2021),34155407,5.62531042098999,2.192993640899658,10.652078153213301,9.672688458951582
1493,U_1792_merged,U_1792_merged (forward),Forward,False,Validation,square,either increases or decreases cell proliferation,Fitness / Proliferation / Viability,Cell-essential genes and growth restrictive genes,Positive and Negative Selection,bidirectional,Knockout,Retinal Pigment Epithelium Cell Line,hTERT-RPE1,17431,2021,Xu P (2021),34155407,5.577646732330322,2.045550584793091,2.613325581321476,7.671970651735722
1494,U_1793_dec,U_1793_dec (forward),Forward,False,Validation,square,decrease cell proliferation in an EGFR-T790M/L858R mutant background,Fitness / Proliferation / Viability,Cell-essential genes and growth restrictive genes in an EGFR-T790M/L858R mutant background,bidirectional,bidirectional,Knockout,Lung Adenocarcinoma Cell Line,PC-9,19010,2021,Vichas A (2021),34373451,3.484818458557129,0.07018768042325974,3.4512537128577656,8.032929192621173
1495,U_1793_inc,U_1793_inc (forward),Forward,False,Validation,square,increase cell proliferation in an EGFR-T790M/L858R mutant background,Fitness / Proliferation / Viability,Cell-essential genes and growth restrictive genes in an EGFR-T790M/L858R mutant background,bidirectional,bidirectional,Knockout,Lung Adenocarcinoma Cell Line,PC-9,19010,2021,Vichas A (2021),34373451,4.678718566894531,5.238814830780029,10.986364257621304,10.851400815953506
1496,U_1793_merged,U_1793_merged (forward),Forward,False,Validation,square,either increases or decreases cell proliferation in an EGFR-T790M/L858R mutant background,Fitness / Proliferation / Viability,Cell-essential genes and growth restrictive genes in an EGFR-T790M/L858R mutant background,Positive and Negative Selection,bidirectional,Knockout,Lung Adenocarcinoma Cell Line,PC-9,19010,2021,Vichas A (2021),34373451,3.4725759029388428,0.07016121596097946,3.4490080321614194,8.032566112471516
1497,U_1794_dec,U_1794_dec (forward),Forward,False,Validation,square,decrease cell growth in the presence of erlotinib in EGFR-T790M/L858R mutant cells,Drug / Chemical / Environmental Response,Increased/decreased sensitivity to drug in an EGFR-T790M/L858R mutant background,bidirectional,bidirectional,Knockout,Lung Adenocarcinoma Cell Line,PC-9,19010,2021,Vichas A (2021),34373451,3.467318534851074,0.0743408203125,5.663801107508746,8.127145972823238
1498,U_1794_inc,U_1794_inc (forward),Forward,False,Validation,square,increase cell growth in the presence of erlotinib in EGFR-T790M/L858R mutant cells,Drug / Chemical / Environmental Response,Increased/decreased sensitivity to drug in an EGFR-T790M/L858R mutant background,bidirectional,bidirectional,Knockout,Lung Adenocarcinoma Cell Line,PC-9,19010,2021,Vichas A (2021),34373451,5.308955669403076,5.718160629272461,10.9865377546443,10.85148983221914
1499,U_1794_merged,U_1794_merged (forward),Forward,False,Validation,square,either increases or decreases cell growth in the presence of erlotinib in EGFR-T790M/L858R mutant cells,Drug / Chemical / Environmental Response,Increased/decreased sensitivity to drug in an EGFR-T790M/L858R mutant background,Positive and Negative Selection,bidirectional,Knockout,Lung Adenocarcinoma Cell Line,PC-9,19010,2021,Vichas A (2021),34373451,3.463578224182129,0.09083384275436401,5.672777072528184,8.12621200263417
1500,U_1795_dec,U_1795_dec (forward),Forward,False,Validation,square,decrease cell proliferation in a KRASG12V mutant background,Fitness / Proliferation / Viability,Cell-essential genes and growth restrictive genes in a KRASG12V mutant background,bidirectional,bidirectional,Knockout,Lung Adenocarcinoma Cell Line,PC-9,19010,2021,Vichas A (2021),34373451,3.5053019523620605,0.120991550385952,4.984454048796453,8.106676526996665
1501,U_1795_inc,U_1795_inc (forward),Forward,False,Validation,square,increase cell proliferation in a KRASG12V mutant background,Fitness / Proliferation / Viability,Cell-essential genes and growth restrictive genes in a KRASG12V mutant background,bidirectional,bidirectional,Knockout,Lung Adenocarcinoma Cell Line,PC-9,19010,2021,Vichas A (2021),34373451,4.555562496185303,4.978570461273193,10.98539123990765,10.847420233299866
1502,U_1795_merged,U_1795_merged (forward),Forward,False,Validation,square,either increases or decreases cell proliferation in a KRASG12V mutant background,Fitness / Proliferation / Viability,Cell-essential genes and growth restrictive genes in a KRASG12V mutant background,Positive and Negative Selection,bidirectional,Knockout,Lung Adenocarcinoma Cell Line,PC-9,19010,2021,Vichas A (2021),34373451,3.4889888763427734,0.09264171123504639,4.9844377352508955,8.106678634164602
1503,U_1796_dec,U_1796_dec (forward),Forward,False,Validation,square,decrease cell growth in the presence of erlotinib in a KRASG12V mutant background,Drug / Chemical / Environmental Response,Increased/decreased sensitivity to drug in an KRASG12V mutant background,bidirectional,bidirectional,Knockout,Lung Adenocarcinoma Cell Line,PC-9,19010,2021,Vichas A (2021),34373451,3.4164068698883057,0.052798639982938766,5.110009372573684,8.117204275037604
1504,U_1796_inc,U_1796_inc (forward),Forward,False,Validation,square,increase cell growth in the presence of erlotinib in a KRASG12V mutant background,Drug / Chemical / Environmental Response,Increased/decreased sensitivity to drug in an KRASG12V mutant background,bidirectional,bidirectional,Knockout,Lung Adenocarcinoma Cell Line,PC-9,19010,2021,Vichas A (2021),34373451,4.516242027282715,5.07623291015625,10.920620910536265,10.804351446251092
1505,U_1796_merged,U_1796_merged (forward),Forward,False,Validation,square,either increases or decreases cell growth in the presence of erlotinib in a KRASG12V mutant background,Drug / Chemical / Environmental Response,Increased/decreased sensitivity to drug in an KRASG12V mutant background,Positive and Negative Selection,bidirectional,Knockout,Lung Adenocarcinoma Cell Line,PC-9,19010,2021,Vichas A (2021),34373451,3.4469807147979736,0.08037518709897995,5.110002567866444,8.117203916752446
1506,U_1797_dec,U_1797_dec (forward),Forward,False,Validation,square,decrease cell proliferation in a RIT1M90I mutant background,Fitness / Proliferation / Viability,Cell-essential genes and growth restrictive genes in a RIT1M90I mutant background,bidirectional,bidirectional,Knockout,Lung Adenocarcinoma Cell Line,PC-9,19010,2021,Vichas A (2021),34373451,3.4497647285461426,0.11705964803695679,2.525086934886972,8.135159174230104
1507,U_1797_inc,U_1797_inc (forward),Forward,False,Validation,square,increase cell proliferation in a RIT1M90I mutant background,Fitness / Proliferation / Viability,Cell-essential genes and growth restrictive genes in a RIT1M90I mutant background,bidirectional,bidirectional,Knockout,Lung Adenocarcinoma Cell Line,PC-9,19010,2021,Vichas A (2021),34373451,4.727707386016846,5.193385601043701,10.918916996349225,10.887164295529148
1508,U_1797_merged,U_1797_merged (forward),Forward,False,Validation,square,either increases or decreases cell proliferation in a RIT1M90I mutant background,Fitness / Proliferation / Viability,Cell-essential genes and growth restrictive genes in a RIT1M90I mutant background,Positive and Negative Selection,bidirectional,Knockout,Lung Adenocarcinoma Cell Line,PC-9,19010,2021,Vichas A (2021),34373451,3.426429271697998,0.17627882957458496,2.5252115617960524,8.135103760527722
1509,U_1798_dec,U_1798_dec (forward),Forward,False,Validation,square,decrease cell growth in the presence of erlotinib in a RIT1M90I mutant background,Drug / Chemical / Environmental Response,Increased/decreased sensitivity to drug in a RIT1M90I mutant background,bidirectional,bidirectional,Knockout,Lung Adenocarcinoma Cell Line,PC-9,19010,2021,Vichas A (2021),34373451,3.4670212268829346,0.10153571516275406,5.034547853101299,8.130325764686928
1510,U_1798_inc,U_1798_inc (forward),Forward,False,Validation,square,increase cell growth in the presence of erlotinib in a RIT1M90I mutant background,Drug / Chemical / Environmental Response,Increased/decreased sensitivity to drug in a RIT1M90I mutant background,bidirectional,bidirectional,Knockout,Lung Adenocarcinoma Cell Line,PC-9,19010,2021,Vichas A (2021),34373451,5.662228107452393,3.8203647136688232,10.878905770683522,10.68329303229325
1511,U_1798_merged,U_1798_merged (forward),Forward,False,Validation,square,either increases or decreases cell growth in the presence of erlotinib in a RIT1M90I mutant background,Drug / Chemical / Environmental Response,Increased/decreased sensitivity to drug in a RIT1M90I mutant background,Positive and Negative Selection,bidirectional,Knockout,Lung Adenocarcinoma Cell Line,PC-9,19010,2021,Vichas A (2021),34373451,3.454543352127075,0.08526729047298431,5.043241148520262,8.051537957675944
1512,U_1799_dec,U_1799_dec (forward),Forward,False,Validation,square,decrease cell proliferation in a RIT1M90I mutant background,Fitness / Proliferation / Viability,Cell-essential genes and growth restrictive genes in a RIT1M90I mutant background,bidirectional,bidirectional,Knockout,Lung Adenocarcinoma Cell Line,PC-9,1285,2021,Vichas A (2021),34373451,3.386606454849243,-0.028687860816717148,11.705345296587225,-0.0703347773285084
1513,U_1799_inc,U_1799_inc (forward),Forward,False,Validation,square,increase cell proliferation in a RIT1M90I mutant background,Fitness / Proliferation / Viability,Cell-essential genes and growth restrictive genes in a RIT1M90I mutant background,bidirectional,bidirectional,Knockout,Lung Adenocarcinoma Cell Line,PC-9,1285,2021,Vichas A (2021),34373451,5.854745864868164,3.8325202465057373,10.97143996598498,10.67951745293002
1514,U_1799_merged,U_1799_merged (forward),Forward,False,Validation,square,either increases or decreases cell proliferation in a RIT1M90I mutant background,Fitness / Proliferation / Viability,Cell-essential genes and growth restrictive genes in a RIT1M90I mutant background,Positive and Negative Selection,bidirectional,Knockout,Lung Adenocarcinoma Cell Line,PC-9,1285,2021,Vichas A (2021),34373451,3.3435378074645996,-0.04145791009068489,13.392390581164356,-3.5608990988011424
1515,U_1800_dec,U_1800_dec (forward),Forward,False,Validation,square,decrease cell growth in the presence of erlotinib in a RIT1M90I mutant background,Drug / Chemical / Environmental Response,Increased/decreased sensitivity to drug in a RIT1M90I mutant background,bidirectional,bidirectional,Knockout,Lung Adenocarcinoma Cell Line,PC-9,1285,2021,Vichas A (2021),34373451,3.3738183975219727,0.02490435540676117,12.34328535513231,-1.3843183779258779
1516,U_1800_inc,U_1800_inc (forward),Forward,False,Validation,square,increase cell growth in the presence of erlotinib in a RIT1M90I mutant background,Drug / Chemical / Environmental Response,Increased/decreased sensitivity to drug in a RIT1M90I mutant background,bidirectional,bidirectional,Knockout,Lung Adenocarcinoma Cell Line,PC-9,1285,2021,Vichas A (2021),34373451,5.75844669342041,3.855696201324463,10.876130765663154,10.493398367072796
1517,U_1800_merged,U_1800_merged (forward),Forward,False,Validation,square,either increases or decreases cell growth in the presence of erlotinib in a RIT1M90I mutant background,Drug / Chemical / Environmental Response,Increased/decreased sensitivity to drug in a RIT1M90I mutant background,Positive and Negative Selection,bidirectional,Knockout,Lung Adenocarcinoma Cell Line,PC-9,1285,2021,Vichas A (2021),34373451,3.353816270828247,-0.018635552376508713,12.887102448867898,-2.363934833407336
1518,1815,1815 (forward),Forward,False,Validation,square,increases resistance to MERS-CoV infection,Host-Pathogen / Infection Response,Increased resistance to virus,Positive Selection,unidirectional,Knockout,Hepatoma Cell Line,HuH-7,20482,2021,Kratzel A (2021),34962926,4.895670413970947,5.066108703613281,10.910280796439585,10.876045490911293
1519,1816,1816 (forward),Forward,False,Validation,square,increases resistance to MERS-CoV infection,Host-Pathogen / Infection Response,Increased resistance to virus,Positive Selection,unidirectional,Knockout,Hepatoma Cell Line,HuH-7,20482,2021,Kratzel A (2021),34962926,4.907605171203613,4.987646579742432,10.984696024366862,10.846938900238438
1520,1817,1817 (forward),Forward,False,Validation,square,increases resistance to HCoV-229E coronavirus infection,Host-Pathogen / Infection Response,Increased resistance to virus,Positive Selection,unidirectional,Knockout,Hepatoma Cell Line,HuH-7,20482,2021,Kratzel A (2021),34962926,5.215326309204102,4.893309116363525,10.920264324704666,10.811110899374368
1521,1818,1818 (forward),Forward,False,Validation,square,increases resistance to HCoV-229E coronavirus infection,Host-Pathogen / Infection Response,Increased resistance to virus,Positive Selection,unidirectional,Knockout,Hepatoma Cell Line,HuH-7,20482,2021,Kratzel A (2021),34962926,5.250162124633789,4.9522385597229,10.881010519570477,10.862584620634397
1522,1891,1891 (forward),Forward,False,Validation,square,"increases sensitivity to Zika virus infection, as evidenced by depletion of sgRNAs in surviving infected cells",Host-Pathogen / Infection Response,Increased sensitivity to virus,Negative Selection,unidirectional,Activation,Fibroblast Cell Line,STAT1−/− fibroblasts,18836,2021,Luu AP (2021),34834920,4.359059810638428,4.901080131530762,10.510321348921654,10.52865898619442
1523,1910,1910 (forward),Forward,False,Validation,square,decreases cell proliferation in primary melanoma cells,Fitness / Proliferation / Viability,Tumor promoting genes,Negative Selection,unidirectional,Knockout,Melanoma Cell Line,primary melanoma cell line,248,2021,Frangieh CJ (2021),33649592,4.618713855743408,-5.128587245941162,2.187798815421781,8.41576484945109
1524,1911,1911 (forward),Forward,False,Validation,square,increases tumor cell proliferation in the presence of IFNγ,Drug / Chemical / Environmental Response,Tumor cell response to IFNgamma,Positive Selection,unidirectional,Knockout,Melanoma Cell Line,primary melanoma cell line,248,2021,Frangieh CJ (2021),33649592,5.327947616577148,3.8524813652038574,10.914443027107305,10.813057321193881
1525,1912,1912 (forward),Forward,False,Validation,square,increases tumor cell proliferation in the presence of co-cultured T cells,Drug / Chemical / Environmental Response,Tumor cell response to immune checkpoint blockade,Positive Selection,unidirectional,Knockout,Melanoma Cell Line,primary melanoma cell line,248,2021,Frangieh CJ (2021),33649592,5.312546253204346,3.6449408531188965,10.90581190705755,10.749072739525849
1526,1913,1913 (forward),Forward,False,Validation,square,"increases tumor cell proliferation in the presence of co-cultured T-cells, indicating immune evasion",Drug / Chemical / Environmental Response,Tumor cell response to immune checkpoint blockade,Positive Selection,unidirectional,Knockout,Melanoma Cell Line,primary melanoma cell line,248,2021,Frangieh CJ (2021),33649592,5.3717265129089355,3.6991562843322754,10.626795461476696,10.118707682318107
1527,1914,1914 (forward),Forward,False,Validation,square,increases immune evasion as measured by increased tumor cell proliferation in the presence of co-cultured T-cells,Drug / Chemical / Environmental Response,Tumor cell response to immune checkpoint blockade,Positive Selection,unidirectional,Knockout,Melanoma Cell Line,primary melanoma cell line,248,2021,Frangieh CJ (2021),33649592,5.386995792388916,3.726327896118164,10.926580126727343,10.843186783232778
1528,1915,1915 (forward),Forward,False,Validation,square,increases tumor cell proliferation in the presence of co-cultured T cells compared to IFNg-treated controls,Drug / Chemical / Environmental Response,Tumor cell response to immune checkpoint blockade,Positive Selection,unidirectional,Knockout,Melanoma Cell Line,primary melanoma cell line,248,2021,Frangieh CJ (2021),33649592,5.39548921585083,3.688260555267334,10.907578819701795,10.747965339563077
1529,1916,1916 (forward),Forward,False,Validation,square,increases tumor cell proliferation in the presence of co-cultured T-cells,Drug / Chemical / Environmental Response,Tumor cell response to immune checkpoint blockade,Positive Selection,unidirectional,Knockout,Melanoma Cell Line,primary melanoma cell line,248,2021,Frangieh CJ (2021),33649592,5.437850475311279,3.68686580657959,10.964078442138954,10.79464223114842
1530,1917,1917 (forward),Forward,False,Validation,square,"increases tumor cell proliferation in the presence of co-cultured T-cells, indicating immune evasion",Fitness / Proliferation / Viability,Tumor cell response to immune checkpoint blockade,Positive Selection,unidirectional,Knockout,Melanoma Cell Line,primary melanoma cell line,247,2021,Frangieh CJ (2021),33649592,5.4084978103637695,3.7058749198913574,10.909374611337642,10.746433947058929
1531,1947,1947 (forward),Forward,False,Validation,square,increases resistance to doxorubicin toxicity in iPS-derived cardiomyocytes,Drug / Chemical / Environmental Response,Increased resistance to drug,Positive Selection,unidirectional,Knockout,cardiac muscle cell line,cardiomyocyte cell line,16006,2021,Sapp V (2021),34230586,3.944397211074829,4.258240222930908,10.984474069608401,10.844828121159722
1532,1986,1986 (forward),Forward,False,Validation,square,impacts response to chemicals,Drug / Chemical / Environmental Response,Increased/decreased drug resistance,Positive and Negative Selection,recovered_bidirectional,Knockout,Pre-B Acute Lymphoblastic Leukemia Cell Line,NALM-6,18921,2021,Saraon P (2021),34662547,4.793315887451172,4.35145902633667,10.619697837228196,10.515687970998382
1533,1989,1989 (forward),Forward,False,Validation,square,impacts response to chemicals,Drug / Chemical / Environmental Response,Increased/decreased drug resistance,Positive and Negative Selection,recovered_bidirectional,Knockout,Acute Myeloid Leukemia Cell Line,OCI-AML-1,18832,2021,Chagraoui J (2021),33417871,4.811548709869385,4.574305057525635,10.36503237666826,10.18789267987831
1534,1990,1990 (forward),Forward,False,Validation,square,impacts response to chemicals,Drug / Chemical / Environmental Response,Increased/decreased drug resistance,Positive and Negative Selection,recovered_bidirectional,Knockout,Acute Myeloid Leukemia Cell Line,OCI-AML-1,18832,2021,Chagraoui J (2021),33417871,4.629556179046631,-0.17737163603305817,8.36832840528594,7.879411491234076
1535,1991,1991 (forward),Forward,False,Validation,square,impacts response to chemicals,Drug / Chemical / Environmental Response,Increased/decreased drug resistance,Positive and Negative Selection,recovered_bidirectional,Knockout,Acute Myeloid Leukemia Cell Line,OCI-AML-5,18834,2021,Chagraoui J (2021),33417871,5.348280906677246,4.812990188598633,10.897247599530344,10.77820916739457
1536,1995,1995 (forward),Forward,False,Validation,square,impacts response to chemicals,Drug / Chemical / Environmental Response,Increased/decreased drug resistance,Positive and Negative Selection,recovered_bidirectional,Knockout,Pre-B Acute Lymphoblastic Leukemia Cell Line,NALM-6,18901,2021,Benslimane Y (2021),33660365,4.739813804626465,1.4911929368972778,9.896393405341437,9.641596440259223
1537,U_1996_dec,U_1996_dec (forward),Forward,False,Validation,square,decrease cell proliferation in the TAPR1 (HAPSTR1) knockout background,Fitness / Proliferation / Viability,Cell essential and growth restrictive genes in a TAPR1 (HAPSTR1) KO background,bidirectional,bidirectional,Knockout,Pre-B Acute Lymphoblastic Leukemia Cell Line,NALM-6,17989,2021,Benslimane Y (2021),33660365,5.053884029388428,3.9961376190185547,10.588374139721104,10.445784544493797
1538,U_1996_inc,U_1996_inc (forward),Forward,False,Validation,square,increase cell proliferation in the TAPR1 (HAPSTR1) knockout background,Fitness / Proliferation / Viability,Cell essential and growth restrictive genes in a TAPR1 (HAPSTR1) KO background,bidirectional,bidirectional,Knockout,Pre-B Acute Lymphoblastic Leukemia Cell Line,NALM-6,17989,2021,Benslimane Y (2021),33660365,5.1671857833862305,4.147558212280273,10.916226361329047,10.884160954633428
1539,U_1996_merged,U_1996_merged (forward),Forward,False,Validation,square,either increases or decreases cell proliferation in the TAPR1 (HAPSTR1) knockout background,Fitness / Proliferation / Viability,Cell essential and growth restrictive genes in a TAPR1 (HAPSTR1) KO background,Positive and Negative Selection,bidirectional,Knockout,Pre-B Acute Lymphoblastic Leukemia Cell Line,NALM-6,17989,2021,Benslimane Y (2021),33660365,5.153359413146973,4.128390312194824,10.83682018912069,10.782476198665051
1540,2003,2003 (forward),Forward,False,Validation,square,impacts response to chemicals,Drug / Chemical / Environmental Response,Increased/decreased drug resistance,Positive and Negative Selection,recovered_bidirectional,Knockout,Pre-B Acute Lymphoblastic Leukemia Cell Line,NALM-6,18603,2021,Sohail M (2021),34316707,4.541504859924316,4.337098598480225,10.898409289737783,10.80484356211734
1541,2004,2004 (forward),Forward,False,Validation,square,impacts response to chemicals,Drug / Chemical / Environmental Response,Increased/decreased drug resistance,Positive and Negative Selection,recovered_bidirectional,Knockout,Pre-B Acute Lymphoblastic Leukemia Cell Line,NALM-6,18667,2021,Sohail M (2021),34316707,4.476805686950684,4.438997268676758,10.986380712046213,10.849035386844548
1542,2005,2005 (forward),Forward,False,Validation,square,impacts response to chemicals,Drug / Chemical / Environmental Response,Increased/decreased drug resistance,Positive and Negative Selection,recovered_bidirectional,Knockout,Pre-B Acute Lymphoblastic Leukemia Cell Line,NALM-6,18896,2021,Sohail M (2021),34316707,4.368647575378418,4.218011379241943,10.399776435359616,10.212082095377095
1543,2048,2048 (forward),Forward,False,Validation,square,increases resistance to aflatoxin B1 as measured by increased viability,Drug / Chemical / Environmental Response,Increased resistance to toxin,Positive Selection,unidirectional,Knockout,Hepatoma Cell Line,PLC/PRF/5,18983,2021,Zhu Q (2021),34373448,5.115049839019775,4.741092681884766,10.939780400173786,10.702859105867889
1544,2089,2089 (forward),Forward,False,Validation,square,decreases cell proliferation in ELOF1 knockout cells,Fitness / Proliferation / Viability,Cell essential genes in an ELOF1 KO background,Negative Selection,unidirectional,Knockout,Embryonic Cell Line,HUES 62,17990,2021,van der Weegen Y (2021),34108663,4.261488437652588,4.689716339111328,10.918718838727049,10.806958983700854
1545,2104,2104 (forward),Forward,False,Validation,square,increases accumulation of NMD-reporter protein as measured by fluorescence,Molecular Output / Reporter / Pathway Activity,Regulation of Nonsense Mediated Decay (NMD),Phenotype Screen,unidirectional,Knockout,Osteosarcoma Cell Line,U2OS,18736,2021,Cheruiyot A (2021),34215620,5.121584892272949,4.22825813293457,9.935429129420116,8.636737505675724
1546,2137,2137 (forward),Forward,False,Validation,square,increases IFN response as measured by increased Viperin protein accumulation,Molecular Output / Reporter / Pathway Activity,Regulation of IFN response,Phenotype Screen,unidirectional,Knockout,Lymphoma or Leukaemia Cell Line,BLaER1,19451,2021,Gaidt MM (2021),34759314,5.597626209259033,4.208930015563965,10.908433415851055,10.81188506583759
1547,2309,2309 (forward),Forward,False,Validation,square,"decreases resistance to the ATR inhibitor AZD6738, as measured by reduced cell survival in the presence of the drug",Drug / Chemical / Environmental Response,Decreased drug resistance,Negative Selection,unidirectional,Knockout,Embryonic Kidney Cell Line,HEK293-A,17373,2021,Wang C (2021),34320214,4.572303295135498,2.961540699005127,10.403980096938351,10.304663050971946
1548,2310,2310 (forward),Forward,False,Validation,square,"decreases drug resistance to the CHK inhibitor LY2603618, as evidenced by synthetic lethality (reduced cell viability) upon treatment",Drug / Chemical / Environmental Response,Decreased drug resistance,Negative Selection,unidirectional,Knockout,Embryonic Kidney Cell Line,HEK293-A,17373,2021,Wang C (2021),34320214,4.667810916900635,2.8732995986938477,7.3150084985917205,8.338215665188494
1549,2311,2311 (forward),Forward,False,Validation,square,decreases drug resistance to the ATM inhibitor AZD0156,Drug / Chemical / Environmental Response,Decreased drug resistance,Negative Selection,unidirectional,Knockout,Embryonic Kidney Cell Line,HEK293-A,17873,2021,Wang C (2021),34320214,5.087274551391602,5.166335105895996,10.91606934285237,10.729999401706243
1550,2312,2312 (forward),Forward,False,Validation,square,decreases drug resistance to the ATM inhibitor AZD0156,Drug / Chemical / Environmental Response,Decreased drug resistance,Negative Selection,unidirectional,Knockout,Embryonic Kidney Cell Line,HEK293-A,17872,2021,Wang C (2021),34320214,4.3939642906188965,3.4136197566986084,10.988724285073587,10.850666516373863
1551,2313,2313 (forward),Forward,False,Validation,square,decreases drug resistance to the DNAPK inhibitor NU7441,Drug / Chemical / Environmental Response,Decreased drug resistance,Negative Selection,unidirectional,Knockout,Embryonic Kidney Cell Line,HEK293-A,17873,2021,Wang C (2021),34320214,4.486448287963867,4.858039379119873,10.913802133747541,10.803549358903753
1552,2314,2314 (forward),Forward,False,Validation,square,decreases drug resistance to the mTOR inhibitor rapamycin,Drug / Chemical / Environmental Response,Decreased drug resistance,Negative Selection,unidirectional,Knockout,Embryonic Kidney Cell Line,HEK293-A,17872,2021,Wang C (2021),34320214,5.524238109588623,3.9655160903930664,10.805201338874562,10.42274431711825
1553,2315,2315 (forward),Forward,False,Validation,square,decreases resistance to the PARP inhibitor olaparib,Drug / Chemical / Environmental Response,Decreased drug resistance,Phenotype Screen,unidirectional,Knockout,Embryonic Kidney Cell Line,HEK293-A,17872,2021,Wang C (2021),34320214,5.065019130706787,4.597897529602051,10.923190366404466,10.803453015990435
1554,2316,2316 (forward),Forward,False,Validation,square,"decreases drug resistance to combined PARP (Olaparib, 1 μM) and ATM (AZD0156, 0.5 μM) inhibition",Drug / Chemical / Environmental Response,Decreased drug resistance,Negative Selection,unidirectional,Knockout,Embryonic Kidney Cell Line,HEK293-A,17873,2021,Wang C (2021),34320214,5.356440544128418,3.5713422298431396,10.961767578338936,10.660256507340328
1555,2317,2317 (forward),Forward,False,Validation,square,"decreases drug resistance to the ATR inhibitor AZD6738, as measured by reduced viability under drug treatment (synthetic lethality)",Drug / Chemical / Environmental Response,Decreased drug resistance,Negative Selection,unidirectional,Knockout,Colorectal Cancer Cell Line,HCT 116,17308,2021,Wang C (2021),34320214,3.7296881675720215,-3.674159049987793,2.9007841659333886,8.528465050305908
1556,2318,2318 (forward),Forward,False,Validation,square,"decreases drug resistance to the CHK inhibitor LY2603618, consistent with synthetic lethality",Drug / Chemical / Environmental Response,Decreased drug resistance,Negative Selection,unidirectional,Knockout,Colorectal Cancer Cell Line,HCT 116,17309,2021,Wang C (2021),34320214,3.71696400642395,-3.6773717403411865,2.441925465113269,8.118807281574405
1557,2445,2445 (forward),Forward,False,Validation,square,increases drug resistance to HB007 in HCT 116 cells,Drug / Chemical / Environmental Response,Increased resistance to drug,Positive Selection,unidirectional,Knockout,Colorectal Cancer Cell Line,HCT 116,20452,2021,Bellail AC (2021),34644148,4.524806022644043,4.135921478271484,10.562843935363194,10.421294925355681
1558,TR_1669_1670,TR_1669_1670 (forward),Forward,False,Validation,square,increases resistance to CBK77,Drug / Chemical / Environmental Response,Increased drug resistance,Positive Selection,unidirectional,Knockout,Melanoma Cell Line,Mel JuSo,18983,2021,Giovannucci TA (2021),34615851,5.107546806335449,4.502511501312256,10.926734444650933,10.80354894903257
1559,TR_1967_1968,TR_1967_1968 (forward),Forward,False,Validation,square,increases nascent RNA accumulation under CDK9 inhibition,Drug / Chemical / Environmental Response,Regulation of transcription,Phenotype Screen,unidirectional,Knockout,Monocytic Leukemia Cell Line,THP-1,19008,2021,Vervoort SJ (2021),34004147,4.930663108825684,4.251814365386963,10.895319231842066,10.78101847905531
1560,TR_1969_1970,TR_1969_1970 (forward),Forward,False,Validation,square,increases resistance to the CDK9 inhibitor AZD5576 as measured by increased cell proliferation,Drug / Chemical / Environmental Response,Increased resistance to drug,Positive Selection,unidirectional,Knockout,Monocytic Leukemia Cell Line,THP-1,19005,2021,Vervoort SJ (2021),34004147,4.728732585906982,1.362392544746399,9.366486672210174,8.929487018653205
1561,TR_1971_1972,TR_1971_1972 (forward),Forward,False,Validation,square,increases resistance to the CDK9 inhibitor Dinaciclib as measured by increased cell proliferation in its presence,Drug / Chemical / Environmental Response,Increased resistance to drug,Positive Selection,unidirectional,Knockout,Monocytic Leukemia Cell Line,THP-1,19005,2021,Vervoort SJ (2021),34004147,4.829798221588135,4.239598274230957,10.777329383001401,10.79613931930352
1562,TR_1973_1974,TR_1973_1974 (forward),Forward,False,Validation,square,"increases resistance to the CDK9 inhibitor A159, as measured by increased cell proliferation in the presence of the drug",Drug / Chemical / Environmental Response,Increased resistance to drug,Positive Selection,unidirectional,Knockout,Monocytic Leukemia Cell Line,THP-1,20482,2021,Vervoort SJ (2021),34004147,5.961008071899414,4.3579630851745605,10.972936789788976,10.67075452482835
1563,TR_1975_1976,TR_1975_1976 (forward),Forward,False,Validation,square,"increases resistance to the CDK9 inhibitor AZ5576, as measured by increased cell proliferation in its presence",Drug / Chemical / Environmental Response,Increased resistance to drug,Positive Selection,unidirectional,Knockout,Monocytic Leukemia Cell Line,THP-1,20494,2021,Vervoort SJ (2021),34004147,4.812790870666504,0.15932442247867584,7.981439046559337,7.233428468949288
1564,TR_1977_1978,TR_1977_1978 (forward),Forward,False,Validation,square,increases resistance to the CDK9 inhibitor Dinaciclib as measured by increased cell proliferation in its presence,Drug / Chemical / Environmental Response,Increased resistance to drug,Positive Selection,unidirectional,Knockout,Monocytic Leukemia Cell Line,THP-1,20500,2021,Vervoort SJ (2021),34004147,4.727426052093506,0.5582035779953003,8.978601971768576,7.722978885573648
1565,TR_1979_1980,TR_1979_1980 (forward),Forward,False,Validation,square,increases resistance to the CDK9 inhibitor AZ5576 as measured by increased cell proliferation in the presence of the drug,Drug / Chemical / Environmental Response,Increased resistance to drug,Positive Selection,unidirectional,Knockout,Acute Myeloid Leukemia Cell Line,MV4-11,18839,2021,Vervoort SJ (2021),34004147,4.5825042724609375,4.764067649841309,10.925810882735817,10.80356533238347
1566,TR_1981_1982,TR_1981_1982 (forward),Forward,False,Validation,square,increases resistance to the CDK9 inhibitor Dinaciclib as measured by increased cell proliferation in its presence,Drug / Chemical / Environmental Response,Increased resistance to drug,Positive Selection,unidirectional,Knockout,Acute Myeloid Leukemia Cell Line,MV4-11,18746,2021,Vervoort SJ (2021),34004147,5.172052383422852,4.508939743041992,10.988592039634234,10.850510683627752
1567,1704,1704 (forward),Forward,False,Test,diamond,increases resistance to SARS-CoV-2 infection (decreased viral infection),Host-Pathogen / Infection Response,Increased resistance to virus,Positive Selection,unidirectional,Knockout,Lung Adenocarcinoma Cell Line,Calu-3,19006,2022,Biering SB (2022),35879412,3.775336980819702,7.075859546661377,10.999266186908844,10.894474841346115
1568,1706,1706 (forward),Forward,False,Test,diamond,decreases resistance to SARS-CoV-2 infection,Host-Pathogen / Infection Response,Decreased resistance to virus,Negative Selection,unidirectional,Activation,Lung Adenocarcinoma Cell Line,Calu-3,18754,2022,Biering SB (2022),35879412,4.834672927856445,4.829951286315918,10.987952791222833,10.851363359608019
1569,1708,1708 (forward),Forward,False,Test,diamond,increases resistance to SARS-CoV-2 infection as measured by decreased viral infection,Host-Pathogen / Infection Response,Increased resistance to virus,Positive Selection,unidirectional,Activation,Lung Adenocarcinoma Cell Line,Calu-3,18754,2022,Biering SB (2022),35879412,3.8651890754699707,6.989498615264893,10.916681908228929,10.886091674036486
1570,U_1719_dec,U_1719_dec (forward),Forward,False,Test,diamond,decrease cell proliferation,Fitness / Proliferation / Viability,Increased/decreased proliferation,bidirectional,bidirectional,Activation,Lung Cancer Cell Line,A549-SunTag,414,2022,Danziger O (2022),35421191,5.071039199829102,4.875228404998779,10.920386567101314,10.885503810652876
1571,U_1719_inc,U_1719_inc (forward),Forward,False,Test,diamond,increase cell proliferation,Fitness / Proliferation / Viability,Increased/decreased proliferation,bidirectional,bidirectional,Activation,Lung Cancer Cell Line,A549-SunTag,414,2022,Danziger O (2022),35421191,4.23480224609375,4.597785472869873,10.890504631022477,10.787819792208401
1572,U_1719_merged,U_1719_merged (forward),Forward,False,Test,diamond,either increases or decreases cell proliferation,Fitness / Proliferation / Viability,Increased/decreased proliferation,Positive and Negative Selection,bidirectional,Activation,Lung Cancer Cell Line,A549-SunTag,414,2022,Danziger O (2022),35421191,4.8968119621276855,4.829959392547607,10.920386567101314,10.885503810652876
1573,U_1722_dec,U_1722_dec (forward),Forward,False,Test,diamond,decrease cell proliferation in STAT1 knockout A549-deltaSTAT1-SunTag lung cancer cells,Fitness / Proliferation / Viability,Increased/decreased proliferation,bidirectional,bidirectional,Activation,Lung Cancer Cell Line,A549-deltaSTAT1-SunTag,414,2022,Danziger O (2022),35421191,4.909956455230713,4.988475322723389,10.987804707335654,10.85529848207145
1574,U_1722_inc,U_1722_inc (forward),Forward,False,Test,diamond,increase cell proliferation in STAT1 knockout A549-deltaSTAT1-SunTag lung cancer cells,Fitness / Proliferation / Viability,Increased/decreased proliferation,bidirectional,bidirectional,Activation,Lung Cancer Cell Line,A549-deltaSTAT1-SunTag,414,2022,Danziger O (2022),35421191,4.149545192718506,4.226266384124756,10.930377964652104,10.793017366640594
1575,U_1722_merged,U_1722_merged (forward),Forward,False,Test,diamond,either increases or decreases cell proliferation in STAT1 knockout A549-deltaSTAT1-SunTag lung cancer cells,Fitness / Proliferation / Viability,Increased/decreased proliferation,Positive and Negative Selection,bidirectional,Activation,Lung Cancer Cell Line,A549-deltaSTAT1-SunTag,414,2022,Danziger O (2022),35421191,4.848320960998535,4.872786045074463,10.987804707335654,10.85529848207145
1576,U_1732_dec,U_1732_dec (forward),Forward,False,Test,diamond,decrease RelA nuclear translocation upon TNFalpha stimulation,Molecular Output / Reporter / Pathway Activity,Increased/decreased protein localization,bidirectional,bidirectional,Knockout,Cervical Adenocarcinoma Cell Line,HeLa RelA-mNeonGreen,1067,2022,Schraivogel D (2022),35050652,4.935951232910156,3.6253678798675537,9.253441373471436,10.314862196477693
1577,U_1732_inc,U_1732_inc (forward),Forward,False,Test,diamond,increase RelA nuclear translocation upon TNFalpha stimulation,Molecular Output / Reporter / Pathway Activity,Increased/decreased protein localization,bidirectional,bidirectional,Knockout,Cervical Adenocarcinoma Cell Line,HeLa RelA-mNeonGreen,1067,2022,Schraivogel D (2022),35050652,4.736980438232422,4.935474872589111,10.987314067278847,10.849047933131118
1578,U_1732_merged,U_1732_merged (forward),Forward,False,Test,diamond,either increases or decreases RelA nuclear translocation upon TNFalpha stimulation,Molecular Output / Reporter / Pathway Activity,Increased/decreased protein localization,Positive and Negative Selection,bidirectional,Knockout,Cervical Adenocarcinoma Cell Line,HeLa RelA-mNeonGreen,1067,2022,Schraivogel D (2022),35050652,4.980580806732178,3.571711301803589,9.207775356844627,10.264425661375302
1579,U_1733_dec,U_1733_dec (forward),Forward,False,Test,diamond,decrease RelA nuclear translocation upon TNFα stimulation,Molecular Output / Reporter / Pathway Activity,Increased/decreased protein localization,bidirectional,bidirectional,Knockout,Cervical Adenocarcinoma Cell Line,HeLa RelA-mNeonGreen,18385,2022,Schraivogel D (2022),35050652,4.902104377746582,3.519510269165039,10.775610755568607,10.547095268750196
1580,U_1733_inc,U_1733_inc (forward),Forward,False,Test,diamond,increase RelA nuclear translocation upon TNFα stimulation,Molecular Output / Reporter / Pathway Activity,Increased/decreased protein localization,bidirectional,bidirectional,Knockout,Cervical Adenocarcinoma Cell Line,HeLa RelA-mNeonGreen,18385,2022,Schraivogel D (2022),35050652,4.982088565826416,4.750105857849121,10.902168142368264,10.786386150980517
1581,U_1733_merged,U_1733_merged (forward),Forward,False,Test,diamond,either increases or decreases RelA nuclear translocation upon TNFα stimulation,Molecular Output / Reporter / Pathway Activity,Increased/decreased protein localization,Positive and Negative Selection,bidirectional,Knockout,Cervical Adenocarcinoma Cell Line,HeLa RelA-mNeonGreen,18385,2022,Schraivogel D (2022),35050652,4.913939476013184,3.5255954265594482,10.633085813334393,10.389885520413484
1582,U_1735_dec,U_1735_dec (forward),Forward,False,Test,diamond,decrease cell proliferation in DMSO-treated control conditions,Fitness / Proliferation / Viability,Increased/decreased resistance to drug,bidirectional,bidirectional,Knockout,Colonic Adenocarcinoma Cell Line,HT-29,19008,2022,Akinci E (2022),https://www.biorxiv.org/content/10.1101/2020.08.27.270819v1.full,3.342170476913452,0.16646967828273773,7.370406907640557,4.733148614877167
1583,U_1735_inc,U_1735_inc (forward),Forward,False,Test,diamond,increase cell proliferation in DMSO-treated control conditions,Fitness / Proliferation / Viability,Increased/decreased resistance to drug,bidirectional,bidirectional,Knockout,Colonic Adenocarcinoma Cell Line,HT-29,19008,2022,Akinci E (2022),https://www.biorxiv.org/content/10.1101/2020.08.27.270819v1.full,4.748547077178955,5.093802452087402,10.997738936590716,10.882522283673724
1584,U_1735_merged,U_1735_merged (forward),Forward,False,Test,diamond,either increases or decreases cell proliferation in DMSO-treated control conditions,Fitness / Proliferation / Viability,Increased/decreased resistance to drug,Positive and Negative Selection,bidirectional,Knockout,Colonic Adenocarcinoma Cell Line,HT-29,19008,2022,Akinci E (2022),https://www.biorxiv.org/content/10.1101/2020.08.27.270819v1.full,3.317443609237671,0.19494019448757172,8.730817075118836,3.664394642534216
1585,U_1736_dec,U_1736_dec (forward),Forward,False,Test,diamond,decrease resistance to hydroxychloroquine,Drug / Chemical / Environmental Response,Increased/decreased resistance to drug,bidirectional,bidirectional,Knockout,Colonic Adenocarcinoma Cell Line,HT-29,19008,2022,Akinci E (2022),https://www.biorxiv.org/content/10.1101/2020.08.27.270819v1.full,3.342740297317505,0.1933683156967163,6.080392709456684,7.912038522980892
1586,U_1736_inc,U_1736_inc (forward),Forward,False,Test,diamond,increase resistance to hydroxychloroquine,Drug / Chemical / Environmental Response,Increased/decreased resistance to drug,bidirectional,bidirectional,Knockout,Colonic Adenocarcinoma Cell Line,HT-29,19008,2022,Akinci E (2022),https://www.biorxiv.org/content/10.1101/2020.08.27.270819v1.full,5.828451156616211,4.013053894042969,10.991496390137119,10.853597477859815
1587,U_1736_merged,U_1736_merged (forward),Forward,False,Test,diamond,either increases or decreases resistance to hydroxychloroquine,Drug / Chemical / Environmental Response,Increased/decreased resistance to drug,Positive and Negative Selection,bidirectional,Knockout,Colonic Adenocarcinoma Cell Line,HT-29,19008,2022,Akinci E (2022),https://www.biorxiv.org/content/10.1101/2020.08.27.270819v1.full,3.4271085262298584,0.19016797840595245,7.844989757352756,7.828277660284001
1588,U_1737_dec,U_1737_dec (forward),Forward,False,Test,diamond,decrease resistance to remdesivir,Drug / Chemical / Environmental Response,Increased/decreased resistance to drug,bidirectional,bidirectional,Knockout,Colonic Adenocarcinoma Cell Line,HT-29,19008,2022,Akinci E (2022),https://www.biorxiv.org/content/10.1101/2020.08.27.270819v1.full,3.3683383464813232,0.15122222900390625,6.54195306092863,6.8507868561773995
1589,U_1737_inc,U_1737_inc (forward),Forward,False,Test,diamond,increase resistance to remdesivir,Drug / Chemical / Environmental Response,Increased/decreased resistance to drug,bidirectional,bidirectional,Knockout,Colonic Adenocarcinoma Cell Line,HT-29,19008,2022,Akinci E (2022),https://www.biorxiv.org/content/10.1101/2020.08.27.270819v1.full,5.663402080535889,4.230643272399902,10.99611634161141,10.820451491242238
1590,U_1737_merged,U_1737_merged (forward),Forward,False,Test,diamond,either increases or decreases resistance to remdesivir,Drug / Chemical / Environmental Response,Increased/decreased resistance to drug,Positive and Negative Selection,bidirectional,Knockout,Colonic Adenocarcinoma Cell Line,HT-29,19008,2022,Akinci E (2022),https://www.biorxiv.org/content/10.1101/2020.08.27.270819v1.full,3.417166233062744,0.1774214208126068,7.2388136296964305,7.884041916557867
1591,U_1738_dec,U_1738_dec (forward),Forward,False,Test,diamond,decrease resistance to hydroxychloroquine,Drug / Chemical / Environmental Response,Increased/decreased resistance to drug,bidirectional,bidirectional,Knockout,Colonic Adenocarcinoma Cell Line,HT-29,19008,2022,Akinci E (2022),https://www.biorxiv.org/content/10.1101/2020.08.27.270819v1.full,4.199478626251221,4.578077793121338,10.987509886102963,10.847984659851207
1592,U_1738_inc,U_1738_inc (forward),Forward,False,Test,diamond,increase resistance to hydroxychloroquine,Drug / Chemical / Environmental Response,Increased/decreased resistance to drug,bidirectional,bidirectional,Knockout,Colonic Adenocarcinoma Cell Line,HT-29,19008,2022,Akinci E (2022),https://www.biorxiv.org/content/10.1101/2020.08.27.270819v1.full,5.782680034637451,4.180202007293701,10.921794025236437,10.811523694498433
1593,U_1738_merged,U_1738_merged (forward),Forward,False,Test,diamond,either increases or decreases resistance to hydroxychloroquine,Drug / Chemical / Environmental Response,Increased/decreased resistance to drug,Positive and Negative Selection,bidirectional,Knockout,Colonic Adenocarcinoma Cell Line,HT-29,19008,2022,Akinci E (2022),https://www.biorxiv.org/content/10.1101/2020.08.27.270819v1.full,5.806381702423096,4.168093681335449,10.924192178158233,10.811137041864564
1594,U_1739_dec,U_1739_dec (forward),Forward,False,Test,diamond,decrease resistance to the drug,Drug / Chemical / Environmental Response,Increased/decreased resistance to drug,bidirectional,bidirectional,Knockout,Colonic Adenocarcinoma Cell Line,HT-29,19008,2022,Akinci E (2022),https://www.biorxiv.org/content/10.1101/2020.08.27.270819v1.full,5.229316234588623,4.550762176513672,10.982278932097172,10.843307500008159
1595,U_1739_inc,U_1739_inc (forward),Forward,False,Test,diamond,increase resistance to the drug,Drug / Chemical / Environmental Response,Increased/decreased resistance to drug,bidirectional,bidirectional,Knockout,Colonic Adenocarcinoma Cell Line,HT-29,19008,2022,Akinci E (2022),https://www.biorxiv.org/content/10.1101/2020.08.27.270819v1.full,5.683887481689453,4.174726486206055,11.020459117260307,10.790257192483153
1596,U_1739_merged,U_1739_merged (forward),Forward,False,Test,diamond,either increases or decreases resistance to the drug,Drug / Chemical / Environmental Response,Increased/decreased resistance to drug,Positive and Negative Selection,bidirectional,Knockout,Colonic Adenocarcinoma Cell Line,HT-29,19008,2022,Akinci E (2022),https://www.biorxiv.org/content/10.1101/2020.08.27.270819v1.full,5.662780284881592,4.201837539672852,11.019259147201504,10.78808266093081
1597,1743,1743 (forward),Forward,False,Test,diamond,increases sensitivity to gemcitabine,Drug / Chemical / Environmental Response,Increased sensitivity to drug,Negative Selection,unidirectional,Knockout,Pancreatic Adenocarcinoma Cell Line,AsPC-1,995,2022,Thummuri D (2022),34667112,4.550325870513916,3.523183822631836,9.508651153777674,10.333312386698545
1598,1744,1744 (forward),Forward,False,Test,diamond,increases drug resistance to gemcitabine,Drug / Chemical / Environmental Response,Increased drug resistance,Positive Selection,unidirectional,Knockout,Pancreatic Adenocarcinoma Cell Line,AsPC-1,995,2022,Thummuri D (2022),34667112,3.441131830215454,4.011737823486328,9.592553114669798,10.487720825709458
1599,1745,1745 (forward),Forward,False,Test,diamond,increases sensitivity to niraparib,Drug / Chemical / Environmental Response,Increased sensitivity to drug,Negative Selection,unidirectional,Knockout,Pancreatic Adenocarcinoma Cell Line,AsPC-1,995,2022,Thummuri D (2022),34667112,4.579385757446289,3.7375261783599854,10.903821840869227,10.813406058360986
1600,1746,1746 (forward),Forward,False,Test,diamond,increases drug resistance,Drug / Chemical / Environmental Response,Increased resistance to drug,Positive Selection,unidirectional,Knockout,Pancreatic Adenocarcinoma Cell Line,AsPC-1,995,2022,Thummuri D (2022),34667112,3.2255423069000244,2.9984960556030273,10.802441701298605,10.20253544948451
1601,1747,1747 (forward),Forward,False,Test,diamond,increases sensitivity to 5-FU,Drug / Chemical / Environmental Response,Increased sensitivity to drug,Negative Selection,unidirectional,Knockout,Pancreatic Adenocarcinoma Cell Line,AsPC-1,995,2022,Thummuri D (2022),34667112,4.507833003997803,3.596959352493286,10.080368840595344,9.134488659822434
1602,1748,1748 (forward),Forward,False,Test,diamond,increases resistance to 5-FU,Drug / Chemical / Environmental Response,Increased drug resistance,Positive Selection,unidirectional,Knockout,Pancreatic Adenocarcinoma Cell Line,AsPC-1,995,2022,Thummuri D (2022),34667112,3.3167641162872314,3.723177194595337,10.556834018744473,10.302297633846482
1603,1753,1753 (forward),Forward,False,Test,diamond,decreases cell proliferation,Fitness / Proliferation / Viability,Cell-essential genes,Negative Selection,unidirectional,Knockout,Acute Myeloid Leukemia Cell Line,MOLM-13,217,2022,Polyanskaya SA (2022),35021089,14.260492324829102,-3.5269558429718018,10.665548615488175,10.481711749794702
1604,1754,1754 (forward),Forward,False,Test,diamond,decreases cell proliferation,Fitness / Proliferation / Viability,Cell-essential genes,Negative Selection,unidirectional,Knockout,Lymphoma or Leukaemia Cell Line,SEM,217,2022,Polyanskaya SA (2022),35021089,14.258822441101074,-3.5251352787017822,10.40002391870083,10.02337316969908
1605,1755,1755 (forward),Forward,False,Test,diamond,decreases cell proliferation,Fitness / Proliferation / Viability,Cell-essential genes,Negative Selection,unidirectional,Knockout,Acute Myeloid Leukemia Cell Line,NOMO-1,217,2022,Polyanskaya SA (2022),35021089,14.255926132202148,-3.5223326683044434,10.40084878350115,10.025131862886159
1606,1756,1756 (forward),Forward,False,Test,diamond,decreases cell proliferation,Fitness / Proliferation / Viability,Cell-essential genes,Negative Selection,unidirectional,Knockout,Erythroleukemia Cell Line,HEL,217,2022,Polyanskaya SA (2022),35021089,14.259090423583984,-3.5255074501037598,10.680112389331677,10.485484412375968
1607,1757,1757 (forward),Forward,False,Test,diamond,decreases cell proliferation,Fitness / Proliferation / Viability,Cell-essential genes,Negative Selection,unidirectional,Knockout,Acute Myeloid Leukemia Cell Line,OCI-AML-3,217,2022,Polyanskaya SA (2022),35021089,14.259907722473145,-3.5265305042266846,10.863620302113214,10.716346417695757
1608,1758,1758 (forward),Forward,False,Test,diamond,decreases cell proliferation,Fitness / Proliferation / Viability,Cell-essential genes,Negative Selection,unidirectional,Knockout,Lymphoma Cell Line,U-937,217,2022,Polyanskaya SA (2022),35021089,14.258848190307617,-3.525083541870117,10.162590687629688,9.562851522938633
1609,1759,1759 (forward),Forward,False,Test,diamond,decreases cell proliferation,Fitness / Proliferation / Viability,Cell-essential genes,Negative Selection,unidirectional,Knockout,Acute Myeloid Leukemia Cell Line,Kasumi-1,217,2022,Polyanskaya SA (2022),35021089,14.259540557861328,-3.525592088699341,10.3370761797891,8.802477672625574
1610,1760,1760 (forward),Forward,False,Test,diamond,decreases cell proliferation,Fitness / Proliferation / Viability,Cell-essential genes,Negative Selection,unidirectional,Knockout,Chronic Myeloid Leukemia Cell Line,K-562,217,2022,Polyanskaya SA (2022),35021089,14.257495880126953,-3.5238380432128906,10.678539492605417,10.487581780354711
1611,1761,1761 (forward),Forward,False,Test,diamond,decreases cell proliferation,Fitness / Proliferation / Viability,Cell-essential genes,Negative Selection,unidirectional,Knockout,small cell lung cancer,NCI-H1048,217,2022,Polyanskaya SA (2022),35021089,14.230518341064453,-3.496232748031616,10.680185232438637,10.485203779368769
1612,1762,1762 (forward),Forward,False,Test,diamond,decreases cell proliferation,Fitness / Proliferation / Viability,Cell-essential genes,Negative Selection,unidirectional,Knockout,Pancreatic Adenocarcinoma Cell Line,AsPC-1,217,2022,Polyanskaya SA (2022),35021089,14.226189613342285,-3.4925577640533447,10.679051268087257,10.485781680474174
1613,1763,1763 (forward),Forward,False,Test,diamond,decreases cell proliferation,Fitness / Proliferation / Viability,Cell-essential genes,Negative Selection,unidirectional,Knockout,Rhabdomyosarcoma Cell Line,Rh30,217,2022,Polyanskaya SA (2022),35021089,14.25744342803955,-3.5234971046447754,10.863746140275909,10.716819509974279
1614,1764,1764 (forward),Forward,False,Test,diamond,decreases cell proliferation,Fitness / Proliferation / Viability,Cell-essential genes,Negative Selection,unidirectional,Knockout,Rhabdomyosarcoma Cell Line,RD,217,2022,Polyanskaya SA (2022),35021089,14.234238624572754,-3.5001113414764404,10.677886755903815,10.48251036086115
1615,1804,1804 (forward),Forward,False,Test,diamond,increases drug resistance to panobinostat,Drug / Chemical / Environmental Response,Increased drug resistance,Positive Selection,unidirectional,Knockout,Pre-B Acute Lymphoblastic Leukemia Cell Line,NALM-6,20671,2022,Jiang C (2022),35192680,4.615389823913574,0.24184247851371765,8.525604296257699,7.654329557074874
1616,1805,1805 (forward),Forward,False,Test,diamond,increases drug resistance to panobinostat,Drug / Chemical / Environmental Response,Increased drug resistance,Positive Selection,unidirectional,Knockout,Pre-B Acute Lymphoblastic Leukemia Cell Line,NALM-6,20671,2022,Jiang C (2022),35192680,4.601352691650391,0.3455280065536499,10.076901069103274,8.651782526230953
1617,1821,1821 (forward),Forward,False,Test,diamond,increases resistance to SARS-CoV-2 infection,Host-Pathogen / Infection Response,Increased resistance to virus,Positive Selection,unidirectional,Knockout,Embryonic Kidney Cell Line,HEK293T/ACE2,19007,2022,Grodzki M (2022),35086559,5.903066635131836,5.208277225494385,10.925395419785318,10.893671209856668
1618,1822,1822 (forward),Forward,False,Test,diamond,"increases resistance to SARS-CoV-2 infection, as measured by reduced viral infection in HEK293T-hACE2 cells",Host-Pathogen / Infection Response,Increased resistance to virus,Positive Selection,unidirectional,Knockout,Embryonic Kidney Cell Line,HEK293T/ACE2,19007,2022,Grodzki M (2022),35086559,5.917506694793701,5.14819860458374,10.920522829432901,10.814860680418164
1619,1823,1823 (forward),Forward,False,Test,diamond,increases resistance to SARS-CoV-2 infection as measured by reduced infection of HEK293T-hACE2 cells,Host-Pathogen / Infection Response,Increased resistance to virus,Positive Selection,unidirectional,Knockout,Embryonic Kidney Cell Line,HEK293T/ACE2,19007,2022,Grodzki M (2022),35086559,5.917099952697754,5.159858226776123,10.925089600885542,10.802942843520778
1620,1824,1824 (forward),Forward,False,Test,diamond,increases resistance to SARS-CoV-2 infection,Host-Pathogen / Infection Response,Increased resistance to virus,Positive Selection,unidirectional,Knockout,Embryonic Kidney Cell Line,HEK293T/ACE2,19007,2022,Grodzki M (2022),35086559,5.959194660186768,5.181024551391602,10.909012143092028,10.876430546021622
1621,1825,1825 (forward),Forward,False,Test,diamond,increases resistance to SARS-CoV-2 infection,Host-Pathogen / Infection Response,Increased resistance to virus,Positive Selection,unidirectional,Knockout,Embryonic Kidney Cell Line,HEK293T/ACE2,19007,2022,Grodzki M (2022),35086559,5.934449195861816,5.169689178466797,10.922984725446614,10.800056842345462
1622,1826,1826 (forward),Forward,False,Test,diamond,increases resistance to SARS-CoV-2 infection as measured by decreased viral infection in HEK293T-hACE2 cells,Host-Pathogen / Infection Response,Increased resistance to virus,Positive Selection,unidirectional,Knockout,Embryonic Kidney Cell Line,HEK293T/ACE2,19007,2022,Grodzki M (2022),35086559,3.9236745834350586,6.920559883117676,10.870939252839756,10.91345933745297
1623,1827,1827 (forward),Forward,False,Test,diamond,increases resistance to SARS-CoV-2 infection in HEK293T-hACE2 cells,Host-Pathogen / Infection Response,Increased resistance to virus,Positive Selection,unidirectional,Knockout,Embryonic Kidney Cell Line,HEK293T/ACE2,19007,2022,Grodzki M (2022),35086559,3.945713758468628,6.888546943664551,10.727661413968033,10.745478502450794
1624,1828,1828 (forward),Forward,False,Test,diamond,increases resistance to HCoV-OC43 infection,Host-Pathogen / Infection Response,Increased resistance to virus,Positive Selection,unidirectional,Knockout,Embryonic Kidney Cell Line,HEK293T/ACE2,19007,2022,Grodzki M (2022),35086559,5.624282360076904,5.041754245758057,10.98822960006809,10.849677214675761
1625,1829,1829 (forward),Forward,False,Test,diamond,increases resistance to HCoV-OC43 infection as measured by increased cell survival,Host-Pathogen / Infection Response,Increased resistance to virus,Positive Selection,unidirectional,Knockout,Embryonic Kidney Cell Line,HEK293T/ACE2,18984,2022,Grodzki M (2022),35086559,5.638375759124756,5.008430004119873,10.737897251182954,10.681431197574952
1626,1830,1830 (forward),Forward,False,Test,diamond,"increases resistance to HCoV-OC43 infection, as measured by increased survival of HEK293T-hACE2 cells during prolonged infection",Host-Pathogen / Infection Response,Increased resistance to virus,Positive Selection,unidirectional,Knockout,Embryonic Kidney Cell Line,HEK293T/ACE2,18984,2022,Grodzki M (2022),35086559,5.6010565757751465,5.047501564025879,10.737248880032372,10.68101222270058
1627,U_1862_inc,U_1862_inc (forward),Forward,False,Test,diamond,increase resistance to SARS-CoV-2 infection,Host-Pathogen / Infection Response,Increased/decreased resistance to virus,bidirectional,bidirectional,Knockout,Lung Adenocarcinoma Cell Line,Calu-3,19372,2022,Rebendenne A (2022),35879413,3.8418822288513184,7.057425022125244,11.01367862415632,10.8689105021357
1628,U_1863_inc,U_1863_inc (forward),Forward,False,Test,diamond,increase resistance to SARS-CoV-2 infection,Host-Pathogen / Infection Response,Increased/decreased resistance to virus,bidirectional,bidirectional,Activation,Lung Adenocarcinoma Cell Line,Calu-3,18458,2022,Rebendenne A (2022),35879413,5.008331775665283,5.2190093994140625,10.921255630665584,10.812105854077991
1629,U_1863_dec,U_1863_dec (forward),Forward,False,Test,diamond,decrease resistance to SARS-CoV-2 infection,Host-Pathogen / Infection Response,Increased/decreased resistance to virus,bidirectional,bidirectional,Activation,Lung Adenocarcinoma Cell Line,Calu-3,18458,2022,Rebendenne A (2022),35879413,3.870541572570801,7.018035411834717,10.896860268648336,10.866322905634162
1630,U_1863_merged,U_1863_merged (forward),Forward,False,Test,diamond,either increases or decreases resistance to SARS-CoV-2 infection,Host-Pathogen / Infection Response,Increased/decreased resistance to virus,Positive and Negative Selection,bidirectional,Activation,Lung Adenocarcinoma Cell Line,Calu-3,18458,2022,Rebendenne A (2022),35879413,3.928314208984375,6.989630222320557,10.8923118523612,10.862109797800189
1631,U_1864_inc,U_1864_inc (forward),Forward,False,Test,diamond,increase cellular resistance to SARS-CoV-2 infection,Host-Pathogen / Infection Response,Increased/decreased resistance to virus,bidirectional,bidirectional,Knockout,Colonic Adenocarcinoma Cell Line,Caco-2-ACE2,18422,2022,Rebendenne A (2022),35879413,3.9096739292144775,7.033390045166016,10.916399791393433,10.883409088416677
1632,U_1864_dec,U_1864_dec (forward),Forward,False,Test,diamond,decrease cellular resistance to SARS-CoV-2 infection,Host-Pathogen / Infection Response,Increased/decreased resistance to virus,bidirectional,bidirectional,Knockout,Colonic Adenocarcinoma Cell Line,Caco-2-ACE2,18422,2022,Rebendenne A (2022),35879413,4.243406295776367,5.459026336669922,10.8208941776198,10.83533582768894
1633,U_1864_merged,U_1864_merged (forward),Forward,False,Test,diamond,either increases or decreases cellular resistance to SARS-CoV-2 infection,Host-Pathogen / Infection Response,Increased/decreased resistance to virus,Positive and Negative Selection,bidirectional,Knockout,Colonic Adenocarcinoma Cell Line,Caco-2-ACE2,18422,2022,Rebendenne A (2022),35879413,3.810476064682007,6.786626815795898,10.92424668099146,10.831646925203419
1634,U_1865_inc,U_1865_inc (forward),Forward,False,Test,diamond,increase resistance to SARS-CoV-2 infection,Host-Pathogen / Infection Response,Increased/decreased resistance to virus,bidirectional,bidirectional,Knockout,Lung Cancer Cell Line,A549-ACE2,553,2022,Rebendenne A (2022),35879413,3.963365316390991,6.489367485046387,8.501185803915323,10.071687953159698
1635,U_1865_dec,U_1865_dec (forward),Forward,False,Test,diamond,decrease resistance to SARS-CoV-2 infection,Host-Pathogen / Infection Response,Increased/decreased resistance to virus,bidirectional,bidirectional,Knockout,Lung Cancer Cell Line,A549-ACE2,553,2022,Rebendenne A (2022),35879413,3.2832186222076416,6.950255870819092,6.414294324882276,8.315747103036802
1636,U_1865_merged,U_1865_merged (forward),Forward,False,Test,diamond,either increases or decreases resistance to SARS-CoV-2 infection,Host-Pathogen / Infection Response,Increased/decreased resistance to virus,Positive and Negative Selection,bidirectional,Knockout,Lung Cancer Cell Line,A549-ACE2,553,2022,Rebendenne A (2022),35879413,3.432648181915283,6.897294998168945,9.185395512868933,8.921863111037654
1637,1879,1879 (forward),Forward,False,Test,diamond,increases resistance to polymyxin B,Drug / Chemical / Environmental Response,Increased drug resistance,Positive Selection,unidirectional,Knockout,Kidney Cell Line,HK-2,18983,2022,Lu J (2022),35570209,5.008365631103516,3.8829991817474365,10.642611523038717,10.433814115129984
1638,U_1882_dec,U_1882_dec (forward),Forward,False,Test,diamond,decrease cellular susceptibility to SARS-CoV-2 infection,Host-Pathogen / Infection Response,Increased/decreased resistance to virus,bidirectional,bidirectional,Knockout,Hepatoma Cell Line,Huh-7.5.1-ACE2,553,2022,Rebendenne A (2022),35879413,3.8443098068237305,7.009246826171875,10.07301878319088,9.190888967244103
1639,U_1882_inc,U_1882_inc (forward),Forward,False,Test,diamond,increase cellular susceptibility to SARS-CoV-2 infection,Host-Pathogen / Infection Response,Increased/decreased resistance to virus,bidirectional,bidirectional,Knockout,Hepatoma Cell Line,Huh-7.5.1-ACE2,553,2022,Rebendenne A (2022),35879413,3.265885591506958,6.9442243576049805,3.382522506215631,8.020576867233379
1640,U_1882_merged,U_1882_merged (forward),Forward,False,Test,diamond,either increases or decreases cellular susceptibility to SARS-CoV-2 infection,Host-Pathogen / Infection Response,Increased/decreased resistance to virus,Positive and Negative Selection,bidirectional,Knockout,Hepatoma Cell Line,Huh-7.5.1-ACE2,553,2022,Rebendenne A (2022),35879413,3.5716068744659424,6.968771457672119,4.322130903446708,8.379064218993992
1641,U_1884_inc,U_1884_inc (forward),Forward,False,Test,diamond,increase resistance to SARS-CoV-2 infection,Host-Pathogen / Infection Response,Increased/decreased resistance to virus,bidirectional,bidirectional,Knockout,Colonic Adenocarcinoma Cell Line,Caco-2-ACE2,553,2022,Rebendenne A (2022),35879413,3.9272773265838623,6.853390693664551,10.763058155922463,10.81409852023256
1642,U_1884_dec,U_1884_dec (forward),Forward,False,Test,diamond,decrease resistance to SARS-CoV-2 infection,Host-Pathogen / Infection Response,Increased/decreased resistance to virus,bidirectional,bidirectional,Knockout,Colonic Adenocarcinoma Cell Line,Caco-2-ACE2,553,2022,Rebendenne A (2022),35879413,3.215843677520752,6.9339070320129395,3.4433396391739053,8.255499062188763
1643,U_1884_merged,U_1884_merged (forward),Forward,False,Test,diamond,either increases or decreases resistance to SARS-CoV-2 infection,Host-Pathogen / Infection Response,Increased/decreased resistance to virus,Positive and Negative Selection,bidirectional,Knockout,Colonic Adenocarcinoma Cell Line,Caco-2-ACE2,553,2022,Rebendenne A (2022),35879413,3.6304495334625244,6.988631248474121,7.078154122986167,8.830015244655733
1644,U_1886_inc,U_1886_inc (forward),Forward,False,Test,diamond,increase cellular resistance to SARS-CoV-2 infection,Host-Pathogen / Infection Response,Increased/decreased resistance to virus,bidirectional,bidirectional,Knockout,Lung Adenocarcinoma Cell Line,Calu-3,553,2022,Rebendenne A (2022),35879413,3.804217576980591,7.050114631652832,10.825896540152657,10.721305672363052
1645,U_1886_dec,U_1886_dec (forward),Forward,False,Test,diamond,decrease cellular resistance to SARS-CoV-2 infection,Host-Pathogen / Infection Response,Increased/decreased resistance to virus,bidirectional,bidirectional,Knockout,Lung Adenocarcinoma Cell Line,Calu-3,553,2022,Rebendenne A (2022),35879413,3.2443087100982666,6.934729099273682,7.133020317530523,6.7515722847892405
1646,U_1886_merged,U_1886_merged (forward),Forward,False,Test,diamond,either increases or decreases cellular resistance to SARS-CoV-2 infection,Host-Pathogen / Infection Response,Increased/decreased resistance to virus,Positive and Negative Selection,bidirectional,Knockout,Lung Adenocarcinoma Cell Line,Calu-3,553,2022,Rebendenne A (2022),35879413,3.3939931392669678,6.983942985534668,7.075661516659241,8.8526650521929
1647,U_1887_inc,U_1887_inc (forward),Forward,False,Test,diamond,increase resistance to SARS-CoV-2 infection,Host-Pathogen / Infection Response,Increased/decreased resistance to virus,bidirectional,bidirectional,Knockout,Lung Adenocarcinoma Cell Line,Calu-3,556,2022,Rebendenne A (2022),35879413,3.928053855895996,6.968313217163086,10.92061315356263,10.808261947394957
1648,U_1887_dec,U_1887_dec (forward),Forward,False,Test,diamond,decrease resistance to SARS-CoV-2 infection,Host-Pathogen / Infection Response,Increased/decreased resistance to virus,bidirectional,bidirectional,Knockout,Lung Adenocarcinoma Cell Line,Calu-3,556,2022,Rebendenne A (2022),35879413,3.284689426422119,6.965551853179932,4.918736600349689,6.395174335659775
1649,U_1887_merged,U_1887_merged (forward),Forward,False,Test,diamond,either increases or decreases resistance to SARS-CoV-2 infection,Host-Pathogen / Infection Response,Increased/decreased resistance to virus,Positive and Negative Selection,bidirectional,Knockout,Lung Adenocarcinoma Cell Line,Calu-3,556,2022,Rebendenne A (2022),35879413,3.448566198348999,7.0098724365234375,3.7080434181913464,7.7985662962476985
1650,U_1892_inc,U_1892_inc (forward),Forward,False,Test,diamond,increase resistance to SARS-CoV-2 infection,Host-Pathogen / Infection Response,Increased/decreased resistance to virus,bidirectional,bidirectional,Activation,Lung Cancer Cell Line,A549-ACE2,438,2022,Rebendenne A (2022),35879413,5.318965435028076,4.591665267944336,10.920830827234996,10.812898488673692
1651,U_1892_dec,U_1892_dec (forward),Forward,False,Test,diamond,decrease resistance to SARS-CoV-2 infection,Host-Pathogen / Infection Response,Increased/decreased resistance to virus,bidirectional,bidirectional,Activation,Lung Cancer Cell Line,A549-ACE2,438,2022,Rebendenne A (2022),35879413,3.8793094158172607,6.9982476234436035,10.911629998008525,10.877322218732372
1652,U_1892_merged,U_1892_merged (forward),Forward,False,Test,diamond,either increases or decreases resistance to SARS-CoV-2 infection,Host-Pathogen / Infection Response,Increased/decreased resistance to virus,Positive and Negative Selection,bidirectional,Activation,Lung Cancer Cell Line,A549-ACE2,438,2022,Rebendenne A (2022),35879413,4.007076740264893,6.782354354858398,10.91917524695485,10.886363906024206
1653,U_1893_inc,U_1893_inc (forward),Forward,False,Test,diamond,increase resistance to SARS-CoV-2 infection,Host-Pathogen / Infection Response,Increased/decreased resistance to virus,bidirectional,bidirectional,Activation,Hepatoma Cell Line,Huh-7.5.1-ACE2,438,2022,Rebendenne A (2022),35879413,4.8768486976623535,4.721898078918457,10.921244613921797,10.809061835216001
1654,U_1893_dec,U_1893_dec (forward),Forward,False,Test,diamond,decrease resistance to SARS-CoV-2 infection,Host-Pathogen / Infection Response,Increased/decreased resistance to virus,bidirectional,bidirectional,Activation,Hepatoma Cell Line,Huh-7.5.1-ACE2,438,2022,Rebendenne A (2022),35879413,3.933162212371826,6.921428203582764,10.92616114406795,10.832373477985952
1655,U_1893_merged,U_1893_merged (forward),Forward,False,Test,diamond,either increases or decreases resistance to SARS-CoV-2 infection,Host-Pathogen / Infection Response,Increased/decreased resistance to virus,Positive and Negative Selection,bidirectional,Activation,Hepatoma Cell Line,Huh-7.5.1-ACE2,438,2022,Rebendenne A (2022),35879413,3.8750152587890625,6.930202960968018,10.913050213841048,10.878989002489302
1656,U_1894_inc,U_1894_inc (forward),Forward,False,Test,diamond,increase resistance to SARS-CoV-2 infection,Host-Pathogen / Infection Response,Increased/decreased resistance to virus,bidirectional,bidirectional,Activation,Colonic Adenocarcinoma Cell Line,Caco-2-ACE2,438,2022,Rebendenne A (2022),35879413,5.175475120544434,4.528594493865967,10.916401962033786,10.810554725852812
1657,U_1894_dec,U_1894_dec (forward),Forward,False,Test,diamond,decrease resistance to SARS-CoV-2 infection,Host-Pathogen / Infection Response,Increased/decreased resistance to virus,bidirectional,bidirectional,Activation,Colonic Adenocarcinoma Cell Line,Caco-2-ACE2,438,2022,Rebendenne A (2022),35879413,3.9334089756011963,6.953215599060059,10.89249115709185,10.859668174165067
1658,U_1894_merged,U_1894_merged (forward),Forward,False,Test,diamond,either increases or decreases resistance to SARS-CoV-2 infection,Host-Pathogen / Infection Response,Increased/decreased resistance to virus,Positive and Negative Selection,bidirectional,Activation,Colonic Adenocarcinoma Cell Line,Caco-2-ACE2,438,2022,Rebendenne A (2022),35879413,3.9504547119140625,6.93926477432251,10.917248050860442,10.884596123917978
1659,U_1895_inc,U_1895_inc (forward),Forward,False,Test,diamond,increase resistance to SARS-CoV-2 infection,Host-Pathogen / Infection Response,Increased/decreased resistance to virus,bidirectional,bidirectional,Activation,Lung Adenocarcinoma Cell Line,Calu-3,438,2022,Rebendenne A (2022),35879413,5.03776741027832,5.3037190437316895,10.916845997229283,10.810802700922494
1660,U_1895_dec,U_1895_dec (forward),Forward,False,Test,diamond,decrease resistance to SARS-CoV-2 infection,Host-Pathogen / Infection Response,Increased/decreased resistance to virus,bidirectional,bidirectional,Activation,Lung Adenocarcinoma Cell Line,Calu-3,438,2022,Rebendenne A (2022),35879413,3.964106321334839,6.917337894439697,10.89421723675315,10.859850945105746
1661,U_1895_merged,U_1895_merged (forward),Forward,False,Test,diamond,either increases or decreases resistance to SARS-CoV-2 infection,Host-Pathogen / Infection Response,Increased/decreased resistance to virus,Positive and Negative Selection,bidirectional,Activation,Lung Adenocarcinoma Cell Line,Calu-3,438,2022,Rebendenne A (2022),35879413,3.947538375854492,6.937435626983643,10.893674491826637,10.861466765669494
1662,1897,1897 (forward),Forward,False,Test,diamond,increases PD-L1 protein accumulation (expression),Molecular Output / Reporter / Pathway Activity,Negative regulators of PD-L1 expression,Phenotype Screen,unidirectional,Knockout,Mammary Epithelial Cell Line,HMEC,497,2022,Oreskovic E (2022),35149558,4.728853702545166,4.475713729858398,10.384899625802797,9.712194477176565
1663,1898,1898 (forward),Forward,False,Test,diamond,increases PD-L1 protein accumulation in the presence of IFNgamma,Molecular Output / Reporter / Pathway Activity,Negative regulators of PD-L1 expression in the presence of IFNgamma,Phenotype Screen,unidirectional,Knockout,Mammary Epithelial Cell Line,HMEC,497,2022,Oreskovic E (2022),35149558,5.087942123413086,4.775465965270996,10.399977185254603,9.647138882970317
1664,1900,1900 (forward),Forward,False,Test,diamond,"increases resistance to suppression of T-cell proliferation, as measured by increased T-cell proliferation under suppressive conditions",Drug / Chemical / Environmental Response,Increased resistance to  suppression of T-cell proliferation,Positive Selection,unidirectional,Knockout,T cell,Primary T-cells,19009,2022,Carnevale J (2022),36002574,4.639967441558838,5.41079568862915,10.860279822033776,10.713732502091545
1665,1901,1901 (forward),Forward,False,Test,diamond,"increases resistance to suppression of T-cell proliferation, as measured by increased T-cell proliferation in the presence of cyclosporine",Drug / Chemical / Environmental Response,Increased resistance to  suppression of T-cell proliferation,Positive Selection,unidirectional,Knockout,T cell,Primary T-cells,14463,2022,Carnevale J (2022),36002574,4.85026216506958,4.12413215637207,10.881139230416043,10.733379859734391
1666,1902,1902 (forward),Forward,False,Test,diamond,increases T-cell proliferation under Tacrolimus-mediated suppressive conditions,Drug / Chemical / Environmental Response,Increased resistance to  suppression of T-cell proliferation,Positive Selection,unidirectional,Knockout,T cell,Primary T-cells,14463,2022,Carnevale J (2022),36002574,4.744210720062256,4.160309791564941,10.909500791816866,10.878361344962112
1667,1903,1903 (forward),Forward,False,Test,diamond,increases T-cell proliferation under suppressive TGFβ1 conditions,Drug / Chemical / Environmental Response,Increased resistance to  suppression of T-cell proliferation,Positive Selection,unidirectional,Knockout,T cell,Primary T-cells,18992,2022,Carnevale J (2022),36002574,5.04910945892334,4.034982681274414,10.2939785233172,10.256778390829986
1668,1904,1904 (forward),Forward,False,Test,diamond,increases T-cell proliferation under suppressive conditions (presence of Treg cells),Drug / Chemical / Environmental Response,Increased resistance to  suppression of T-cell proliferation,Positive Selection,unidirectional,Knockout,T cell,Primary T-cells,19007,2022,Carnevale J (2022),36002574,4.7147111892700195,5.320674896240234,10.992447967612815,10.78122682944821
1669,1905,1905 (forward),Forward,False,Test,diamond,increases T-cell proliferation as measured by enrichment of highly dividing T cells in response to proliferation stimulation,Fitness / Proliferation / Viability,Increased T-cell proliferation,Positive Selection,unidirectional,Knockout,T cell,Primary T-cells,19007,2022,Carnevale J (2022),36002574,4.7399373054504395,5.39129638671875,10.827319083407744,10.714082100992611
1670,1948,1948 (forward),Forward,False,Test,diamond,increases resistance to the drug tigecycline,Drug / Chemical / Environmental Response,Increased resistance to drug,Positive Selection,unidirectional,Knockout,Chronic Myeloid Leukemia Cell Line,KBM-7,1227,2022,Sanchez-Burgos L (2022),35861150,4.922003746032715,4.848669052124023,10.918560425030327,10.812060235978391
1671,1953,1953 (forward),Forward,False,Test,diamond,impacts cell proliferation,Drug / Chemical / Environmental Response,Regulation of cancer cell response to immune system,Positive and Negative Selection,recovered_bidirectional,Knockout,Cancer Cell Line,HuP-T3,19580,2022,Hagel KR (2022),36548402,5.218864917755127,4.214724540710449,9.71849386257742,9.282139281555942
1672,1954,1954 (forward),Forward,False,Test,diamond,impacts cell proliferation,Drug / Chemical / Environmental Response,Regulation of cancer cell response to immune system,Positive and Negative Selection,recovered_bidirectional,Knockout,Cancer Cell Line,KP-4,19580,2022,Hagel KR (2022),36548402,5.127409934997559,4.299590110778809,10.669852075253203,9.127440226191322
1673,U_1955_inc,U_1955_inc (forward),Forward,False,Test,diamond,increase resistance to SARS-CoV-2 infection,Host-Pathogen / Infection Response,Increased/decreased resistance to virus,bidirectional,bidirectional,Knockout,Lung Adenocarcinoma Cell Line,Calu-3,19009,2022,Israeli M (2022),35469023,4.031606197357178,7.142155170440674,10.958199826726323,10.898163074058951
1674,U_1955_dec,U_1955_dec (forward),Forward,False,Test,diamond,decrease resistance to SARS-CoV-2 infection,Host-Pathogen / Infection Response,Increased/decreased resistance to virus,bidirectional,bidirectional,Knockout,Lung Adenocarcinoma Cell Line,Calu-3,19009,2022,Israeli M (2022),35469023,5.211064338684082,4.154390811920166,10.643232306464133,10.471343288981707
1675,U_1955_merged,U_1955_merged (forward),Forward,False,Test,diamond,either increases or decreases resistance to SARS-CoV-2 infection,Host-Pathogen / Infection Response,Increased/decreased resistance to virus,Positive and Negative Selection,bidirectional,Knockout,Lung Adenocarcinoma Cell Line,Calu-3,19009,2022,Israeli M (2022),35469023,4.0462870597839355,7.123654842376709,10.859917843570992,10.82573469650844
1676,U_1956_inc,U_1956_inc (forward),Forward,False,Test,diamond,increase resistance to SARS-CoV-2 infection,Host-Pathogen / Infection Response,Increased/decreased resistance to virus,bidirectional,bidirectional,Knockout,Lung Adenocarcinoma Cell Line,Calu-3,19009,2022,Israeli M (2022),35469023,3.9929697513580322,6.988210678100586,10.91766828850554,10.885463077635645
1677,U_1956_dec,U_1956_dec (forward),Forward,False,Test,diamond,decrease resistance to SARS-CoV-2 infection,Host-Pathogen / Infection Response,Increased/decreased resistance to virus,bidirectional,bidirectional,Knockout,Lung Adenocarcinoma Cell Line,Calu-3,19009,2022,Israeli M (2022),35469023,5.14993953704834,4.50100040435791,10.987914553966675,10.847324554898519
1678,U_1956_merged,U_1956_merged (forward),Forward,False,Test,diamond,either increases or decreases resistance to SARS-CoV-2 infection,Host-Pathogen / Infection Response,Increased/decreased resistance to virus,Positive and Negative Selection,bidirectional,Knockout,Lung Adenocarcinoma Cell Line,Calu-3,19009,2022,Israeli M (2022),35469023,4.0358781814575195,6.955507278442383,10.918200699367553,10.886000700409351
1679,1983,1983 (forward),Forward,False,Test,diamond,impacts response to chemicals,Drug / Chemical / Environmental Response,GBF1 Synthetic Lethal or Suppressor Genes,Positive and Negative Selection,recovered_bidirectional,Knockout,Pre-B Acute Lymphoblastic Leukemia Cell Line,NALM-6,18940,2022,Navare AT (2022),36305789,5.177486896514893,4.55433464050293,10.756924754851939,10.625325758067019
1680,1985,1985 (forward),Forward,False,Test,diamond,impacts response to chemicals,Drug / Chemical / Environmental Response,Increased/decreased drug resistance,Positive and Negative Selection,recovered_bidirectional,Knockout,Pre-B Acute Lymphoblastic Leukemia Cell Line,NALM-6,18873,2022,Krosl J (2022),34731885,5.007022857666016,4.500079154968262,10.924975590837116,10.801606346656524
1681,U_1987_dec,U_1987_dec (forward),Forward,False,Test,diamond,decrease SARS-CoV-2 -1 PRF efficiency,Molecular Output / Reporter / Pathway Activity,Increased/decreased viral programmed -1 ribosomal frameshifting (-1 PRF),bidirectional,bidirectional,Knockout,Embryonic Kidney Cell Line,HEK293T,20671,2023,Wei LH (2023),10.1101/2023.01.23.525275,4.888989448547363,3.3982434272766113,11.068000763872494,7.775954940281261
1682,U_1987_inc,U_1987_inc (forward),Forward,False,Test,diamond,increase SARS-CoV-2 -1 PRF efficiency,Molecular Output / Reporter / Pathway Activity,Increased/decreased viral programmed -1 ribosomal frameshifting (-1 PRF),bidirectional,bidirectional,Knockout,Embryonic Kidney Cell Line,HEK293T,20671,2023,Wei LH (2023),10.1101/2023.01.23.525275,4.903994083404541,3.3914806842803955,10.16283126377926,9.272356668316414
1683,U_1987_merged,U_1987_merged (forward),Forward,False,Test,diamond,either increases or decreases SARS-CoV-2 -1 PRF efficiency,Molecular Output / Reporter / Pathway Activity,Increased/decreased viral programmed -1 ribosomal frameshifting (-1 PRF),Positive and Negative Selection,bidirectional,Knockout,Embryonic Kidney Cell Line,HEK293T,20671,2023,Wei LH (2023),10.1101/2023.01.23.525275,4.840696811676025,3.2022716999053955,10.201201769856144,2.9398882297232944
1684,U_1988_dec,U_1988_dec (forward),Forward,False,Test,diamond,decrease SARS-CoV-2 -1 PRF efficiency,Molecular Output / Reporter / Pathway Activity,Increased/decreased viral programmed -1 ribosomal frameshifting (-1 PRF),bidirectional,bidirectional,Knockout,Embryonic Kidney Cell Line,HEK293T,20671,2023,Wei LH (2023),10.1101/2023.01.23.525275,5.014899253845215,3.837998628616333,10.923625566903521,10.800147744364368
1685,U_1988_inc,U_1988_inc (forward),Forward,False,Test,diamond,increase SARS-CoV-2 -1 PRF efficiency,Molecular Output / Reporter / Pathway Activity,Increased/decreased viral programmed -1 ribosomal frameshifting (-1 PRF),bidirectional,bidirectional,Knockout,Embryonic Kidney Cell Line,HEK293T,20671,2023,Wei LH (2023),10.1101/2023.01.23.525275,4.876045227050781,3.820369005203247,10.33680346141908,9.648759782437796
1686,U_1988_merged,U_1988_merged (forward),Forward,False,Test,diamond,either increases or decreases SARS-CoV-2 -1 PRF efficiency,Molecular Output / Reporter / Pathway Activity,Increased/decreased viral programmed -1 ribosomal frameshifting (-1 PRF),Positive and Negative Selection,bidirectional,Knockout,Embryonic Kidney Cell Line,HEK293T,20671,2023,Wei LH (2023),10.1101/2023.01.23.525275,4.956910133361816,3.7733511924743652,10.2916046148299,9.597368855117223
1687,1993,1993 (forward),Forward,False,Test,diamond,increases resistance to alpha-Amantin-induced cell death,Drug / Chemical / Environmental Response,Increased resistance to toxin,Positive Selection,unidirectional,Knockout,Chronic Myelogenous Leukemia Cell Line,HAP-1,19003,2023,Wang B (2023),37193694,5.038934707641602,4.055330276489258,10.847900709115041,10.716213494606407
1688,U_1999_dec,U_1999_dec (forward),Forward,False,Test,diamond,decrease Calu-3 cell growth or viability,Fitness / Proliferation / Viability,Cell-essential genes,bidirectional,bidirectional,Knockout,Lung Adenocarcinoma Cell Line,Calu-3,19009,2022,Israeli M (2022),35469023,4.218133926391602,0.9855043888092041,4.16706121772004,8.282422768819721
1689,U_1999_inc,U_1999_inc (forward),Forward,False,Test,diamond,increase Calu-3 cell growth or viability,Fitness / Proliferation / Viability,Cell-essential genes,bidirectional,bidirectional,Knockout,Lung Adenocarcinoma Cell Line,Calu-3,19009,2022,Israeli M (2022),35469023,5.16878604888916,4.406475067138672,10.917888467648181,10.88486235397549
1690,U_1999_merged,U_1999_merged (forward),Forward,False,Test,diamond,either increases or decreases Calu-3 cell growth or viability,Fitness / Proliferation / Viability,Cell-essential genes,Positive and Negative Selection,bidirectional,Knockout,Lung Adenocarcinoma Cell Line,Calu-3,19009,2022,Israeli M (2022),35469023,4.265655994415283,1.0758320093154907,9.55002922055599,9.248234976741628
1691,U_2006_dec,U_2006_dec (forward),Forward,False,Test,diamond,decrease SARS-CoV-2 replication in A549-ACE2 cells,Host-Pathogen / Infection Response,Increased/decreased resistance to virus,bidirectional,bidirectional,Knockout,Lung Cancer Cell Line,A549-ACE2,1892,2022,Mac Kain A (2022),35508460,4.2366743087768555,5.899118900299072,10.734627285239812,10.881286078345207
1692,U_2006_inc,U_2006_inc (forward),Forward,False,Test,diamond,increase SARS-CoV-2 replication in A549-ACE2 cells,Host-Pathogen / Infection Response,Increased/decreased resistance to virus,bidirectional,bidirectional,Knockout,Lung Cancer Cell Line,A549-ACE2,1892,2022,Mac Kain A (2022),35508460,4.617379665374756,5.436706066131592,11.077577378374338,10.971500812319581
1693,U_2006_merged,U_2006_merged (forward),Forward,False,Test,diamond,either increases or decreases SARS-CoV-2 replication in A549-ACE2 cells,Host-Pathogen / Infection Response,Increased/decreased resistance to virus,Positive and Negative Selection,bidirectional,Knockout,Lung Cancer Cell Line,A549-ACE2,1892,2022,Mac Kain A (2022),35508460,4.512076377868652,5.587322235107422,10.998257468988832,10.88837929323208
1694,U_2012_inc,U_2012_inc (forward),Forward,False,Test,diamond,increase resistance to the NRF2 activation drug KI696,Drug / Chemical / Environmental Response,Increased/decreased drug resistance,bidirectional,bidirectional,Knockout,Lung Cancer Cell Line,Calu-6,18480,2023,Weiss-Sadan T (2023),36841242,6.082237720489502,2.8715529441833496,11.23561866517583,10.30757798448547
1695,U_2012_dec,U_2012_dec (forward),Forward,False,Test,diamond,decrease resistance to the NRF2 activation drug KI696,Drug / Chemical / Environmental Response,Increased/decreased drug resistance,bidirectional,bidirectional,Knockout,Lung Cancer Cell Line,Calu-6,18480,2023,Weiss-Sadan T (2023),36841242,4.567451000213623,-0.18855498731136322,8.364395319557214,7.8929535267495226
1696,U_2012_merged,U_2012_merged (forward),Forward,False,Test,diamond,either increases or decreases resistance to the NRF2 activation drug KI696,Drug / Chemical / Environmental Response,Increased/decreased drug resistance,Positive and Negative Selection,bidirectional,Knockout,Lung Cancer Cell Line,Calu-6,18480,2023,Weiss-Sadan T (2023),36841242,4.709658145904541,-0.22716973721981049,8.36499053701762,7.890468101110403
1697,U_2013_dec,U_2013_dec (forward),Forward,False,Test,diamond,decrease resistance to the NRF2-activating drug KI696,Drug / Chemical / Environmental Response,Increased/decreased drug resistance,bidirectional,bidirectional,Knockout,Lung Cancer Cell Line,Calu-6,2975,2023,Weiss-Sadan T (2023),36841242,5.388665199279785,5.446691036224365,10.822008428870186,10.52744210537504
1698,U_2014_inc,U_2014_inc (forward),Forward,False,Test,diamond,increase resistance to the NRF2 activator KI696,Drug / Chemical / Environmental Response,Increased/decreased drug resistance,bidirectional,bidirectional,Knockout,Non-Small Cell Lung Cancer Cell Line,NCI-H1975,2975,2023,Weiss-Sadan T (2023),36841242,4.5390625,-4.4940009117126465,3.8889519784381426,8.946166695991582
1699,U_2014_dec,U_2014_dec (forward),Forward,False,Test,diamond,decrease resistance to the NRF2 activator KI696,Drug / Chemical / Environmental Response,Increased/decreased drug resistance,bidirectional,bidirectional,Knockout,Non-Small Cell Lung Cancer Cell Line,NCI-H1975,2975,2023,Weiss-Sadan T (2023),36841242,5.477638244628906,4.382462501525879,10.94104661756241,10.706503919010279
1700,U_2014_merged,U_2014_merged (forward),Forward,False,Test,diamond,either increases or decreases resistance to the NRF2 activator KI696,Drug / Chemical / Environmental Response,Increased/decreased drug resistance,Positive and Negative Selection,bidirectional,Knockout,Non-Small Cell Lung Cancer Cell Line,NCI-H1975,2975,2023,Weiss-Sadan T (2023),36841242,4.4009222984313965,-4.496898651123047,2.9422904334607787,8.613078477646484
1701,2016,2016 (forward),Forward,False,Test,diamond,increases resistance to gemcitabine in pancreatic ductal adenocarcinoma,Drug / Chemical / Environmental Response,Increased resistance to drug,Positive Selection,unidirectional,Activation,Pancreatic Adenocarcinoma Cell Line,BxPC-3,18827,2022,Wu L (2022),35981571,4.835155010223389,5.045241355895996,10.915209226503606,10.807809443901366
1702,2017,2017 (forward),Forward,False,Test,diamond,impacts cell proliferation,Drug / Chemical / Environmental Response,Regulation of stem cell (SC)-islet graft response to immune attack,Positive and Negative Selection,recovered_bidirectional,Knockout,pancreatic islet,stem cell-derived islets,11675,2022,Sintov E (2022),36055241,4.722777843475342,4.540004730224609,10.825453241088962,10.701725945039488
1703,2020,2020 (forward),Forward,False,Test,diamond,increases resistance to Influenza B virus infection,Host-Pathogen / Infection Response,Increased resistance to virus,Positive Selection,unidirectional,Activation,Lung Cancer Cell Line,A-549,18754,2022,Trimarco JD (2022),36309510,5.2475690841674805,5.139968395233154,10.985721131077486,10.848142542223123
1704,2021,2021 (forward),Forward,False,Test,diamond,increases resistance to Vaccinia virus infection,Host-Pathogen / Infection Response,Increased resistance to virus,Positive Selection,unidirectional,Knockout,Cervical Adenocarcinoma Cell Line,HeLa,20506,2022,Matía A (2022),36574441,5.67750358581543,6.133556365966797,10.985721131077486,10.848142542223123
1705,2022,2022 (forward),Forward,False,Test,diamond,increases resistance to Vaccinia virus infection,Host-Pathogen / Infection Response,Increased resistance to virus,Positive Selection,unidirectional,Knockout,Cervical Adenocarcinoma Cell Line,HeLa,20506,2022,Matía A (2022),36574441,5.655351161956787,6.123250484466553,10.985721131077486,10.848142542223123
1706,2023,2023 (forward),Forward,False,Test,diamond,increases resistance to Vaccinia virus infection as measured by increased survival of infected cells,Host-Pathogen / Infection Response,Increased resistance to virus,Positive Selection,unidirectional,Knockout,Cervical Adenocarcinoma Cell Line,HeLa,20506,2022,Matía A (2022),36574441,5.585056304931641,5.929324150085449,10.945979776618547,10.792726783226163
1707,2025,2025 (forward),Forward,False,Test,diamond,increases resistance to Vaccinia Virus infection,Host-Pathogen / Infection Response,Increased resistance to virus,Positive Selection,unidirectional,Knockout,Cervical Adenocarcinoma Cell Line,HeLa,20506,2022,Matía A (2022),36574441,5.561363697052002,5.967932224273682,10.943374112904625,10.799553701130451
1708,2026,2026 (forward),Forward,False,Test,diamond,increases resistance to Vaccinia virus infection,Host-Pathogen / Infection Response,Increased resistance to drug,Positive Selection,unidirectional,Knockout,Cervical Adenocarcinoma Cell Line,HeLa,20506,2022,Matía A (2022),36574441,5.634968280792236,5.990942001342773,10.985721131077486,10.848142542223123
1709,2027,2027 (forward),Forward,False,Test,diamond,"increases resistance to Vaccinia virus infection, as measured by increased cell survival across rounds of infection with progeny-deficient virus",Host-Pathogen / Infection Response,Increased resistance to virus,Positive Selection,unidirectional,Knockout,Cervical Adenocarcinoma Cell Line,HeLa,20506,2022,Matía A (2022),36574441,5.65829610824585,6.136470317840576,10.985721131077486,10.848142542223123
1710,2028,2028 (forward),Forward,False,Test,diamond,increases resistance to Vaccinia virus infection as measured by increased survival across rounds of infection with progeny-deficient virus,Host-Pathogen / Infection Response,Increased resistance to virus,Positive Selection,unidirectional,Knockout,Cervical Adenocarcinoma Cell Line,HeLa,20506,2022,Matía A (2022),36574441,5.675581455230713,6.095000743865967,10.921435571487123,10.732086742672687
1711,2029,2029 (forward),Forward,False,Test,diamond,increases resistance to Vaccinia virus infection,Host-Pathogen / Infection Response,Increased resistance to virus,Positive Selection,unidirectional,Knockout,Cervical Adenocarcinoma Cell Line,HeLa,20506,2022,Matía A (2022),36574441,4.524008750915527,5.795461177825928,10.737377109723797,11.308343276030023
1712,2030,2030 (forward),Forward,False,Test,diamond,increases resistance to vaccinia virus infection,Host-Pathogen / Infection Response,Increased resistance to virus,Positive Selection,unidirectional,Knockout,Cervical Adenocarcinoma Cell Line,HeLa,20506,2022,Matía A (2022),36574441,5.493363380432129,5.975554943084717,10.984534681052654,10.845920931936817
1713,2031,2031 (forward),Forward,False,Test,diamond,increases resistance to Vaccinia virus infection,Host-Pathogen / Infection Response,Increased resistance to virus,Positive Selection,unidirectional,Knockout,Cervical Adenocarcinoma Cell Line,HeLa,20506,2022,Matía A (2022),36574441,5.503224849700928,6.001369476318359,10.982827225017894,10.84313588638961
1714,2033,2033 (forward),Forward,False,Test,diamond,increases resistance to Vaccinia virus infection,Host-Pathogen / Infection Response,Increased resistance to virus,Positive Selection,unidirectional,Knockout,Cervical Adenocarcinoma Cell Line,HeLa,20506,2022,Matía A (2022),36574441,5.523550987243652,6.040487289428711,10.985721131077486,10.848142542223123
1715,2034,2034 (forward),Forward,False,Test,diamond,increases resistance to Vaccinia virus infection,Host-Pathogen / Infection Response,Increased resistance to virus,Positive Selection,unidirectional,Knockout,Cervical Adenocarcinoma Cell Line,HeLa,20506,2022,Matía A (2022),36574441,5.686559677124023,6.137014865875244,10.985721131077486,10.848142542223123
1716,2035,2035 (forward),Forward,False,Test,diamond,increases resistance to Vaccinia virus infection,Host-Pathogen / Infection Response,Increased resistance to virus,Positive Selection,unidirectional,Knockout,Cervical Adenocarcinoma Cell Line,HeLa,20506,2022,Matía A (2022),36574441,5.700222492218018,6.170499324798584,10.985488121724758,10.848166672754612
1717,2036,2036 (forward),Forward,False,Test,diamond,increases resistance to Vaccinia virus infection,Host-Pathogen / Infection Response,Increased resistance to virus,Positive Selection,unidirectional,Knockout,Cervical Adenocarcinoma Cell Line,HeLa,20506,2022,Matía A (2022),36574441,5.685075759887695,6.159958362579346,10.985488121724758,10.848166672754612
1718,2039,2039 (forward),Forward,False,Test,diamond,increases resistance to Vaccinia virus infection,Host-Pathogen / Infection Response,Increased resistance to virus,Positive Selection,unidirectional,Knockout,Cervical Adenocarcinoma Cell Line,HeLa,20506,2022,Matía A (2022),36574441,5.651432037353516,6.1284356117248535,10.985721131077486,10.848142542223123
1719,2043,2043 (forward),Forward,False,Test,diamond,increases resistance to Vaccinia virus infection as measured under multi-round infection with progeny-deficient D4R virus,Host-Pathogen / Infection Response,Increased resistance to virus,Positive Selection,unidirectional,Knockout,Cervical Adenocarcinoma Cell Line,HeLa,20506,2022,Matía A (2022),36574441,4.622347354888916,5.846461772918701,10.79629617094039,11.038541996304346
1720,2044,2044 (forward),Forward,False,Test,diamond,increases resistance to Vaccinia virus infection as measured by increased cell survival during infection with progeny-deficient V-D4 virus,Host-Pathogen / Infection Response,Increased resistance to virus,Positive Selection,unidirectional,Knockout,Cervical Adenocarcinoma Cell Line,HeLa,20506,2022,Matía A (2022),36574441,4.692804336547852,5.798991680145264,10.87660828947203,10.681509780265884
1721,2045,2045 (forward),Forward,False,Test,diamond,increases resistance to Vaccinia Virus infection,Host-Pathogen / Infection Response,Increased resistance to virus,Positive Selection,unidirectional,Knockout,Cervical Adenocarcinoma Cell Line,HeLa,20506,2022,Matía A (2022),36574441,4.7135329246521,5.774386882781982,10.875872640602784,10.677640916120886
1722,2050,2050 (forward),Forward,False,Test,diamond,decreases cell proliferation of OVISE ovarian clear cell carcinoma cells,Fitness / Proliferation / Viability,Cell-essential genes,Negative Selection,unidirectional,Knockout,Ovary Adenocarcinoma Cell Line,OVISE,17987,2022,Kawabata A (2022),35723366,4.133257865905762,-1.2621477842330933,2.5880909412257753,7.6582942963956855
1723,2051,2051 (forward),Forward,False,Test,diamond,decreases cell proliferation (growth) of ovarian clear cell carcinoma JHOC-5 cells,Fitness / Proliferation / Viability,Cell-essential genes,Negative Selection,unidirectional,Knockout,Ovary Adenocarcinoma Cell Line,JHOC-5,17987,2022,Kawabata A (2022),35723366,4.1503214836120605,-1.1483250856399536,2.1115988598040083,7.796341683998757
1724,2052,2052 (forward),Forward,False,Test,diamond,decreases cell proliferation of ovarian clear cell carcinoma ES-2 cells,Fitness / Proliferation / Viability,Cell-essential genes,Negative Selection,unidirectional,Knockout,Ovarian Cancer Cell Line,ES-2,17987,2022,Kawabata A (2022),35723366,4.231424331665039,-0.9339640736579895,1.7621855415286425,7.64396912384058
1725,2053,2053 (forward),Forward,False,Test,diamond,"decreases cell proliferation, evidenced by reduced growth of the TOV-21G ovarian clear cell carcinoma cell line",Fitness / Proliferation / Viability,Cell-essential genes,Negative Selection,unidirectional,Knockout,Ovarian Cancer Cell Line,TOV-21G,17987,2022,Kawabata A (2022),35723366,4.1959028244018555,-1.1637070178985596,5.041733303222575,7.571646703279561
1726,2054,2054 (forward),Forward,False,Test,diamond,"increases resistance to the ferroptosis-inducing drug RSL3, as measured by increased cell viability after exposure",Drug / Chemical / Environmental Response,Increased drug resistance,Positive Selection,unidirectional,Activation,Neuroblastoma Cell Line,SK-N-DZ,18652,2023,Alborzinia H (2023),37435859,5.315507411956787,4.644904613494873,10.913106606351057,10.805365128119687
1727,2055,2055 (forward),Forward,False,Test,diamond,increases resistance to the ferroptosis-inducing drug Erastin as measured by increased cell viability after treatment,Drug / Chemical / Environmental Response,Increased drug resistance,Positive Selection,unidirectional,Activation,Neuroblastoma Cell Line,SK-N-DZ,18653,2023,Alborzinia H (2023),37435859,5.375432968139648,4.574207782745361,10.920631906285942,10.810460381751422
1728,2056,2056 (forward),Forward,False,Test,diamond,decreases viability of LRP8-deficient A-375 cells,Fitness / Proliferation / Viability,Synthetic lethality with LRP8-KO,Negative Selection,unidirectional,Knockout,Melanoma Cell Line,A-375,414,2023,Alborzinia H (2023),37435859,4.034267902374268,3.6354336738586426,10.835022243552002,10.297057760880287
1729,2057,2057 (forward),Forward,False,Test,diamond,decreases cell viability in LRP8-deficient HT-1080 cells (synthetic lethality),Fitness / Proliferation / Viability,Synthetic lethality with LRP8-KO,Negative Selection,unidirectional,Knockout,Fibrosarcoma Cell Line,HT-1080,414,2023,Alborzinia H (2023),37435859,4.033759593963623,3.7083470821380615,10.246322940444612,9.358370540785351
1730,2058,2058 (forward),Forward,False,Test,diamond,increases binding of the SARS-CoV-2 spike receptor-binding domain to the cell surface,Host-Pathogen / Infection Response,Identifying cell surface proteins binding the SARS-CoV-2 spike protein ,Positive Selection,unidirectional,Activation,Melanoma Cell Line,A-375,5885,2022,Song J (2022),36228039,3.825099229812622,7.06089448928833,11.027663583223092,10.818004886177084
1731,2059,2059 (forward),Forward,False,Test,diamond,increases cell-surface binding of the SARS-CoV-2 spike receptor-binding domain (RBD),Host-Pathogen / Infection Response,Identifying cell surface proteins binding the SARS-CoV-2 spike protein ,Positive Selection,unidirectional,Activation,Melanoma Cell Line,A-375,5885,2022,Song J (2022),36228039,3.8538215160369873,7.040017127990723,11.027661635566504,10.8180053965113
1732,2060,2060 (forward),Forward,False,Test,diamond,decreases cell viability of Calu-1 ACE2-overexpressing cells upon SARS-CoV-2 Spike-delta19 pseudotyped lentiviral infection,Host-Pathogen / Infection Response,Decreased resistance to virus,Negative Selection,unidirectional,Knockout,Lung Cancer Cell Line,Calu1-ACE2,20670,2022,Ugalde AP (2022),36124427,3.9356160163879395,6.96781063079834,10.806908152382093,10.875763025297967
1733,2061,2061 (forward),Forward,False,Test,diamond,decreases cell proliferation,Fitness / Proliferation / Viability,Cell-essential genes,Positive Selection,unidirectional,Knockout,Lung Adenocarcinoma Cell Line,Calu-3,17986,2022,Chan K (2022),36597481,4.134390354156494,-1.2278927564620972,2.6087308150777964,7.833020304570001
1734,2062,2062 (forward),Forward,False,Test,diamond,decreases cell proliferation,Fitness / Proliferation / Viability,Cell-essential genes,Positive Selection,unidirectional,Knockout,Embryonic Kidney Cell Line,HEK293-ACE2-TMPRSS2,17985,2022,Chan K (2022),36597481,4.17516565322876,-1.2111914157867432,2.853876322956347,7.645046387492461
1735,2063,2063 (forward),Forward,False,Test,diamond,decreases cell proliferation,Fitness / Proliferation / Viability,Cell-essential genes,Positive Selection,unidirectional,Knockout,Hepatoma Cell Line,HuH-7,17986,2022,Chan K (2022),36597481,4.164247035980225,-1.2180439233779907,2.303515222854149,7.479135895532562
1736,2064,2064 (forward),Forward,False,Test,diamond,decreases cell proliferation,Fitness / Proliferation / Viability,Cell-essential genes,Positive Selection,unidirectional,Knockout,Bladder Carcinoma,UM-UC-4,17985,2022,Chan K (2022),36597481,4.230656147003174,-1.2126522064208984,3.1691896135363735,7.7710001953499575
1737,2066,2066 (forward),Forward,False,Test,diamond,increases resistance to SARS-CoV-2 cytotoxicity,Host-Pathogen / Infection Response,Increased resistance to virus,Positive Selection,unidirectional,Knockout,Lung Adenocarcinoma Cell Line,Calu-3,17745,2022,Chan K (2022),36597481,3.8677964210510254,7.021124839782715,11.004819253008154,10.863363876201273
1738,2067,2067 (forward),Forward,False,Test,diamond,increases resistance to SARS-CoV-2-induced cytotoxicity,Host-Pathogen / Infection Response,Increased resistance to virus,Positive Selection,unidirectional,Knockout,Lung Adenocarcinoma Cell Line,Calu-3,17742,2022,Chan K (2022),36597481,3.8531103134155273,7.056092262268066,11.065172324558077,10.819639956915891
1739,2068,2068 (forward),Forward,False,Test,diamond,"increases resistance to SARS-CoV-2 cytotoxicity, as measured by increased cell survival after SARS-CoV-2 exposure",Host-Pathogen / Infection Response,Increased resistance to virus,Positive Selection,unidirectional,Knockout,Bladder Carcinoma,UM-UC-4,17747,2022,Chan K (2022),36597481,3.826439142227173,7.056419372558594,11.010078289823149,10.817643341322176
1740,2069,2069 (forward),Forward,False,Test,diamond,increases resistance to SARS-CoV-2–induced cytotoxicity (enhanced cell survival under virus exposure),Host-Pathogen / Infection Response,Increased resistance to virus,Positive Selection,unidirectional,Knockout,Bladder Carcinoma,UM-UC-4,17248,2022,Chan K (2022),36597481,3.9157402515411377,7.000001430511475,10.936784542403059,10.829627160866023
1741,2070,2070 (forward),Forward,False,Test,diamond,increases resistance to SARS-CoV-2–induced cytotoxicity as measured by increased cell survival under viral exposure,Host-Pathogen / Infection Response,Increased resistance to virus,Positive Selection,unidirectional,Knockout,Embryonic Kidney Cell Line,HEK293-ACE2-TMPRSS2,17746,2022,Chan K (2022),36597481,3.8325743675231934,6.982578277587891,11.01007829069834,10.81764334135926
1742,2071,2071 (forward),Forward,False,Test,diamond,increases resistance to SARS-CoV-2 cytotoxicity as measured by cell survival under SARS-CoV-2 exposure,Host-Pathogen / Infection Response,Increased resistance to virus,Positive Selection,unidirectional,Knockout,Hepatoma Cell Line,HuH-7,17748,2022,Chan K (2022),36597481,4.137354373931885,6.580748081207275,10.880018368387358,10.861945601092117
1743,2074,2074 (forward),Forward,False,Test,diamond,increases resistance to SARS-CoV-2 cytotoxicity,Host-Pathogen / Infection Response,Increased resistance to virus,Positive Selection,unidirectional,Knockout,African green monkey kidney cell line,Vero-E6|VERO C1008,11814,2022,Chan K (2022),36597481,3.968522548675537,6.986659526824951,11.019147321288742,10.768010735615649
1744,2075,2075 (forward),Forward,False,Test,diamond,"increases resistance to SARS-CoV-2-induced cytotoxicity, as measured by increased cell survival during virus exposure",Host-Pathogen / Infection Response,Increased resistance to virus,Positive Selection,unidirectional,Knockout,African green monkey kidney cell line,Vero-E6|VERO C1008,11761,2022,Chan K (2022),36597481,3.9390180110931396,7.001121997833252,11.01760748774765,10.774993752801823
1745,2076,2076 (forward),Forward,False,Test,diamond,increases SARS-CoV-2 programmed ribosomal frameshifting efficiency as measured by dual fluorescent reporter readouts,Molecular Output / Reporter / Pathway Activity,Increased SARS-CoV-2 programmed ribosomal frameshifting (PRF),Phenotype Screen,unidirectional,Knockout,Colorectal Cancer Cell Line,HCT 116,19007,2023,Rehfeld F (2023),36753415,5.348234176635742,4.260848522186279,8.228570744848728,7.649326873268188
1746,2077,2077 (forward),Forward,False,Test,diamond,decreases SARS-CoV-2 programmed ribosomal frameshifting (PRF) efficiency,Molecular Output / Reporter / Pathway Activity,Decreased SARS-CoV-2 programmed ribosomal frameshifting (PRF),Phenotype Screen,unidirectional,Knockout,Colorectal Cancer Cell Line,HCT 116,19007,2023,Rehfeld F (2023),36753415,4.078784942626953,-5.44611930847168,2.525428356726126,8.123948066228992
1747,2079,2079 (forward),Forward,False,Test,diamond,impacts response to chemicals,Drug / Chemical / Environmental Response,Increased/decreased drug resistance,Positive and Negative Selection,recovered_bidirectional,Knockout,Pre-B Acute Lymphoblastic Leukemia Cell Line,NALM-6,18924,2023,Normandin K (2023),37639469,5.328784942626953,5.104911804199219,10.767527162084638,10.623572384124664
1748,2080,2080 (forward),Forward,False,Test,diamond,impacts response to chemicals,Drug / Chemical / Environmental Response,Increased/decreased drug resistance,Positive and Negative Selection,recovered_bidirectional,Knockout,Pre-B Acute Lymphoblastic Leukemia Cell Line,NALM-6,18924,2023,Normandin K (2023),37639469,5.329560279846191,5.125916481018066,10.908745131639046,10.872183316441728
1749,2081,2081 (forward),Forward,False,Test,diamond,impacts response to chemicals,Drug / Chemical / Environmental Response,Increased/decreased drug resistance,Positive and Negative Selection,recovered_bidirectional,Knockout,Pre-B Acute Lymphoblastic Leukemia Cell Line,NALM-6,18924,2023,Normandin K (2023),37639469,5.284603595733643,5.077849388122559,10.908745131639046,10.872183316441728
1750,U_2082_dec,U_2082_dec (forward),Forward,False,Test,diamond,decrease etoposide resistance,Drug / Chemical / Environmental Response,Increased/decreased drug resistance,bidirectional,bidirectional,Knockout,Embryonic Kidney Cell Line,HEK293-A,17872,2023,Park JM (2023),37047518,4.012898921966553,3.492706060409546,10.992340953535818,10.52101018203922
1751,U_2082_inc,U_2082_inc (forward),Forward,False,Test,diamond,increase etoposide resistance,Drug / Chemical / Environmental Response,Increased/decreased drug resistance,bidirectional,bidirectional,Knockout,Embryonic Kidney Cell Line,HEK293-A,17872,2023,Park JM (2023),37047518,4.066519260406494,4.029437065124512,10.87875614607654,10.810779253416527
1752,U_2082_merged,U_2082_merged (forward),Forward,False,Test,diamond,either increases or decreases etoposide resistance,Drug / Chemical / Environmental Response,Increased/decreased drug resistance,Positive and Negative Selection,bidirectional,Knockout,Embryonic Kidney Cell Line,HEK293-A,17872,2023,Park JM (2023),37047518,4.007136344909668,3.7150750160217285,10.890372020387163,10.83376102302329
1753,U_2083_dec,U_2083_dec (forward),Forward,False,Test,diamond,decrease etoposide (ETO) resistance in ZNF451 knockout cells,Drug / Chemical / Environmental Response,Increased/decreased drug resistance,bidirectional,bidirectional,Knockout,Embryonic Kidney Cell Line,HEK293-A,17873,2023,Park JM (2023),37047518,3.7966883182525635,3.1523425579071045,10.785684817029354,9.739847473495628
1754,U_2083_inc,U_2083_inc (forward),Forward,False,Test,diamond,increase etoposide (ETO) resistance in ZNF451 knockout cells,Drug / Chemical / Environmental Response,Increased/decreased drug resistance,bidirectional,bidirectional,Knockout,Embryonic Kidney Cell Line,HEK293-A,17873,2023,Park JM (2023),37047518,3.9133856296539307,3.644041061401367,10.843898018543197,10.839703709950248
1755,U_2083_merged,U_2083_merged (forward),Forward,False,Test,diamond,either increases or decreases etoposide (ETO) resistance in ZNF451 knockout cells,Drug / Chemical / Environmental Response,Increased/decreased drug resistance,Positive and Negative Selection,bidirectional,Knockout,Embryonic Kidney Cell Line,HEK293-A,17873,2023,Park JM (2023),37047518,3.8230488300323486,3.216526746749878,11.01823241573651,10.159746660725503
1756,2084,2084 (forward),Forward,False,Test,diamond,"increases EGR1 protein accumulation by stabilizing EGR1, as read out by the GPS reporter",Molecular Output / Reporter / Pathway Activity,Increased protein stabilization,Phenotype Screen,unidirectional,Knockout,Embryonic Kidney Cell Line,HEK293T,18659,2023,Gu X (2023),37616343,5.625218868255615,4.210178852081299,10.274665780121076,0.889810895805426
1757,2085,2085 (forward),Forward,False,Test,diamond,increases FosB protein accumulation due to increased protein stabilization as measured by the GPS reporter,Trafficking / Localization / Structural Phenotypes,Increased protein stabilization,Phenotype Screen,unidirectional,Knockout,Embryonic Kidney Cell Line,HEK293T,18659,2023,Gu X (2023),37616343,5.502819538116455,4.293572425842285,9.096029950774378,10.121986857526704
1758,2135,2135 (forward),Forward,False,Test,diamond,increases fetal hemoglobin (HbF) protein accumulation,Molecular Output / Reporter / Pathway Activity,Regulation of globin expression (HbF/HbA),Phenotype Screen,unidirectional,Knockout,Umbilical cord erythroid progenitor,HUDEP-2,772,2022,Feng R (2022),36224385,5.387693405151367,4.376006126403809,10.923486546167293,10.798816743482462
1759,2208,2208 (forward),Forward,False,Test,diamond,impacts response to chemicals,Drug / Chemical / Environmental Response,Increased/decreased drug resistance,Positive and Negative Selection,recovered_bidirectional,Knockout,Acute Myeloid Leukemia Cell Line,MV4-11,17984,2023,Wei W (2023),36820830,5.015878677368164,4.504974842071533,10.799623552645619,10.62639659644595
1760,U_2209_dec,U_2209_dec (forward),Forward,False,Test,diamond,decrease cell viability in uninfected Calu-3 cells,Fitness / Proliferation / Viability,Cell-essential genes,bidirectional,bidirectional,Knockout,Lung Adenocarcinoma Cell Line,Calu-3,825,2023,Bragazzi Cunha J (2023),37975674,3.5450921058654785,-5.1967854499816895,1.6172804620159655,8.007557201371815
1761,U_2209_inc,U_2209_inc (forward),Forward,False,Test,diamond,increase cell viability in uninfected Calu-3 cells,Fitness / Proliferation / Viability,Cell-essential genes,bidirectional,bidirectional,Knockout,Lung Adenocarcinoma Cell Line,Calu-3,825,2023,Bragazzi Cunha J (2023),37975674,5.330265045166016,4.465007305145264,10.914743861742418,10.814141334108088
1762,U_2209_merged,U_2209_merged (forward),Forward,False,Test,diamond,either increases or decreases cell viability in uninfected Calu-3 cells,Fitness / Proliferation / Viability,Cell-essential genes,Positive and Negative Selection,bidirectional,Knockout,Lung Adenocarcinoma Cell Line,Calu-3,825,2023,Bragazzi Cunha J (2023),37975674,3.4781198501586914,-5.2979936599731445,1.6437758267630274,7.7004001073695365
1763,2212,2212 (forward),Forward,False,Test,diamond,impacts response to chemicals,Drug / Chemical / Environmental Response,Increased/decreased drug resistance,Positive and Negative Selection,recovered_bidirectional,Knockout,Chronic Myelogenous Leukemia Cell Line,HAP-1,19007,2023,Kwanten B (2023),36731340,4.8990397453308105,5.125346660614014,10.9854910652619,10.849281328187717
1764,2213,2213 (forward),Forward,False,Test,diamond,impacts response to chemicals,Drug / Chemical / Environmental Response,Increased/decreased drug resistance,Positive and Negative Selection,recovered_bidirectional,Knockout,Chronic Myelogenous Leukemia Cell Line,HAP-1,19007,2023,Kwanten B (2023),36731340,4.987760543823242,5.037345886230469,10.921903757104836,10.887599097443724
1765,2214,2214 (forward),Forward,False,Test,diamond,impacts response to chemicals,Drug / Chemical / Environmental Response,Increased/decreased drug resistance,Positive and Negative Selection,recovered_bidirectional,Knockout,Lymphoma or Leukaemia Cell Line,SK-MM-1,19007,2023,Kwanten B (2023),36731340,5.10085916519165,5.057605266571045,10.918562946629153,10.88550435298392
1766,2215,2215 (forward),Forward,False,Test,diamond,impacts response to chemicals,Drug / Chemical / Environmental Response,Increased/decreased drug resistance,Positive and Negative Selection,recovered_bidirectional,Knockout,Lymphoma or Leukaemia Cell Line,KMS-28BM,19009,2023,Kwanten B (2023),36731340,5.41840124130249,4.701169490814209,10.948586949597551,10.8229031738951
1767,2216,2216 (forward),Forward,False,Test,diamond,decreases SARS-CoV-2 Spike-induced syncytium formation,Host-Pathogen / Infection Response,Decreased syncytium formation,Phenotype Screen,unidirectional,Knockout,Lung Adenocarcinoma Cell Line,A549-ACE2-Cas9-GFP1–10,18734,2023,Chan CWF (2023),37996617,5.825093746185303,2.7446351051330566,10.683225800381946,10.122645613073816
1768,2217,2217 (forward),Forward,False,Test,diamond,impacts response to chemicals,Drug / Chemical / Environmental Response,Increased/decreased drug resistance,Positive and Negative Selection,recovered_bidirectional,Knockout,Lymphoma or Leukaemia Cell Line,KMS-28BM,19009,2023,Kwanten B (2023),36731340,5.313676834106445,4.76502799987793,10.91992974264273,10.812531984466368
1769,2218,2218 (forward),Forward,False,Test,diamond,impacts response to chemicals,Drug / Chemical / Environmental Response,Increased/decreased drug resistance,Positive and Negative Selection,recovered_bidirectional,Knockout,Lymphoma or Leukaemia Cell Line,KMS-28BM,19009,2023,Kwanten B (2023),36731340,5.27122163772583,4.6200032234191895,10.917559109340457,10.807430909913396
1770,2219,2219 (forward),Forward,False,Test,diamond,impacts response to chemicals,Drug / Chemical / Environmental Response,Increased/decreased drug resistance,Positive and Negative Selection,recovered_bidirectional,Knockout,Lymphoma or Leukaemia Cell Line,KMS-28BM,19009,2023,Kwanten B (2023),36731340,5.005025386810303,5.004929542541504,10.99138685481188,10.856786530721548
1771,2220,2220 (forward),Forward,False,Test,diamond,impacts response to chemicals,Drug / Chemical / Environmental Response,Increased/decreased drug resistance,Positive and Negative Selection,recovered_bidirectional,Knockout,Diffuse Large B-cell Lymphoma Cell,DS,19009,2023,Kwanten B (2023),36731340,5.159505367279053,4.979197025299072,10.95916733146883,10.900423099446119
1772,2221,2221 (forward),Forward,False,Test,diamond,impacts response to chemicals,Drug / Chemical / Environmental Response,Increased/decreased drug resistance,Positive and Negative Selection,recovered_bidirectional,Knockout,Diffuse Large B-cell Lymphoma Cell,DS,19009,2023,Kwanten B (2023),36731340,5.085622310638428,5.047593593597412,10.919469415110155,10.887968998508482
1773,2222,2222 (forward),Forward,False,Test,diamond,impacts response to chemicals,Drug / Chemical / Environmental Response,Increased/decreased drug resistance,Positive and Negative Selection,recovered_bidirectional,Knockout,Diffuse Large B-cell Lymphoma Cell,RL,19009,2023,Kwanten B (2023),36731340,5.045343399047852,4.775924205780029,10.917856326955024,10.883590954979125
1774,2223,2223 (forward),Forward,False,Test,diamond,impacts response to chemicals,Drug / Chemical / Environmental Response,Increased/decreased drug resistance,Positive and Negative Selection,recovered_bidirectional,Knockout,Diffuse Large B-cell Lymphoma Cell,RL,19009,2023,Kwanten B (2023),36731340,5.266664505004883,4.8824005126953125,10.926992525316722,10.801473893932526
1775,2321,2321 (forward),Forward,False,Test,diamond,impacts cell proliferation,Drug / Chemical / Environmental Response,Increased/decreased ceramide resistance,Positive and Negative Selection,recovered_bidirectional,Knockout,Chronic Myeloid Leukemia Cell Line,K-562,19449,2022,Morris SNS (2022),36409314,5.12615966796875,4.641841888427734,10.612648199705662,10.411139425640139
1776,2323,2323 (forward),Forward,False,Test,diamond,increases drug sensitivity to ENZA,Drug / Chemical / Environmental Response,Increased sensitivity to drug,Negative Selection,unidirectional,Knockout,Prostate Cancer Cell Line,22Rv1,763,2023,Liu J (2023),37075701,-8.628438949584961,3.5131075382232666,5.387094115333962,-4.365941237684094
1777,U_2324_inc,U_2324_inc (forward),Forward,False,Test,diamond,increase bortezomib resistance,Drug / Chemical / Environmental Response,Increased/decreased drug resistance,bidirectional,bidirectional,Knockout,Retinal Pigment Epithelium Cell Line,hTERT-RPE1,1010,2024,Lin K (2024),38291084,2.9950718879699707,4.422495365142822,12.48383779614344,-0.11952423604079793
1778,U_2324_dec,U_2324_dec (forward),Forward,False,Test,diamond,decrease bortezomib resistance,Drug / Chemical / Environmental Response,Increased/decreased drug resistance,bidirectional,bidirectional,Knockout,Retinal Pigment Epithelium Cell Line,hTERT-RPE1,1010,2024,Lin K (2024),38291084,3.112525701522827,4.681084632873535,7.062119118955523,8.983978308323193
1779,U_2324_merged,U_2324_merged (forward),Forward,False,Test,diamond,either increases or decreases bortezomib resistance,Drug / Chemical / Environmental Response,Increased/decreased drug resistance,Positive and Negative Selection,bidirectional,Knockout,Retinal Pigment Epithelium Cell Line,hTERT-RPE1,1010,2024,Lin K (2024),38291084,2.973318338394165,4.503476142883301,12.605728632497073,-0.16672857713415443
1780,U_2325_dec,U_2325_dec (forward),Forward,False,Test,diamond,decrease bortezomib resistance,Drug / Chemical / Environmental Response,Increased/decreased drug resistance,bidirectional,bidirectional,Knockout,Retinal Pigment Epithelium Cell Line,hTERT-RPE1,1010,2024,Lin K (2024),38291084,3.0457780361175537,4.733248233795166,10.562392055208292,10.248074942760656
1781,U_2326_dec,U_2326_dec (forward),Forward,False,Test,diamond,decrease bortezomib resistance,Drug / Chemical / Environmental Response,Increased/decreased drug resistance,bidirectional,bidirectional,Knockout,Retinal Pigment Epithelium Cell Line,hTERT-RPE1,1010,2024,Lin K (2024),38291084,3.058537244796753,4.727110862731934,10.514709268466337,10.309395783947897
1782,U_2326_inc,U_2326_inc (forward),Forward,False,Test,diamond,increase bortezomib resistance,Drug / Chemical / Environmental Response,Increased/decreased drug resistance,bidirectional,bidirectional,Knockout,Retinal Pigment Epithelium Cell Line,hTERT-RPE1,1010,2024,Lin K (2024),38291084,4.461609840393066,3.6412553787231445,10.579654237204455,10.369381723177215
1783,U_2326_merged,U_2326_merged (forward),Forward,False,Test,diamond,either increases or decreases bortezomib resistance,Drug / Chemical / Environmental Response,Increased/decreased drug resistance,Positive and Negative Selection,bidirectional,Knockout,Retinal Pigment Epithelium Cell Line,hTERT-RPE1,1010,2024,Lin K (2024),38291084,3.036271572113037,4.7487030029296875,10.515083025365165,10.307979517762895
1784,U_2327_dec,U_2327_dec (forward),Forward,False,Test,diamond,decrease resistance to bortezomib,Drug / Chemical / Environmental Response,Increased/decreased drug resistance,bidirectional,bidirectional,Knockout,Retinal Pigment Epithelium Cell Line,hTERT-RPE1,1010,2024,Lin K (2024),38291084,3.0208358764648438,4.724390983581543,10.671701545262748,10.364475815916544
1785,U_2327_inc,U_2327_inc (forward),Forward,False,Test,diamond,increase resistance to bortezomib,Drug / Chemical / Environmental Response,Increased/decreased drug resistance,bidirectional,bidirectional,Knockout,Retinal Pigment Epithelium Cell Line,hTERT-RPE1,1010,2024,Lin K (2024),38291084,4.197012901306152,3.866434335708618,10.950392316574751,10.823056645825895
1786,U_2327_merged,U_2327_merged (forward),Forward,False,Test,diamond,either increases or decreases resistance to bortezomib,Drug / Chemical / Environmental Response,Increased/decreased drug resistance,Positive and Negative Selection,bidirectional,Knockout,Retinal Pigment Epithelium Cell Line,hTERT-RPE1,1010,2024,Lin K (2024),38291084,3.072119951248169,4.678317546844482,10.306017942146417,10.053508909507057
1787,U_2328_dec,U_2328_dec (forward),Forward,False,Test,diamond,decrease resistance to colchicine,Drug / Chemical / Environmental Response,Increased/decreased drug resistance,bidirectional,bidirectional,Knockout,Retinal Pigment Epithelium Cell Line,hTERT-RPE1,1010,2024,Lin K (2024),38291084,1.6208773851394653,3.1110470294952393,10.471844618060516,10.169341681066845
1788,U_2328_inc,U_2328_inc (forward),Forward,False,Test,diamond,increase resistance to colchicine,Drug / Chemical / Environmental Response,Increased/decreased drug resistance,bidirectional,bidirectional,Knockout,Retinal Pigment Epithelium Cell Line,hTERT-RPE1,1010,2024,Lin K (2024),38291084,3.4540021419525146,3.4765846729278564,10.711648218235288,10.460840116915636
1789,U_2328_merged,U_2328_merged (forward),Forward,False,Test,diamond,either increases or decreases resistance to colchicine,Drug / Chemical / Environmental Response,Increased/decreased drug resistance,Positive and Negative Selection,bidirectional,Knockout,Retinal Pigment Epithelium Cell Line,hTERT-RPE1,1010,2024,Lin K (2024),38291084,1.5972312688827515,3.101459503173828,9.617931813306825,10.052970650469378
1790,U_2329_dec,U_2329_dec (forward),Forward,False,Test,diamond,decrease resistance to colchicine,Drug / Chemical / Environmental Response,Increased/decreased drug resistance,bidirectional,bidirectional,Knockout,Retinal Pigment Epithelium Cell Line,hTERT-RPE1,1010,2024,Lin K (2024),38291084,1.6384934186935425,3.1193835735321045,10.687242883840216,10.467472189052495
1791,U_2329_inc,U_2329_inc (forward),Forward,False,Test,diamond,increase resistance to colchicine,Drug / Chemical / Environmental Response,Increased/decreased drug resistance,bidirectional,bidirectional,Knockout,Retinal Pigment Epithelium Cell Line,hTERT-RPE1,1010,2024,Lin K (2024),38291084,3.3045341968536377,3.4872865676879883,11.508673444575553,10.121994696754175
1792,U_2329_merged,U_2329_merged (forward),Forward,False,Test,diamond,either increases or decreases resistance to colchicine,Drug / Chemical / Environmental Response,Increased/decreased drug resistance,Positive and Negative Selection,bidirectional,Knockout,Retinal Pigment Epithelium Cell Line,hTERT-RPE1,1010,2024,Lin K (2024),38291084,1.6237518787384033,3.1173877716064453,10.323604146020543,9.944335776388044
1793,U_2330_dec,U_2330_dec (forward),Forward,False,Test,diamond,decrease resistance to colchicine,Drug / Chemical / Environmental Response,Increased/decreased drug resistance,bidirectional,bidirectional,Knockout,Retinal Pigment Epithelium Cell Line,hTERT-RPE1,1010,2024,Lin K (2024),38291084,1.6430599689483643,3.1064932346343994,10.670827895669659,10.445015526209792
1794,U_2330_inc,U_2330_inc (forward),Forward,False,Test,diamond,increase resistance to colchicine,Drug / Chemical / Environmental Response,Increased/decreased drug resistance,bidirectional,bidirectional,Knockout,Retinal Pigment Epithelium Cell Line,hTERT-RPE1,1010,2024,Lin K (2024),38291084,3.2557990550994873,3.4878811836242676,9.582233907323953,9.13521326674649
1795,U_2330_merged,U_2330_merged (forward),Forward,False,Test,diamond,either increases or decreases resistance to colchicine,Drug / Chemical / Environmental Response,Increased/decreased drug resistance,Positive and Negative Selection,bidirectional,Knockout,Retinal Pigment Epithelium Cell Line,hTERT-RPE1,1010,2024,Lin K (2024),38291084,1.632529854774475,3.107828140258789,9.737102757396348,9.156455306121195
1796,U_2331_dec,U_2331_dec (forward),Forward,False,Test,diamond,decrease resistance to colchicine,Drug / Chemical / Environmental Response,Increased/decreased drug resistance,bidirectional,bidirectional,Knockout,Retinal Pigment Epithelium Cell Line,hTERT-RPE1,1010,2024,Lin K (2024),38291084,1.6353718042373657,3.1060433387756348,10.787484386055235,10.393585005329012
1797,U_2331_inc,U_2331_inc (forward),Forward,False,Test,diamond,increase resistance to colchicine,Drug / Chemical / Environmental Response,Increased/decreased drug resistance,bidirectional,bidirectional,Knockout,Retinal Pigment Epithelium Cell Line,hTERT-RPE1,1010,2024,Lin K (2024),38291084,3.2919225692749023,3.455779552459717,10.575696967121592,10.234357917363543
1798,U_2331_merged,U_2331_merged (forward),Forward,False,Test,diamond,either increases or decreases resistance to colchicine,Drug / Chemical / Environmental Response,Increased/decreased drug resistance,Positive and Negative Selection,bidirectional,Knockout,Retinal Pigment Epithelium Cell Line,hTERT-RPE1,1010,2024,Lin K (2024),38291084,1.668575406074524,3.088233470916748,10.57764010118873,10.0533146460134
1799,U_2332_dec,U_2332_dec (forward),Forward,False,Test,diamond,decrease camptothecin resistance,Drug / Chemical / Environmental Response,Increased/decreased drug resistance,bidirectional,bidirectional,Knockout,Retinal Pigment Epithelium Cell Line,hTERT-RPE1,1010,2024,Lin K (2024),38291084,2.9817261695861816,2.9030840396881104,11.018555301117157,9.904378573089307
1800,U_2332_inc,U_2332_inc (forward),Forward,False,Test,diamond,increase camptothecin resistance,Drug / Chemical / Environmental Response,Increased/decreased drug resistance,bidirectional,bidirectional,Knockout,Retinal Pigment Epithelium Cell Line,hTERT-RPE1,1010,2024,Lin K (2024),38291084,2.964353322982788,3.542492151260376,5.8347544799818545,9.066769034588475
1801,U_2332_merged,U_2332_merged (forward),Forward,False,Test,diamond,either increases or decreases camptothecin resistance,Drug / Chemical / Environmental Response,Increased/decreased drug resistance,Positive and Negative Selection,bidirectional,Knockout,Retinal Pigment Epithelium Cell Line,hTERT-RPE1,1010,2024,Lin K (2024),38291084,2.749310255050659,3.1912124156951904,8.48066514579955,9.128960470731368
1802,U_2333_dec,U_2333_dec (forward),Forward,False,Test,diamond,decrease camptothecin resistance,Drug / Chemical / Environmental Response,Increased/decreased drug resistance,bidirectional,bidirectional,Knockout,Retinal Pigment Epithelium Cell Line,hTERT-RPE1,1010,2024,Lin K (2024),38291084,2.9667716026306152,2.902564287185669,11.033629124172293,10.115319188182955
1803,U_2333_inc,U_2333_inc (forward),Forward,False,Test,diamond,increase camptothecin resistance,Drug / Chemical / Environmental Response,Increased/decreased drug resistance,bidirectional,bidirectional,Knockout,Retinal Pigment Epithelium Cell Line,hTERT-RPE1,1010,2024,Lin K (2024),38291084,2.9422290325164795,3.512960910797119,7.399137426865804,9.164867389561898
1804,U_2333_merged,U_2333_merged (forward),Forward,False,Test,diamond,either increases or decreases camptothecin resistance,Drug / Chemical / Environmental Response,Increased/decreased drug resistance,Positive and Negative Selection,bidirectional,Knockout,Retinal Pigment Epithelium Cell Line,hTERT-RPE1,1010,2024,Lin K (2024),38291084,2.731839656829834,3.1480112075805664,10.159487914517824,9.700710818321063
1805,U_2334_dec,U_2334_dec (forward),Forward,False,Test,diamond,decrease camptothecin resistance,Drug / Chemical / Environmental Response,Increased/decreased drug resistance,bidirectional,bidirectional,Knockout,Retinal Pigment Epithelium Cell Line,hTERT-RPE1,1010,2024,Lin K (2024),38291084,2.92067813873291,2.8761484622955322,11.10142446524901,9.917274790484226
1806,U_2334_inc,U_2334_inc (forward),Forward,False,Test,diamond,increase camptothecin resistance,Drug / Chemical / Environmental Response,Increased/decreased drug resistance,bidirectional,bidirectional,Knockout,Retinal Pigment Epithelium Cell Line,hTERT-RPE1,1010,2024,Lin K (2024),38291084,2.943413019180298,3.5113751888275146,8.97393122764881,9.907153808882752
1807,U_2334_merged,U_2334_merged (forward),Forward,False,Test,diamond,either increases or decreases camptothecin resistance,Drug / Chemical / Environmental Response,Increased/decreased drug resistance,Positive and Negative Selection,bidirectional,Knockout,Retinal Pigment Epithelium Cell Line,hTERT-RPE1,1010,2024,Lin K (2024),38291084,2.7272679805755615,3.1383988857269287,10.648209596369892,10.150025945332251
1808,U_2335_dec,U_2335_dec (forward),Forward,False,Test,diamond,decrease camptothecin resistance,Drug / Chemical / Environmental Response,Increased/decreased drug resistance,bidirectional,bidirectional,Knockout,Retinal Pigment Epithelium Cell Line,hTERT-RPE1,1010,2024,Lin K (2024),38291084,2.943328380584717,2.8810553550720215,11.132570461925283,9.762988562762139
1809,U_2335_inc,U_2335_inc (forward),Forward,False,Test,diamond,increase camptothecin resistance,Drug / Chemical / Environmental Response,Increased/decreased drug resistance,bidirectional,bidirectional,Knockout,Retinal Pigment Epithelium Cell Line,hTERT-RPE1,1010,2024,Lin K (2024),38291084,2.9840786457061768,3.5190465450286865,9.980630992064441,10.001840935872092
1810,U_2335_merged,U_2335_merged (forward),Forward,False,Test,diamond,either increases or decreases camptothecin resistance,Drug / Chemical / Environmental Response,Increased/decreased drug resistance,Positive and Negative Selection,bidirectional,Knockout,Retinal Pigment Epithelium Cell Line,hTERT-RPE1,1010,2024,Lin K (2024),38291084,2.7060017585754395,3.1543846130371094,10.876470893662104,10.228900179228946
1811,U_2336_dec,U_2336_dec (forward),Forward,False,Test,diamond,decrease hydroxyurea resistance,Drug / Chemical / Environmental Response,Increased/decreased drug resistance,bidirectional,bidirectional,Knockout,Retinal Pigment Epithelium Cell Line,hTERT-RPE1,1010,2024,Lin K (2024),38291084,4.022584915161133,3.097398519515991,9.638008165932883,8.2040184584579
1812,U_2337_dec,U_2337_dec (forward),Forward,False,Test,diamond,decrease resistance to hydroxyurea,Drug / Chemical / Environmental Response,Increased/decreased drug resistance,bidirectional,bidirectional,Knockout,Retinal Pigment Epithelium Cell Line,hTERT-RPE1,1010,2024,Lin K (2024),38291084,4.031590461730957,3.052354335784912,9.996600138158987,9.612279977867113
1813,U_2337_inc,U_2337_inc (forward),Forward,False,Test,diamond,increase resistance to hydroxyurea,Drug / Chemical / Environmental Response,Increased/decreased drug resistance,bidirectional,bidirectional,Knockout,Retinal Pigment Epithelium Cell Line,hTERT-RPE1,1010,2024,Lin K (2024),38291084,3.0745468139648438,3.5130276679992676,10.732474563240146,9.067706970431875
1814,U_2337_merged,U_2337_merged (forward),Forward,False,Test,diamond,either increases or decreases resistance to hydroxyurea,Drug / Chemical / Environmental Response,Increased/decreased drug resistance,Positive and Negative Selection,bidirectional,Knockout,Retinal Pigment Epithelium Cell Line,hTERT-RPE1,1010,2024,Lin K (2024),38291084,3.8803722858428955,3.260190963745117,10.980050418206947,10.228780272191969
1815,U_2338_dec,U_2338_dec (forward),Forward,False,Test,diamond,decrease hydroxyurea resistance,Drug / Chemical / Environmental Response,Increased/decreased drug resistance,bidirectional,bidirectional,Knockout,Retinal Pigment Epithelium Cell Line,hTERT-RPE1,1010,2024,Lin K (2024),38291084,3.956332206726074,3.2201650142669678,10.656187223224707,10.13610983344912
1816,U_2338_inc,U_2338_inc (forward),Forward,False,Test,diamond,increase hydroxyurea resistance,Drug / Chemical / Environmental Response,Increased/decreased drug resistance,bidirectional,bidirectional,Knockout,Retinal Pigment Epithelium Cell Line,hTERT-RPE1,1010,2024,Lin K (2024),38291084,3.2074849605560303,3.5529592037200928,8.900868999595419,10.03372327233198
1817,U_2338_merged,U_2338_merged (forward),Forward,False,Test,diamond,either increases or decreases hydroxyurea resistance,Drug / Chemical / Environmental Response,Increased/decreased drug resistance,Positive and Negative Selection,bidirectional,Knockout,Retinal Pigment Epithelium Cell Line,hTERT-RPE1,1010,2024,Lin K (2024),38291084,3.7621171474456787,3.320620536804199,10.636637385315352,10.272028105373433
1818,U_2339_dec,U_2339_dec (forward),Forward,False,Test,diamond,decrease olaparib resistance,Drug / Chemical / Environmental Response,Increased/decreased drug resistance,bidirectional,bidirectional,Knockout,Retinal Pigment Epithelium Cell Line,hTERT-RPE1,1010,2024,Lin K (2024),38291084,2.919945478439331,2.867333173751831,10.138651507753831,9.889741480508713
1819,U_2339_inc,U_2339_inc (forward),Forward,False,Test,diamond,increase olaparib resistance,Drug / Chemical / Environmental Response,Increased/decreased drug resistance,bidirectional,bidirectional,Knockout,Retinal Pigment Epithelium Cell Line,hTERT-RPE1,1010,2024,Lin K (2024),38291084,3.07002329826355,3.6260900497436523,10.73861650087525,7.484077076397252
1820,U_2339_merged,U_2339_merged (forward),Forward,False,Test,diamond,either increases or decreases olaparib resistance,Drug / Chemical / Environmental Response,Increased/decreased drug resistance,Positive and Negative Selection,bidirectional,Knockout,Retinal Pigment Epithelium Cell Line,hTERT-RPE1,1010,2024,Lin K (2024),38291084,2.8392350673675537,3.171097993850708,9.09522250404653,9.956653681638329
1821,U_2340_dec,U_2340_dec (forward),Forward,False,Test,diamond,decrease resistance to olaparib,Drug / Chemical / Environmental Response,Increased/decreased drug resistance,bidirectional,bidirectional,Knockout,Retinal Pigment Epithelium Cell Line,hTERT-RPE1,1010,2024,Lin K (2024),38291084,2.934605121612549,2.840007781982422,11.028329622606481,10.088959098309774
1822,U_2340_inc,U_2340_inc (forward),Forward,False,Test,diamond,increase resistance to olaparib,Drug / Chemical / Environmental Response,Increased/decreased drug resistance,bidirectional,bidirectional,Knockout,Retinal Pigment Epithelium Cell Line,hTERT-RPE1,1010,2024,Lin K (2024),38291084,2.988323450088501,3.561363935470581,10.323731114263941,9.801074142756981
1823,U_2340_merged,U_2340_merged (forward),Forward,False,Test,diamond,either increases or decreases resistance to olaparib,Drug / Chemical / Environmental Response,Increased/decreased drug resistance,Positive and Negative Selection,bidirectional,Knockout,Retinal Pigment Epithelium Cell Line,hTERT-RPE1,1010,2024,Lin K (2024),38291084,2.717811346054077,3.102248191833496,11.005347020137332,10.321408693541583
1824,U_2341_dec,U_2341_dec (forward),Forward,False,Test,diamond,decrease olaparib resistance,Drug / Chemical / Environmental Response,Increased/decreased drug resistance,bidirectional,bidirectional,Knockout,Retinal Pigment Epithelium Cell Line,hTERT-RPE1,1010,2024,Lin K (2024),38291084,2.8919363021850586,2.8904600143432617,10.950387587135875,10.416441678900076
1825,U_2341_inc,U_2341_inc (forward),Forward,False,Test,diamond,increase olaparib resistance,Drug / Chemical / Environmental Response,Increased/decreased drug resistance,bidirectional,bidirectional,Knockout,Retinal Pigment Epithelium Cell Line,hTERT-RPE1,1010,2024,Lin K (2024),38291084,2.944809913635254,3.4861953258514404,10.09461778085606,9.441941588381205
1826,U_2341_merged,U_2341_merged (forward),Forward,False,Test,diamond,either increases or decreases olaparib resistance,Drug / Chemical / Environmental Response,Increased/decreased drug resistance,Positive and Negative Selection,bidirectional,Knockout,Retinal Pigment Epithelium Cell Line,hTERT-RPE1,1010,2024,Lin K (2024),38291084,2.6661343574523926,3.1271438598632812,10.70235782937037,10.240171059727219
1827,U_2342_dec,U_2342_dec (forward),Forward,False,Test,diamond,decrease resistance to olaparib,Drug / Chemical / Environmental Response,Increased/decreased drug resistance,bidirectional,bidirectional,Knockout,Retinal Pigment Epithelium Cell Line,hTERT-RPE1,1010,2024,Lin K (2024),38291084,2.866896152496338,2.8940176963806152,11.001527839926517,10.468234143929658
1828,U_2342_inc,U_2342_inc (forward),Forward,False,Test,diamond,increase resistance to olaparib,Drug / Chemical / Environmental Response,Increased/decreased drug resistance,bidirectional,bidirectional,Knockout,Retinal Pigment Epithelium Cell Line,hTERT-RPE1,1010,2024,Lin K (2024),38291084,3.005591869354248,3.5243895053863525,10.365759281709988,10.248624293348097
1829,U_2342_merged,U_2342_merged (forward),Forward,False,Test,diamond,either increases or decreases resistance to olaparib,Drug / Chemical / Environmental Response,Increased/decreased drug resistance,Positive and Negative Selection,bidirectional,Knockout,Retinal Pigment Epithelium Cell Line,hTERT-RPE1,1010,2024,Lin K (2024),38291084,2.6683969497680664,3.0689609050750732,10.656938442881222,10.444633302704474
1830,2345,2345 (forward),Forward,False,Test,diamond,increases sensitivity to olaparib as measured by decreased proliferation in MCF10A TP53-/- cells exposed to olaparib,Drug / Chemical / Environmental Response,Increased sensitivity to drug,Negative Selection,unidirectional,Knockout,Mammary Epithelial Cell Line,MCF-10A,17967,2023,Zelceski A (2023),37163373,3.9366981983184814,-0.7390831112861633,7.8594392603677115,4.8812289592308105
1831,2346,2346 (forward),Forward,False,Test,diamond,increases talazoparib sensitivity as measured by decreased cell proliferation in the presence of talazoparib,Drug / Chemical / Environmental Response,Increased sensitivity to drug,Negative Selection,unidirectional,Knockout,Mammary Epithelial Cell Line,MCF-10A,17967,2023,Zelceski A (2023),37163373,3.8712234497070312,-0.643243134021759,6.392965225285739,6.908671784804995
1832,2347,2347 (forward),Forward,False,Test,diamond,"increases sensitivity to olaparib, as measured by decreased cell proliferation in olaparib-treated MCF10A TP53-/- cells",Drug / Chemical / Environmental Response,Increased sensitivity to drug,Negative Selection,unidirectional,Inhibition,Mammary Epithelial Cell Line,MCF-10A,17774,2023,Zelceski A (2023),37163373,4.582345008850098,-4.9944891929626465,0.9808704813128494,8.37593443336386
1833,2348,2348 (forward),Forward,False,Test,diamond,"increases sensitivity to talazoparib, as measured by decreased proliferation of MCF10A TP53-/- cells",Drug / Chemical / Environmental Response,Increased sensitivity to drug,Negative Selection,unidirectional,Inhibition,Mammary Epithelial Cell Line,MCF-10A,17774,2023,Zelceski A (2023),37163373,2.948394298553467,2.6817989349365234,5.627828213388396,8.367966081440048
1834,2358,2358 (forward),Forward,False,Test,diamond,increases resistance to ATR inhibition (berzosertib) in gastric cancer cells,Drug / Chemical / Environmental Response,Increased drug resistance,Positive Selection,unidirectional,Knockout,Gastric Cancer Cell Line,YCC-6,16349,2022,Llorca-Cardenosa MJ (2022),36273494,4.577409744262695,4.605134963989258,10.958813394793278,10.82016857717132
1835,U_2360_inc,U_2360_inc (forward),Forward,False,Test,diamond,increase SARS-CoV-2 infection,Host-Pathogen / Infection Response,Increased/decreased resistance to virus,bidirectional,bidirectional,Knockout,Huh-7 Cell,Huh-7.5,12108,2024,Le Pen J (2024),39316623,3.1499340534210205,-3.264209508895874,3.295031683163191,8.389943255721917
1836,U_2360_dec,U_2360_dec (forward),Forward,False,Test,diamond,decrease SARS-CoV-2 infection,Host-Pathogen / Infection Response,Increased/decreased resistance to virus,bidirectional,bidirectional,Knockout,Huh-7 Cell,Huh-7.5,12108,2024,Le Pen J (2024),39316623,4.07497501373291,3.6370019912719727,7.877079711135756,9.585831762075106
1837,U_2360_merged,U_2360_merged (forward),Forward,False,Test,diamond,either increases or decreases SARS-CoV-2 infection,Host-Pathogen / Infection Response,Increased/decreased resistance to virus,Positive and Negative Selection,bidirectional,Knockout,Huh-7 Cell,Huh-7.5,12108,2024,Le Pen J (2024),39316623,3.1625168323516846,-3.3215785026550293,2.017880938876251,8.162377509710929
1838,U_2361_inc,U_2361_inc (forward),Forward,False,Test,diamond,increase SARS-CoV-2 infection level,Host-Pathogen / Infection Response,Increased/decreased resistance to virus,bidirectional,bidirectional,Knockout,Huh-7 Cell,Huh-7.5,12108,2024,Le Pen J (2024),39316623,3.1343138217926025,-3.2123899459838867,8.420326368045249,5.614692707621414
1839,U_2361_dec,U_2361_dec (forward),Forward,False,Test,diamond,decrease SARS-CoV-2 infection level,Host-Pathogen / Infection Response,Increased/decreased resistance to virus,bidirectional,bidirectional,Knockout,Huh-7 Cell,Huh-7.5,12108,2024,Le Pen J (2024),39316623,4.319741249084473,5.620954513549805,8.12049483118098,10.043111472258733
1840,U_2361_merged,U_2361_merged (forward),Forward,False,Test,diamond,either increases or decreases SARS-CoV-2 infection level,Host-Pathogen / Infection Response,Increased/decreased resistance to virus,Positive and Negative Selection,bidirectional,Knockout,Huh-7 Cell,Huh-7.5,12108,2024,Le Pen J (2024),39316623,3.137664556503296,-3.213538646697998,6.935847453964683,6.552624746378017
1841,2373,2373 (forward),Forward,False,Test,diamond,impacts viability,Drug / Chemical / Environmental Response,Selenocysteine-dependent regulation of ferroptosis,Negative Selection,recovered_bidirectional,Knockout,Neuroblastoma Cell Line,SK-N-DZ SCLY-deficient cells (SCLY-KO),17988,2024,Chen Z (2024),39547224,4.877709865570068,4.390929698944092,10.979507467795449,10.733317775841861
1842,2402,2402 (forward),Forward,False,Test,diamond,increases resistance to Panton-Valentine leukocidin (PVL) as measured by increased cell proliferation in its presence,Drug / Chemical / Environmental Response,Increased resistance to toxin,Positive Selection,unidirectional,Knockout,Monocytic Leukemia Cell Line,THP-1,19008,2023,Jeon Y (2023),36977592,5.218297004699707,4.306146621704102,10.974008769847412,10.692295689399254
1843,2404,2404 (forward),Forward,False,Test,diamond,"increases inner nuclear membrane (INM) substrate protein accumulation, as measured by LBR1600*S11 accumulation and increased nuclear GFP fluorescence",Trafficking / Localization / Structural Phenotypes,Regulators of inner nuclear membrane (INM) protein degradation,Phenotype Screen,unidirectional,Knockout,Cervical Adenocarcinoma Cell Line,HeLa,19005,2022,Tsai PL (2022),36417855,5.127989768981934,3.188391923904419,10.76493407558505,10.609060763993439
1844,2406,2406 (forward),Forward,False,Test,diamond,decreases productive HIV-1 LAI infection in Jurkat-CCR5 cells,Host-Pathogen / Infection Response,Increased resistance to virus,Negative Selection,unidirectional,Knockout,T-lymphoblastic leukemia cell line,Jurkat,525,2023,Montoya VR (2023),36744886,4.577479362487793,3.3433704376220703,10.599452660551275,8.857877685807201
1845,2407,2407 (forward),Forward,False,Test,diamond,decreases productive HIV-1 LAI infection in Jurkat-CCR5 cells,Host-Pathogen / Infection Response,Increased resistance to virus,Negative Selection,unidirectional,Knockout,T-lymphoblastic leukemia cell line,Jurkat,525,2023,Montoya VR (2023),36744886,4.5941386222839355,3.308131217956543,9.91397152826059,8.605391016264658
1846,2408,2408 (forward),Forward,False,Test,diamond,"increases resistance to viral infection, as measured by decreased productive VSV-G–pseudotyped HIV-1 infection in Jurkat-CCR5 cells",Host-Pathogen / Infection Response,Increased resistance to virus,Negative Selection,unidirectional,Knockout,T-lymphoblastic leukemia cell line,Jurkat,525,2023,Montoya VR (2023),36744886,4.564024925231934,3.3685531616210938,10.611127528072545,10.431662991916003
1847,2409,2409 (forward),Forward,False,Test,diamond,decreases productive HIV-1 CH470TF infection in Jurkat-CCR5 cells,Host-Pathogen / Infection Response,Increased resistance to virus,Negative Selection,unidirectional,Knockout,T-lymphoblastic leukemia cell line,Jurkat,525,2023,Montoya VR (2023),36744886,4.566878795623779,3.280634880065918,10.6873097052328,10.472619630703859
1848,2410,2410 (forward),Forward,False,Test,diamond,increases resistance to HIV-1 Q23BG505 infection as measured by decreased productive infection,Host-Pathogen / Infection Response,Increased resistance to virus,Negative Selection,unidirectional,Knockout,T-lymphoblastic leukemia cell line,Jurkat,525,2023,Montoya VR (2023),36744886,4.5404486656188965,3.3217945098876953,9.609608541885056,9.968560830538626
1849,U_2419_inc,U_2419_inc (forward),Forward,False,Test,diamond,increase sensitivity to bortezomib,Drug / Chemical / Environmental Response,Increased/decreased drug resistance,bidirectional,bidirectional,Knockout,Immortal Human Peripheral Neuron Cell Line,U-266 cell,15625,2023,Findlay S (2023),36920785,5.05741548538208,4.242811679840088,10.520848320983285,10.522092574524851
1850,U_2419_dec,U_2419_dec (forward),Forward,False,Test,diamond,decrease sensitivity to bortezomib,Drug / Chemical / Environmental Response,Increased/decreased drug resistance,bidirectional,bidirectional,Knockout,Immortal Human Peripheral Neuron Cell Line,U-266 cell,15625,2023,Findlay S (2023),36920785,5.0800604820251465,4.548703670501709,10.583941772982177,10.436246739362883
1851,U_2419_merged,U_2419_merged (forward),Forward,False,Test,diamond,either increases or decreases sensitivity to bortezomib,Drug / Chemical / Environmental Response,Increased/decreased drug resistance,Positive and Negative Selection,bidirectional,Knockout,Immortal Human Peripheral Neuron Cell Line,U-266 cell,15625,2023,Findlay S (2023),36920785,5.0452728271484375,3.991837501525879,8.764605376146122,9.363863202604534
1852,U_2420_inc,U_2420_inc (forward),Forward,False,Test,diamond,increase bortezomib sensitivity,Drug / Chemical / Environmental Response,Increased/decreased drug resistance,bidirectional,bidirectional,Knockout,immortal human bone marrow-derived cell line,JJN-3,15625,2023,Findlay S (2023),36920785,4.1485981941223145,4.805708408355713,10.924953332584675,10.798176074625028
1853,U_2420_dec,U_2420_dec (forward),Forward,False,Test,diamond,decrease bortezomib sensitivity,Drug / Chemical / Environmental Response,Increased/decreased drug resistance,bidirectional,bidirectional,Knockout,immortal human bone marrow-derived cell line,JJN-3,15625,2023,Findlay S (2023),36920785,4.25587272644043,4.9201555252075195,10.916857822507275,10.808760516849194
1854,U_2420_merged,U_2420_merged (forward),Forward,False,Test,diamond,either increases or decreases bortezomib sensitivity,Drug / Chemical / Environmental Response,Increased/decreased drug resistance,Positive and Negative Selection,bidirectional,Knockout,immortal human bone marrow-derived cell line,JJN-3,15625,2023,Findlay S (2023),36920785,4.144115447998047,4.877894878387451,10.922235191465855,10.800691908458
1855,U_2421_inc,U_2421_inc (forward),Forward,False,Test,diamond,increase IL-2 production in CD4+ T cells,Molecular Output / Reporter / Pathway Activity,Regulation of stimulation-responsive cytokine production,bidirectional,bidirectional,Activation,T cell,Primary T-cells,18800,2022,Schmidt R (2022),35113687,2.8521430492401123,5.420264720916748,10.989065485233082,10.853370390834023
1856,U_2421_dec,U_2421_dec (forward),Forward,False,Test,diamond,decrease IL-2 production in CD4+ T cells,Molecular Output / Reporter / Pathway Activity,Regulation of stimulation-responsive cytokine production,bidirectional,bidirectional,Activation,T cell,Primary T-cells,18800,2022,Schmidt R (2022),35113687,2.650081157684326,5.5915374755859375,10.984493403567637,10.845731976845048
1857,U_2421_merged,U_2421_merged (forward),Forward,False,Test,diamond,either increases or decreases IL-2 production in CD4+ T cells,Molecular Output / Reporter / Pathway Activity,Regulation of stimulation-responsive cytokine production,Phenotype Screen,bidirectional,Activation,T cell,Primary T-cells,18800,2022,Schmidt R (2022),35113687,2.678948402404785,5.528563976287842,10.987845353301022,10.85254549487145
1858,U_2422_inc,U_2422_inc (forward),Forward,False,Test,diamond,increase IFN-gamma production in primary CD8+ T cells,Molecular Output / Reporter / Pathway Activity,Regulation of stimulation-responsive cytokine production,bidirectional,bidirectional,Activation,T cell,Primary T-cells,18800,2022,Schmidt R (2022),35113687,2.8676304817199707,5.405154705047607,10.985921319670327,10.848816736963096
1859,U_2422_dec,U_2422_dec (forward),Forward,False,Test,diamond,decrease IFN-gamma production in primary CD8+ T cells,Molecular Output / Reporter / Pathway Activity,Regulation of stimulation-responsive cytokine production,bidirectional,bidirectional,Activation,T cell,Primary T-cells,18800,2022,Schmidt R (2022),35113687,2.6043155193328857,5.608859539031982,10.98553136677282,10.848756187297113
1860,U_2422_merged,U_2422_merged (forward),Forward,False,Test,diamond,either increases or decreases IFN-gamma production in primary CD8+ T cells,Molecular Output / Reporter / Pathway Activity,Regulation of stimulation-responsive cytokine production,Phenotype Screen,bidirectional,Activation,T cell,Primary T-cells,18800,2022,Schmidt R (2022),35113687,2.703373908996582,5.499275207519531,10.985826264223842,10.849253636362242
1861,U_2423_inc,U_2423_inc (forward),Forward,False,Test,diamond,increase IL-2 production by CD4+ T cells,Molecular Output / Reporter / Pathway Activity,Regulation of stimulation-responsive cytokine production,bidirectional,bidirectional,Inhibition,T cell,Primary T-cells,18811,2022,Schmidt R (2022),35113687,4.683010578155518,-0.2805829346179962,6.644988539480401,8.051571391635845
1862,U_2423_dec,U_2423_dec (forward),Forward,False,Test,diamond,decrease IL-2 production by CD4+ T cells,Molecular Output / Reporter / Pathway Activity,Regulation of stimulation-responsive cytokine production,bidirectional,bidirectional,Inhibition,T cell,Primary T-cells,18811,2022,Schmidt R (2022),35113687,3.0124731063842773,5.251572132110596,10.987211717238306,10.843351671161248
1863,U_2423_merged,U_2423_merged (forward),Forward,False,Test,diamond,either increases or decreases IL-2 production by CD4+ T cells,Molecular Output / Reporter / Pathway Activity,Regulation of stimulation-responsive cytokine production,Phenotype Screen,bidirectional,Inhibition,T cell,Primary T-cells,18811,2022,Schmidt R (2022),35113687,4.727593898773193,-0.20577526092529297,9.188359563556562,5.785642224500876
1864,U_2424_inc,U_2424_inc (forward),Forward,False,Test,diamond,increase IFN-gamma production in primary CD8+ T cells,Molecular Output / Reporter / Pathway Activity,Regulation of stimulation-responsive cytokine production,bidirectional,bidirectional,Inhibition,T cell,Primary T-cells,18811,2022,Schmidt R (2022),35113687,4.700923442840576,-0.28190115094184875,8.267518159926082,6.93717324210889
1865,U_2424_dec,U_2424_dec (forward),Forward,False,Test,diamond,decrease IFN-gamma production in primary CD8+ T cells,Molecular Output / Reporter / Pathway Activity,Regulation of stimulation-responsive cytokine production,bidirectional,bidirectional,Inhibition,T cell,Primary T-cells,18811,2022,Schmidt R (2022),35113687,3.0757768154144287,5.216142177581787,10.651880525142705,10.492577723288827
1866,U_2424_merged,U_2424_merged (forward),Forward,False,Test,diamond,either increases or decreases IFN-gamma production in primary CD8+ T cells,Molecular Output / Reporter / Pathway Activity,Regulation of stimulation-responsive cytokine production,Phenotype Screen,bidirectional,Inhibition,T cell,Primary T-cells,18811,2022,Schmidt R (2022),35113687,4.748631477355957,-0.13537557423114777,9.078155970339738,7.152782077228819
1867,U_2425_inc,U_2425_inc (forward),Forward,False,Test,diamond,increase IL-2 production by CD4+ T cells,Molecular Output / Reporter / Pathway Activity,Regulation of stimulation-responsive cytokine production,bidirectional,bidirectional,Activation,T cell,CD4+ T-cells,18800,2022,Schmidt R (2022),35113687,2.8403356075286865,5.424496650695801,10.986950998860223,10.851873299645034
1868,U_2425_dec,U_2425_dec (forward),Forward,False,Test,diamond,decrease IL-2 production by CD4+ T cells,Molecular Output / Reporter / Pathway Activity,Regulation of stimulation-responsive cytokine production,bidirectional,bidirectional,Activation,T cell,CD4+ T-cells,18800,2022,Schmidt R (2022),35113687,2.6409287452697754,5.5674638748168945,10.919367908925281,10.808922735246993
1869,U_2425_merged,U_2425_merged (forward),Forward,False,Test,diamond,either increases or decreases IL-2 production by CD4+ T cells,Molecular Output / Reporter / Pathway Activity,Regulation of stimulation-responsive cytokine production,Phenotype Screen,bidirectional,Activation,T cell,CD4+ T-cells,18800,2022,Schmidt R (2022),35113687,2.645374298095703,5.556245803833008,10.984293869545498,10.845706527697427
1870,U_2426_inc,U_2426_inc (forward),Forward,False,Test,diamond,increase IFN-gamma production in CD4+ T cells,Molecular Output / Reporter / Pathway Activity,Regulation of stimulation-responsive cytokine production,bidirectional,bidirectional,Activation,T cell,CD4+ T-cells,18800,2022,Schmidt R (2022),35113687,2.9278926849365234,5.357803821563721,10.987329899738096,10.846774840518979
1871,U_2426_dec,U_2426_dec (forward),Forward,False,Test,diamond,decrease IFN-gamma production in CD4+ T cells,Molecular Output / Reporter / Pathway Activity,Regulation of stimulation-responsive cytokine production,bidirectional,bidirectional,Activation,T cell,CD4+ T-cells,18800,2022,Schmidt R (2022),35113687,2.5966243743896484,5.59525203704834,10.9260202694712,10.803421398536424
1872,U_2426_merged,U_2426_merged (forward),Forward,False,Test,diamond,either increases or decreases IFN-gamma production in CD4+ T cells,Molecular Output / Reporter / Pathway Activity,Regulation of stimulation-responsive cytokine production,Phenotype Screen,bidirectional,Activation,T cell,CD4+ T-cells,18800,2022,Schmidt R (2022),35113687,2.6679625511169434,5.53216552734375,10.984337794323586,10.844846497336553
1873,U_2427_inc,U_2427_inc (forward),Forward,False,Test,diamond,increase TNF-alpha production by CD4+ T cells,Molecular Output / Reporter / Pathway Activity,Regulation of stimulation-responsive cytokine production,bidirectional,bidirectional,Activation,T cell,CD4+ T-cells,18800,2022,Schmidt R (2022),35113687,2.8708553314208984,5.402400493621826,10.98810033548641,10.851565223263686
1874,U_2427_dec,U_2427_dec (forward),Forward,False,Test,diamond,decrease TNF-alpha production by CD4+ T cells,Molecular Output / Reporter / Pathway Activity,Regulation of stimulation-responsive cytokine production,bidirectional,bidirectional,Activation,T cell,CD4+ T-cells,18800,2022,Schmidt R (2022),35113687,2.621793508529663,5.576839447021484,10.920099975305485,10.812381651478521
1875,U_2427_merged,U_2427_merged (forward),Forward,False,Test,diamond,either increases or decreases TNF-alpha production by CD4+ T cells,Molecular Output / Reporter / Pathway Activity,Regulation of stimulation-responsive cytokine production,Phenotype Screen,bidirectional,Activation,T cell,CD4+ T-cells,18800,2022,Schmidt R (2022),35113687,2.6986119747161865,5.5072197914123535,10.985742948258036,10.848784787772372
1876,2447,2447 (forward),Forward,False,Test,diamond,decreases viral resistance as measured by increased viral infection (GFP),Host-Pathogen / Infection Response,Decreased resistance to virus,Phenotype Screen,unidirectional,Knockout,Hepatoma Cell Line,HuH-7,20213,2025,Wu X (2025),40667754,6.175697326660156,4.333569049835205,10.984713172657651,10.845844683724696
1877,2448,2448 (forward),Forward,False,Test,diamond,increases resistance to viral infection as measured by decreased GFP-reported infection,Host-Pathogen / Infection Response,Increased resistance to virus,Phenotype Screen,unidirectional,Knockout,Hepatoma Cell Line,HuH-7,20213,2025,Wu X (2025),40667754,5.01015043258667,4.357639312744141,10.942275356375067,10.761817449627394
1878,2449,2449 (forward),Forward,False,Test,diamond,increases cisplatin resistance as measured by increased cell growth in the presence of cisplatin,Drug / Chemical / Environmental Response,Increased resistance to drug,Positive Selection,unidirectional,Knockout,Kidney Cell Line,HK-2,17325,2025,Wang S (2025),40632661,4.911506652832031,4.670891761779785,10.921059298970992,10.811054776267573
1879,2454,2454 (forward),Forward,False,Test,diamond,increases tunicamycin resistance as measured by increased growth in the presence of tunicamycin,Drug / Chemical / Environmental Response,Increased drug resistance,Positive Selection,unidirectional,Knockout,iPSC derived cell line,CAMi014-A,4390,2023,Pavlou S (2023),36894612,4.9618659019470215,4.663656234741211,10.986893750826376,10.847725722339558
1880,2456,2456 (forward),Forward,False,Test,diamond,increases sensitivity to cisplatin (DDP) and etoposide (VP16) as measured by decreased cell proliferation,Drug / Chemical / Environmental Response,Increased sensitivity to drug,Negative Selection,unidirectional,Knockout,small cell lung cancer,NCI-H69AR,20360,2023,Deng L (2023),36725843,3.451948642730713,3.799983263015747,10.986858337502081,10.846769956221495
1881,2458,2458 (forward),Forward,False,Test,diamond,decreases cell proliferation,Fitness / Proliferation / Viability,Cell-essential genes,Negative Selection,unidirectional,Knockout,Monocytic Leukemia Cell Line,THP-1,3137,2023,Essletzbichler P (2023),36725334,4.072151184082031,-1.3450723886489868,3.39005447469871,7.69743976865645
1882,2459,2459 (forward),Forward,False,Test,diamond,increases resistance to thioparib as measured by increased cell growth in the presence of the drug,Drug / Chemical / Environmental Response,Increased drug resistance,Positive Selection,unidirectional,Knockout,Pancreatic Ductal Adenocarcinoma Cell Line,Capan-1,19012,2023,Wang LM (2023),36652375,4.496587753295898,0.8761131763458252,6.037681300671142,8.200234603219558
1883,2460,2460 (forward),Forward,False,Test,diamond,"increases thioparib sensitivity, as measured by decreased cell proliferation in the presence of thioparib",Drug / Chemical / Environmental Response,Increased sensitivity to drug,Negative Selection,unidirectional,Knockout,Pancreatic Ductal Adenocarcinoma Cell Line,Capan-1,19012,2023,Wang LM (2023),36652375,5.181431770324707,4.662306785583496,10.913439905124992,10.80175935212036
1884,2461,2461 (forward),Forward,False,Test,diamond,increases drug resistance to Cpd-391 as measured by increased growth in the presence of Cpd-391,Drug / Chemical / Environmental Response,Increased drug resistance,Positive Selection,unidirectional,Knockout,Pancreatic Ductal Adenocarcinoma Cell Line,Capan-1,19012,2023,Wang LM (2023),36652375,4.997848033905029,4.355384826660156,10.966708902517482,10.814179864319675
1885,2462,2462 (forward),Forward,False,Test,diamond,increases sensitivity to Cpd-391 as measured by decreased cell proliferation in the presence of Cpd-391,Drug / Chemical / Environmental Response,Increased sensitivity to drug,Negative Selection,unidirectional,Knockout,Pancreatic Ductal Adenocarcinoma Cell Line,Capan-1,19012,2023,Wang LM (2023),36652375,3.462965250015259,0.010786907747387886,5.94904440551161,7.501648647050612
1886,2463,2463 (forward),Forward,False,Test,diamond,decreases cell proliferation in A-673 cells,Fitness / Proliferation / Viability,Cell-essential genes,Negative Selection,unidirectional,Inhibition,Rhabdomyosarcoma Cell Line,A-673,728,2023,Li M (2023),37075745,4.408192157745361,-0.569679319858551,2.7900982853557275,8.02713704349242
1887,2465,2465 (forward),Forward,False,Test,diamond,increases rAAV2 transgene expression as measured by increased GFP protein accumulation,Host-Pathogen / Infection Response,Restriction factors of rAAV transgene expression,Phenotype Screen,unidirectional,Knockout,Lung Cancer Cell Line,A-549,20507,2023,Ngo AM (2023),36971544,4.838179588317871,3.946974754333496,11.070046038001948,10.087374076916422
1888,2466,2466 (forward),Forward,False,Test,diamond,increases rAAV (AAV2-GFP) transgene expression as measured by GFP protein accumulation,Host-Pathogen / Infection Response,Restriction factors of rAAV transgene expression,Phenotype Screen,unidirectional,Inhibition,Chronic Myeloid Leukemia Cell Line,K-562,18734,2023,Ngo AM (2023),36971544,4.80201530456543,3.789828062057495,10.966439301939877,10.401616833307049
1889,2467,2467 (forward),Forward,False,Test,diamond,"increases sensitivity to formaldehyde, as measured by decreased proliferation in the presence of formaldehyde",Drug / Chemical / Environmental Response,Increased sensitivity to drug,Negative Selection,unidirectional,Knockout,Retinal Pigment Epithelium Cell Line,hTERT-RPE1,17188,2023,Gao Y (2023),36693839,4.039181232452393,2.6443822383880615,11.320610398100271,9.3687352455749
1890,2468,2468 (forward),Forward,False,Test,diamond,increases sensitivity to formaldehyde as measured by decreased cell proliferation in the presence of formaldehyde,Drug / Chemical / Environmental Response,Increased sensitivity to drug,Negative Selection,unidirectional,Knockout,Retinal Pigment Epithelium Cell Line,hTERT-RPE1,17186,2023,Gao Y (2023),36693839,4.031968116760254,2.6474721431732178,11.155906156467724,9.952581835802826
1891,2470,2470 (forward),Forward,False,Test,diamond,decreases cell viability after radiation exposure,Drug / Chemical / Environmental Response,Decreased resistance to radiation,Negative Selection,unidirectional,Knockout,Thoracic SMARCA4-deficient undifferentiated tumor,SBC-5,1051,2025,Patel UA (2025),40899441,3.8964171409606934,4.283631324768066,10.960030166585025,7.833615203084549
1892,2471,2471 (forward),Forward,False,Test,diamond,decreases cell viability following radiation exposure,Drug / Chemical / Environmental Response,Decreased resistance to radiation,Negative Selection,unidirectional,Knockout,Thoracic SMARCA4-deficient undifferentiated tumor,SBC-5,1051,2025,Patel UA (2025),40899441,3.8987245559692383,4.272940635681152,9.921165948806143,9.922818755776852
1893,2472,2472 (forward),Forward,False,Test,diamond,decreases cell viability following radiation exposure,Drug / Chemical / Environmental Response,Decreased resistance to radiation,Negative Selection,unidirectional,Knockout,Thoracic SMARCA4-deficient undifferentiated tumor,SBC-5,1050,2025,Patel UA (2025),40899441,3.810412883758545,4.330106258392334,10.709984876972564,6.413866719024245
1894,2478,2478 (forward),Forward,False,Test,diamond,increases resistance to HRTV infection,Host-Pathogen / Infection Response,Increased resistance to virus,Positive Selection,unidirectional,Knockout,Embryonic Kidney Cell Line,HEK293T,20482,2023,Xia T (2023),36920967,5.03190803527832,4.714571475982666,10.916341269853119,10.818933762108633
1895,U_2485_dec,U_2485_dec (forward),Forward,False,Test,diamond,decrease stem cell survival,Fitness / Proliferation / Viability,Cell-essential and growth restrictive genes in stem cells,bidirectional,bidirectional,Knockout,Intestinal organoid model,Organoid: primary cell derived small intestinal organoid line,1799,2023,Lin L (2023),37883554,-4.9495530128479,1.8012503385543823,2.299635348584388,7.683068026612952
1896,U_2486_dec,U_2486_dec (forward),Forward,False,Test,diamond,decrease differentiated cell survival,Fitness / Proliferation / Viability,Cell-essential and growth restrictive genes in differentiated cells,bidirectional,bidirectional,Knockout,Intestinal organoid model,Organoid: primary cell derived small intestinal organoid line,1799,2023,Lin L (2023),37883554,-4.928938865661621,1.8328649997711182,-5.112312034057629,3.669495082895346
1897,U_2486_inc,U_2486_inc (forward),Forward,False,Test,diamond,increase differentiated cell survival,Fitness / Proliferation / Viability,Cell-essential and growth restrictive genes in differentiated cells,bidirectional,bidirectional,Knockout,Intestinal organoid model,Organoid: primary cell derived small intestinal organoid line,1799,2023,Lin L (2023),37883554,4.380458831787109,4.978102684020996,10.994160079298354,11.007075385307408
1898,U_2486_merged,U_2486_merged (forward),Forward,False,Test,diamond,either increases or decreases differentiated cell survival,Fitness / Proliferation / Viability,Cell-essential and growth restrictive genes in differentiated cells,Positive and Negative Selection,bidirectional,Knockout,Intestinal organoid model,Organoid: primary cell derived small intestinal organoid line,1799,2023,Lin L (2023),37883554,-4.952781677246094,1.806668996810913,-3.0467614528179547,4.598290106212948
1899,TR_2024_2038,TR_2024_2038 (forward),Forward,False,Test,diamond,increases resistance to Vaccinia virus infection,Host-Pathogen / Infection Response,Increased resistance to virus,Positive Selection,unidirectional,Knockout,Cervical Adenocarcinoma Cell Line,HeLa,20506,2022,Matía A (2022),36574441,5.659409999847412,5.9797682762146,10.985721131077486,10.848142542223123
1900,TR_2046_2047,TR_2046_2047 (forward),Forward,False,Test,diamond,"increases resistance to Vaccinia virus infection, as measured by increased cell survival after infection with D4R-deficient virus across multiple rounds at increasing MOI",Host-Pathogen / Infection Response,Increased resistance to virus,Positive Selection,unidirectional,Knockout,Cervical Adenocarcinoma Cell Line,HeLa,20506,2022,Matía A (2022),36574441,4.679582595825195,5.861673831939697,10.971449674410584,10.75911266119979
